video_file,timestamp_date,temperature_weather,patch_area_m2,floral_richness_type,nesting_proximity,lego_ring_scale_cm,camera_height_angle,track_id,first_frame,last_frame,duration_seconds,crop_image,unique_bee_event_id,reentry_probability,visit_type
WW-NJ-002_video_01.mp4,8/31/2026 13:20,"84F, Cloudy",1.25,High - coneflower,1m to bare soil,15,"0.8m height, 45-deg downward",12,1829,2166,11.28,bee_crops/WW-NJ-002_video_01_track_12.jpg,BEE_EVENT_0001,0,New Unique Individual
WW-NJ-004_video_04.mp4,8/16/2026 9:40,"80F, Cloudy",3.09,Medium - mixed native wildflowers,6m to dead stems,15,"1.2m height, 50-deg downward",1,1629,1852,7.46,bee_crops/WW-NJ-004_video_04_track_1.jpg,BEE_EVENT_0002,0,New Unique Individual
WW-NJ-003_video_07.mp4,8/5/2026 13:14,"70F, Cloudy",3.86,Medium - clover,1m to bare soil,15,"1.2m height, 50-deg downward",45,1764,1973,7.01,bee_crops/WW-NJ-003_video_07_track_45.jpg,BEE_EVENT_0003,0,New Unique Individual
WW-NJ-001_video_08.mp4,8/18/2026 10:29,"78F, Sunny",2.57,Low - mixed lawn flowers,1m to bare soil,15,"1.0m height, 45-deg downward",38,646,855,7.01,bee_crops/WW-NJ-001_video_08_track_38.jpg,BEE_EVENT_0004,0,New Unique Individual
WW-NJ-004_video_02.mp4,8/8/2026 13:34,"78F, Partly Cloudy",3.47,High - bee balm,8m to brush edge,15,"1.2m height, 50-deg downward",83,5208,5891,22.79,bee_crops/WW-NJ-004_video_02_track_83.jpg,BEE_EVENT_0005,0.491,New Unique Individual
WW-NJ-004_video_03.mp4,8/13/2026 15:22,"78F, Partly Cloudy",3,High - milkweed,10m to woodland edge,15,"0.8m height, 45-deg downward",41,5243,5646,13.45,bee_crops/WW-NJ-004_video_03_track_41.jpg,BEE_EVENT_0006,0,New Unique Individual
WW-NJ-002_video_04.mp4,8/20/2026 14:18,"72F, Partly Cloudy",2.4,Medium - aster,2m to bare soil,15,"1.2m height, 50-deg downward",75,5370,5550,6.02,bee_crops/WW-NJ-002_video_04_track_75.jpg,BEE_EVENT_0007,0,New Unique Individual
PL-NJ-005_video_07.mp4,8/7/2026 12:13,"70F, Partly Cloudy",2.38,High - goldenrod,10m to woodland edge,15,"0.9m height, 40-deg downward",77,4175,4523,11.62,bee_crops/PL-NJ-005_video_07_track_77.jpg,BEE_EVENT_0008,0.458,New Unique Individual
PL-NJ-004_video_05.mp4,8/19/2026 9:48,"76F, Sunny",2.98,Medium - mixed native wildflowers,3m to bare soil,15,"0.9m height, 40-deg downward",21,939,1225,9.56,bee_crops/PL-NJ-004_video_05_track_21.jpg,BEE_EVENT_0009,0,New Unique Individual
WW-NJ-005_video_09.mp4,9/1/2026 11:37,"84F, Partly Cloudy",3.59,High - mountain mint,3m to bare soil,15,"1.0m height, 45-deg downward",70,872,941,2.35,bee_crops/WW-NJ-005_video_09_track_70.jpg,BEE_EVENT_0010,0,New Unique Individual
PL-NJ-004_video_01.mp4,8/22/2026 14:36,"76F, Sunny",1.16,Medium - clover,2m to bare soil,15,"0.8m height, 45-deg downward",11,160,286,4.23,bee_crops/PL-NJ-004_video_01_track_11.jpg,BEE_EVENT_0011,0,New Unique Individual
WW-NJ-002_video_09.mp4,9/2/2026 11:13,"76F, Partly Cloudy",3.83,High - bee balm,6m to dead stems,15,"1.0m height, 45-deg downward",40,3894,4194,10.02,bee_crops/WW-NJ-002_video_09_track_40.jpg,BEE_EVENT_0012,0,New Unique Individual
PL-NJ-001_video_08.mp4,8/17/2026 16:12,"68F, Partly Cloudy",1.52,Medium - clover,1m to bare soil,15,"0.8m height, 45-deg downward",81,2031,2665,21.17,bee_crops/PL-NJ-001_video_08_track_81.jpg,BEE_EVENT_0012,0.92,Re-entry (P=92%)
PL-NJ-001_video_02.mp4,8/16/2026 12:22,"82F, Cloudy",1.49,High - bee balm,10m to woodland edge,15,"0.9m height, 40-deg downward",25,3977,4188,7.05,bee_crops/PL-NJ-001_video_02_track_25.jpg,BEE_EVENT_0012,0.53,Re-entry (P=53%)
PL-NJ-002_video_08.mp4,9/8/2026 9:48,"68F, Clear",3.95,High - coneflower,10m to woodland edge,15,"0.8m height, 45-deg downward",32,5354,5525,5.73,bee_crops/PL-NJ-002_video_08_track_32.jpg,BEE_EVENT_0012,0.641,Re-entry (P=64%)
WW-NJ-003_video_05.mp4,8/13/2026 13:00,"70F, Sunny",2.22,Medium - mixed native wildflowers,1m to bare soil,15,"1.0m height, 45-deg downward",22,618,880,8.78,bee_crops/WW-NJ-003_video_05_track_22.jpg,BEE_EVENT_0013,0,New Unique Individual
PL-NJ-003_video_04.mp4,9/8/2026 15:08,"76F, Clear",2.01,Medium - black-eyed Susan,4m to wood pile,15,"0.9m height, 40-deg downward",20,1349,1514,5.53,bee_crops/PL-NJ-003_video_04_track_20.jpg,BEE_EVENT_0013,0.823,Re-entry (P=82%)
PL-NJ-004_video_01.mp4,8/31/2026 14:08,"84F, Sunny",2.67,Medium - mixed native wildflowers,6m to dead stems,15,"0.8m height, 45-deg downward",24,411,613,6.76,bee_crops/PL-NJ-004_video_01_track_24.jpg,BEE_EVENT_0013,0.602,Re-entry (P=60%)
PL-NJ-002_video_02.mp4,8/20/2026 12:42,"80F, Clear",0.93,High - coneflower,2m to bare soil,15,"1.2m height, 50-deg downward",31,4871,5113,8.09,bee_crops/PL-NJ-002_video_02_track_31.jpg,BEE_EVENT_0013,0.645,Re-entry (P=65%)
PL-NJ-003_video_06.mp4,9/1/2026 10:05,"70F, Partly Cloudy",2.79,Low - mixed lawn flowers,6m to dead stems,15,"1.2m height, 50-deg downward",17,3755,3877,4.11,bee_crops/PL-NJ-003_video_06_track_17.jpg,BEE_EVENT_0014,0,New Unique Individual
WW-NJ-002_video_04.mp4,8/7/2026 13:15,"84F, Clear",3.47,High - mountain mint,8m to brush edge,15,"0.8m height, 45-deg downward",18,3590,4007,13.94,bee_crops/WW-NJ-002_video_04_track_18.jpg,BEE_EVENT_0015,0.374,New Unique Individual
WW-NJ-003_video_05.mp4,8/2/2026 12:50,"84F, Clear",1.45,High - mountain mint,10m to woodland edge,15,"0.8m height, 45-deg downward",12,2809,2919,3.69,bee_crops/WW-NJ-003_video_05_track_12.jpg,BEE_EVENT_0016,0,New Unique Individual
WW-NJ-005_video_01.mp4,7/15/2026 14:54,"72F, Cloudy",2.84,High - mountain mint,6m to dead stems,15,"0.8m height, 45-deg downward",15,1072,1174,3.44,bee_crops/WW-NJ-005_video_01_track_15.jpg,BEE_EVENT_0017,0.346,New Unique Individual
PL-NJ-004_video_01.mp4,9/6/2026 14:42,"68F, Clear",1.27,High - bee balm,10m to woodland edge,15,"0.8m height, 45-deg downward",46,4527,4804,9.28,bee_crops/PL-NJ-004_video_01_track_46.jpg,BEE_EVENT_0017,0.788,Re-entry (P=79%)
PL-NJ-004_video_07.mp4,8/23/2026 11:20,"80F, Partly Cloudy",3.92,High - bee balm,8m to brush edge,15,"1.2m height, 50-deg downward",53,1332,1727,13.2,bee_crops/PL-NJ-004_video_07_track_53.jpg,BEE_EVENT_0018,0,New Unique Individual
WW-NJ-004_video_05.mp4,7/25/2026 10:29,"74F, Clear",3.55,High - milkweed,3m to bare soil,15,"1.0m height, 45-deg downward",29,318,591,9.13,bee_crops/WW-NJ-004_video_05_track_29.jpg,BEE_EVENT_0018,0.728,Re-entry (P=73%)
WW-NJ-002_video_05.mp4,8/6/2026 15:48,"70F, Partly Cloudy",1.86,High - goldenrod,6m to dead stems,15,"1.2m height, 50-deg downward",5,4393,4619,7.57,bee_crops/WW-NJ-002_video_05_track_5.jpg,BEE_EVENT_0018,0.507,Re-entry (P=51%)
PL-NJ-001_video_07.mp4,8/22/2026 10:29,"80F, Partly Cloudy",1.41,High - goldenrod,3m to bare soil,15,"0.9m height, 40-deg downward",9,4724,4924,6.71,bee_crops/PL-NJ-001_video_07_track_9.jpg,BEE_EVENT_0019,0,New Unique Individual
PL-NJ-001_video_10.mp4,8/4/2026 10:51,"78F, Clear",2.42,Medium - black-eyed Susan,6m to dead stems,15,"1.0m height, 45-deg downward",25,2461,2642,6.05,bee_crops/PL-NJ-001_video_10_track_25.jpg,BEE_EVENT_0020,0,New Unique Individual
PL-NJ-002_video_03.mp4,8/23/2026 13:30,"76F, Cloudy",3.47,High - mountain mint,10m to woodland edge,15,"1.2m height, 50-deg downward",60,4489,4975,16.23,bee_crops/PL-NJ-002_video_03_track_60.jpg,BEE_EVENT_0021,0,New Unique Individual
WW-NJ-004_video_09.mp4,8/14/2026 11:47,"78F, Partly Cloudy",1.71,Low - mixed lawn flowers,8m to brush edge,15,"1.2m height, 50-deg downward",29,695,996,10.08,bee_crops/WW-NJ-004_video_09_track_29.jpg,BEE_EVENT_0022,0,New Unique Individual
WW-NJ-003_video_01.mp4,7/17/2026 12:35,"82F, Partly Cloudy",3.52,High - coneflower,8m to brush edge,15,"0.9m height, 40-deg downward",64,5008,5198,6.36,bee_crops/WW-NJ-003_video_01_track_64.jpg,BEE_EVENT_0023,0,New Unique Individual
WW-NJ-003_video_01.mp4,9/1/2026 10:54,"82F, Partly Cloudy",1.5,Medium - mixed native wildflowers,10m to woodland edge,15,"0.8m height, 45-deg downward",59,3483,3640,5.26,bee_crops/WW-NJ-003_video_01_track_59.jpg,BEE_EVENT_0023,0.55,Re-entry (P=55%)
PL-NJ-004_video_10.mp4,8/4/2026 16:44,"82F, Cloudy",2.17,Medium - mixed native wildflowers,4m to wood pile,15,"1.2m height, 50-deg downward",32,4136,4499,12.15,bee_crops/PL-NJ-004_video_10_track_32.jpg,BEE_EVENT_0024,0,New Unique Individual
WW-NJ-005_video_09.mp4,8/15/2026 12:22,"74F, Clear",1.05,High - mountain mint,3m to bare soil,15,"0.8m height, 45-deg downward",18,3604,4082,15.96,bee_crops/WW-NJ-005_video_09_track_18.jpg,BEE_EVENT_0024,0.704,Re-entry (P=70%)
WW-NJ-004_video_02.mp4,8/10/2026 15:26,"74F, Cloudy",2.29,High - goldenrod,10m to woodland edge,15,"0.8m height, 45-deg downward",74,4446,4894,14.96,bee_crops/WW-NJ-004_video_02_track_74.jpg,BEE_EVENT_0025,0,New Unique Individual
WW-NJ-001_video_06.mp4,8/3/2026 15:59,"74F, Partly Cloudy",2.52,Medium - mixed native wildflowers,3m to bare soil,15,"0.9m height, 40-deg downward",63,3433,3574,4.73,bee_crops/WW-NJ-001_video_06_track_63.jpg,BEE_EVENT_0025,0.555,Re-entry (P=55%)
PL-NJ-002_video_03.mp4,9/6/2026 16:13,"68F, Cloudy",2.51,Medium - black-eyed Susan,2m to bare soil,15,"0.9m height, 40-deg downward",24,5098,5297,6.68,bee_crops/PL-NJ-002_video_03_track_24.jpg,BEE_EVENT_0025,0.685,Re-entry (P=68%)
PL-NJ-001_video_06.mp4,9/1/2026 15:22,"82F, Sunny",1.61,High - coneflower,3m to bare soil,15,"1.0m height, 45-deg downward",84,3454,3632,5.98,bee_crops/PL-NJ-001_video_06_track_84.jpg,BEE_EVENT_0025,0.512,Re-entry (P=51%)
WW-NJ-001_video_04.mp4,7/27/2026 9:44,"70F, Cloudy",1.56,Medium - aster,8m to brush edge,15,"1.2m height, 50-deg downward",48,1249,1465,7.24,bee_crops/WW-NJ-001_video_04_track_48.jpg,BEE_EVENT_0026,0.449,New Unique Individual
WW-NJ-002_video_03.mp4,8/3/2026 10:42,"80F, Partly Cloudy",3.77,Low - mixed lawn flowers,1m to bare soil,15,"1.0m height, 45-deg downward",14,211,626,13.85,bee_crops/WW-NJ-002_video_03_track_14.jpg,BEE_EVENT_0027,0,New Unique Individual
WW-NJ-005_video_10.mp4,9/4/2026 10:55,"84F, Clear",3.3,Medium - clover,1m to bare soil,15,"1.2m height, 50-deg downward",2,4637,5228,19.72,bee_crops/WW-NJ-005_video_10_track_2.jpg,BEE_EVENT_0028,0,New Unique Individual
PL-NJ-003_video_02.mp4,8/11/2026 14:45,"72F, Cloudy",3.06,Medium - black-eyed Susan,4m to wood pile,15,"0.9m height, 40-deg downward",76,3767,4076,10.33,bee_crops/PL-NJ-003_video_02_track_76.jpg,BEE_EVENT_0029,0.367,New Unique Individual
WW-NJ-002_video_05.mp4,8/12/2026 12:53,"78F, Cloudy",2.62,Medium - black-eyed Susan,10m to woodland edge,15,"1.2m height, 50-deg downward",24,3807,3967,5.37,bee_crops/WW-NJ-002_video_05_track_24.jpg,BEE_EVENT_0030,0,New Unique Individual
PL-NJ-001_video_05.mp4,8/5/2026 13:43,"74F, Partly Cloudy",2.58,Medium - mixed native wildflowers,8m to brush edge,15,"0.9m height, 40-deg downward",63,2264,2502,7.98,bee_crops/PL-NJ-001_video_05_track_63.jpg,BEE_EVENT_0031,0,New Unique Individual
WW-NJ-004_video_08.mp4,8/25/2026 16:33,"80F, Clear",1.1,High - milkweed,8m to brush edge,15,"1.2m height, 50-deg downward",61,142,818,22.58,bee_crops/WW-NJ-004_video_08_track_61.jpg,BEE_EVENT_0032,0,New Unique Individual
PL-NJ-001_video_07.mp4,8/31/2026 14:27,"74F, Partly Cloudy",1.67,High - mountain mint,3m to bare soil,15,"0.8m height, 45-deg downward",69,3718,3976,8.64,bee_crops/PL-NJ-001_video_07_track_69.jpg,BEE_EVENT_0033,0,New Unique Individual
WW-NJ-003_video_04.mp4,7/28/2026 16:22,"76F, Partly Cloudy",3.93,Medium - mixed native wildflowers,3m to bare soil,15,"1.0m height, 45-deg downward",47,4830,5031,6.72,bee_crops/WW-NJ-003_video_04_track_47.jpg,BEE_EVENT_0033,0.737,Re-entry (P=74%)
WW-NJ-005_video_01.mp4,7/18/2026 13:49,"70F, Clear",2.84,Medium - aster,4m to wood pile,15,"0.9m height, 40-deg downward",57,1035,1246,7.08,bee_crops/WW-NJ-005_video_01_track_57.jpg,BEE_EVENT_0034,0,New Unique Individual
WW-NJ-001_video_05.mp4,9/8/2026 16:12,"68F, Partly Cloudy",2.08,High - coneflower,10m to woodland edge,15,"1.2m height, 50-deg downward",11,536,844,10.3,bee_crops/WW-NJ-001_video_05_track_11.jpg,BEE_EVENT_0035,0,New Unique Individual
WW-NJ-002_video_09.mp4,9/1/2026 15:43,"84F, Cloudy",3.33,High - milkweed,4m to wood pile,15,"1.2m height, 50-deg downward",76,4884,5028,4.83,bee_crops/WW-NJ-002_video_09_track_76.jpg,BEE_EVENT_0036,0,New Unique Individual
WW-NJ-005_video_10.mp4,8/23/2026 9:44,"74F, Sunny",3.83,High - milkweed,2m to bare soil,15,"1.0m height, 45-deg downward",23,813,989,5.89,bee_crops/WW-NJ-005_video_10_track_23.jpg,BEE_EVENT_0037,0,New Unique Individual
WW-NJ-003_video_01.mp4,8/10/2026 16:49,"74F, Clear",2.3,High - goldenrod,8m to brush edge,15,"0.9m height, 40-deg downward",10,4865,5308,14.81,bee_crops/WW-NJ-003_video_01_track_10.jpg,BEE_EVENT_0038,0,New Unique Individual
WW-NJ-005_video_10.mp4,8/26/2026 12:32,"76F, Sunny",2.54,High - bee balm,1m to bare soil,15,"1.0m height, 45-deg downward",40,941,1243,10.11,bee_crops/WW-NJ-005_video_10_track_40.jpg,BEE_EVENT_0039,0,New Unique Individual
PL-NJ-005_video_05.mp4,8/12/2026 10:34,"84F, Cloudy",3.04,High - mountain mint,1m to bare soil,15,"0.8m height, 45-deg downward",56,2492,2752,8.7,bee_crops/PL-NJ-005_video_05_track_56.jpg,BEE_EVENT_0040,0,New Unique Individual
PL-NJ-005_video_05.mp4,7/16/2026 10:19,"76F, Partly Cloudy",2.68,High - goldenrod,4m to wood pile,15,"0.9m height, 40-deg downward",36,4713,5172,15.33,bee_crops/PL-NJ-005_video_05_track_36.jpg,BEE_EVENT_0041,0.482,New Unique Individual
PL-NJ-003_video_02.mp4,8/14/2026 14:31,"72F, Cloudy",1.83,High - coneflower,8m to brush edge,15,"0.9m height, 40-deg downward",37,2731,2885,5.17,bee_crops/PL-NJ-003_video_02_track_37.jpg,BEE_EVENT_0042,0,New Unique Individual
PL-NJ-002_video_09.mp4,7/17/2026 16:10,"80F, Cloudy",1.61,High - coneflower,4m to wood pile,15,"0.8m height, 45-deg downward",25,2577,2774,6.6,bee_crops/PL-NJ-002_video_09_track_25.jpg,BEE_EVENT_0043,0,New Unique Individual
PL-NJ-005_video_08.mp4,8/24/2026 16:53,"72F, Cloudy",1.45,Medium - mixed native wildflowers,8m to brush edge,15,"0.9m height, 40-deg downward",16,423,719,9.9,bee_crops/PL-NJ-005_video_08_track_16.jpg,BEE_EVENT_0044,0.431,New Unique Individual
WW-NJ-003_video_05.mp4,8/19/2026 9:40,"82F, Partly Cloudy",1.1,High - coneflower,4m to wood pile,15,"1.2m height, 50-deg downward",66,3343,3632,9.68,bee_crops/WW-NJ-003_video_05_track_66.jpg,BEE_EVENT_0045,0,New Unique Individual
PL-NJ-002_video_08.mp4,8/14/2026 12:34,"84F, Sunny",1.26,High - milkweed,3m to bare soil,15,"0.9m height, 40-deg downward",44,4516,4613,3.25,bee_crops/PL-NJ-002_video_08_track_44.jpg,BEE_EVENT_0046,0,New Unique Individual
PL-NJ-004_video_05.mp4,9/5/2026 9:23,"82F, Cloudy",3.48,Low - mixed lawn flowers,6m to dead stems,15,"0.9m height, 40-deg downward",45,2446,2631,6.21,bee_crops/PL-NJ-004_video_05_track_45.jpg,BEE_EVENT_0047,0,New Unique Individual
PL-NJ-004_video_07.mp4,8/13/2026 15:00,"80F, Cloudy",3.94,High - milkweed,1m to bare soil,15,"1.2m height, 50-deg downward",61,1546,1765,7.35,bee_crops/PL-NJ-004_video_07_track_61.jpg,BEE_EVENT_0048,0,New Unique Individual
PL-NJ-002_video_07.mp4,8/26/2026 11:36,"78F, Cloudy",1.2,Low - mixed lawn flowers,1m to bare soil,15,"0.9m height, 40-deg downward",2,304,622,10.62,bee_crops/PL-NJ-002_video_07_track_2.jpg,BEE_EVENT_0049,0,New Unique Individual
PL-NJ-002_video_03.mp4,7/19/2026 16:55,"70F, Cloudy",1.88,Medium - black-eyed Susan,3m to bare soil,15,"0.9m height, 40-deg downward",70,2172,2461,9.65,bee_crops/PL-NJ-002_video_03_track_70.jpg,BEE_EVENT_0049,0.677,Re-entry (P=68%)
WW-NJ-005_video_04.mp4,8/31/2026 10:32,"82F, Clear",3.23,High - coneflower,1m to bare soil,15,"0.8m height, 45-deg downward",42,807,1039,7.78,bee_crops/WW-NJ-005_video_04_track_42.jpg,BEE_EVENT_0050,0,New Unique Individual
WW-NJ-005_video_06.mp4,8/7/2026 15:14,"72F, Partly Cloudy",2.5,Low - mixed lawn flowers,1m to bare soil,15,"0.9m height, 40-deg downward",80,2001,2070,2.35,bee_crops/WW-NJ-005_video_06_track_80.jpg,BEE_EVENT_0051,0,New Unique Individual
PL-NJ-003_video_10.mp4,7/24/2026 12:34,"68F, Clear",1.61,High - mountain mint,8m to brush edge,15,"1.0m height, 45-deg downward",10,5226,5466,8.03,bee_crops/PL-NJ-003_video_10_track_10.jpg,BEE_EVENT_0052,0,New Unique Individual
PL-NJ-001_video_10.mp4,8/3/2026 15:49,"74F, Cloudy",2.26,High - mountain mint,1m to bare soil,15,"1.0m height, 45-deg downward",49,2049,2303,8.49,bee_crops/PL-NJ-001_video_10_track_49.jpg,BEE_EVENT_0053,0,New Unique Individual
PL-NJ-005_video_05.mp4,8/28/2026 13:06,"68F, Clear",2.07,High - goldenrod,10m to woodland edge,15,"1.0m height, 45-deg downward",78,5393,6607,40.49,bee_crops/PL-NJ-005_video_05_track_78.jpg,BEE_EVENT_0054,0,New Unique Individual
WW-NJ-004_video_04.mp4,8/23/2026 13:48,"76F, Sunny",2.81,High - goldenrod,6m to dead stems,15,"1.2m height, 50-deg downward",17,1121,1336,7.21,bee_crops/WW-NJ-004_video_04_track_17.jpg,BEE_EVENT_0054,0.55,Re-entry (P=55%)
WW-NJ-003_video_04.mp4,7/23/2026 14:38,"76F, Clear",3.72,High - bee balm,8m to brush edge,15,"1.2m height, 50-deg downward",15,4111,4408,9.93,bee_crops/WW-NJ-003_video_04_track_15.jpg,BEE_EVENT_0055,0,New Unique Individual
WW-NJ-002_video_03.mp4,9/1/2026 13:00,"78F, Cloudy",3.9,Medium - mixed native wildflowers,1m to bare soil,15,"1.2m height, 50-deg downward",69,3256,3770,17.16,bee_crops/WW-NJ-002_video_03_track_69.jpg,BEE_EVENT_0055,0.524,Re-entry (P=52%)
WW-NJ-005_video_10.mp4,8/8/2026 14:11,"84F, Partly Cloudy",2.31,Low - mixed lawn flowers,8m to brush edge,15,"0.8m height, 45-deg downward",82,1916,2314,13.31,bee_crops/WW-NJ-005_video_10_track_82.jpg,BEE_EVENT_0056,0,New Unique Individual
WW-NJ-005_video_07.mp4,7/22/2026 11:07,"70F, Partly Cloudy",1.77,Medium - aster,6m to dead stems,15,"1.0m height, 45-deg downward",50,305,914,20.32,bee_crops/WW-NJ-005_video_07_track_50.jpg,BEE_EVENT_0057,0,New Unique Individual
PL-NJ-004_video_07.mp4,8/21/2026 11:31,"80F, Sunny",1.12,Medium - aster,8m to brush edge,15,"1.2m height, 50-deg downward",28,5366,5463,3.28,bee_crops/PL-NJ-004_video_07_track_28.jpg,BEE_EVENT_0058,0,New Unique Individual
WW-NJ-004_video_06.mp4,7/21/2026 14:39,"76F, Sunny",1.95,Medium - black-eyed Susan,10m to woodland edge,15,"0.9m height, 40-deg downward",12,5283,5411,4.29,bee_crops/WW-NJ-004_video_06_track_12.jpg,BEE_EVENT_0059,0,New Unique Individual
PL-NJ-005_video_01.mp4,7/18/2026 14:20,"70F, Partly Cloudy",3.32,High - milkweed,10m to woodland edge,15,"1.0m height, 45-deg downward",43,1032,1201,5.65,bee_crops/PL-NJ-005_video_01_track_43.jpg,BEE_EVENT_0060,0,New Unique Individual
PL-NJ-005_video_01.mp4,8/1/2026 11:13,"70F, Partly Cloudy",1.6,High - bee balm,1m to bare soil,15,"1.2m height, 50-deg downward",31,4426,4514,2.98,bee_crops/PL-NJ-005_video_01_track_31.jpg,BEE_EVENT_0061,0,New Unique Individual
WW-NJ-001_video_03.mp4,7/31/2026 9:13,"82F, Clear",2.48,High - coneflower,6m to dead stems,15,"0.8m height, 45-deg downward",58,3449,3704,8.54,bee_crops/WW-NJ-001_video_03_track_58.jpg,BEE_EVENT_0062,0,New Unique Individual
PL-NJ-005_video_01.mp4,8/30/2026 13:34,"82F, Cloudy",3.88,High - goldenrod,8m to brush edge,15,"0.8m height, 45-deg downward",63,5271,5405,4.49,bee_crops/PL-NJ-005_video_01_track_63.jpg,BEE_EVENT_0063,0,New Unique Individual
PL-NJ-003_video_02.mp4,7/20/2026 14:43,"84F, Cloudy",1.01,High - mountain mint,6m to dead stems,15,"1.2m height, 50-deg downward",59,1216,1886,22.36,bee_crops/PL-NJ-003_video_02_track_59.jpg,BEE_EVENT_0064,0,New Unique Individual
PL-NJ-002_video_02.mp4,9/3/2026 10:59,"74F, Cloudy",2.88,Medium - mixed native wildflowers,2m to bare soil,15,"0.9m height, 40-deg downward",44,5364,5510,4.91,bee_crops/PL-NJ-002_video_02_track_44.jpg,BEE_EVENT_0065,0,New Unique Individual
PL-NJ-002_video_07.mp4,8/30/2026 10:25,"78F, Cloudy",1.8,High - mountain mint,1m to bare soil,15,"0.8m height, 45-deg downward",11,3497,3695,6.62,bee_crops/PL-NJ-002_video_07_track_11.jpg,BEE_EVENT_0065,0.629,Re-entry (P=63%)
WW-NJ-003_video_09.mp4,7/18/2026 14:47,"68F, Clear",2.11,Medium - black-eyed Susan,3m to bare soil,15,"0.8m height, 45-deg downward",74,1002,1417,13.86,bee_crops/WW-NJ-003_video_09_track_74.jpg,BEE_EVENT_0066,0,New Unique Individual
WW-NJ-003_video_08.mp4,7/29/2026 10:27,"74F, Sunny",1.98,High - mountain mint,6m to dead stems,15,"1.2m height, 50-deg downward",4,4557,4666,3.67,bee_crops/WW-NJ-003_video_08_track_4.jpg,BEE_EVENT_0066,0.527,Re-entry (P=53%)
PL-NJ-001_video_06.mp4,7/15/2026 12:00,"70F, Sunny",2.61,Medium - black-eyed Susan,1m to bare soil,15,"1.0m height, 45-deg downward",49,1174,1259,2.87,bee_crops/PL-NJ-001_video_06_track_49.jpg,BEE_EVENT_0067,0,New Unique Individual
PL-NJ-001_video_03.mp4,8/7/2026 13:51,"70F, Partly Cloudy",3.29,Low - mixed lawn flowers,2m to bare soil,15,"0.8m height, 45-deg downward",11,2658,2933,9.21,bee_crops/PL-NJ-001_video_03_track_11.jpg,BEE_EVENT_0068,0,New Unique Individual
PL-NJ-002_video_08.mp4,8/22/2026 16:31,"70F, Cloudy",1.49,Medium - mixed native wildflowers,1m to bare soil,15,"1.2m height, 50-deg downward",76,2238,2527,9.67,bee_crops/PL-NJ-002_video_08_track_76.jpg,BEE_EVENT_0069,0,New Unique Individual
WW-NJ-005_video_01.mp4,7/29/2026 15:43,"74F, Clear",0.82,High - mountain mint,3m to bare soil,15,"1.2m height, 50-deg downward",16,449,855,13.57,bee_crops/WW-NJ-005_video_01_track_16.jpg,BEE_EVENT_0069,0.548,Re-entry (P=55%)
PL-NJ-002_video_09.mp4,8/29/2026 12:37,"70F, Sunny",3.47,Medium - clover,4m to wood pile,15,"0.8m height, 45-deg downward",59,4578,4921,11.46,bee_crops/PL-NJ-002_video_09_track_59.jpg,BEE_EVENT_0070,0,New Unique Individual
PL-NJ-001_video_10.mp4,8/11/2026 15:50,"80F, Clear",2.14,High - coneflower,2m to bare soil,15,"0.9m height, 40-deg downward",47,5245,5541,9.91,bee_crops/PL-NJ-001_video_10_track_47.jpg,BEE_EVENT_0071,0.497,New Unique Individual
PL-NJ-005_video_07.mp4,8/17/2026 10:30,"78F, Sunny",3.19,High - milkweed,6m to dead stems,15,"0.8m height, 45-deg downward",68,2542,2699,5.25,bee_crops/PL-NJ-005_video_07_track_68.jpg,BEE_EVENT_0072,0,New Unique Individual
PL-NJ-001_video_06.mp4,8/30/2026 11:20,"72F, Sunny",1.27,High - milkweed,2m to bare soil,15,"0.9m height, 40-deg downward",60,843,1127,9.5,bee_crops/PL-NJ-001_video_06_track_60.jpg,BEE_EVENT_0073,0,New Unique Individual
PL-NJ-005_video_08.mp4,8/27/2026 15:00,"70F, Cloudy",1.81,Medium - aster,8m to brush edge,15,"1.2m height, 50-deg downward",36,5139,5434,9.88,bee_crops/PL-NJ-005_video_08_track_36.jpg,BEE_EVENT_0074,0,New Unique Individual
PL-NJ-001_video_09.mp4,7/19/2026 13:34,"76F, Sunny",0.92,Medium - clover,6m to dead stems,15,"0.9m height, 40-deg downward",60,3703,3856,5.13,bee_crops/PL-NJ-001_video_09_track_60.jpg,BEE_EVENT_0075,0,New Unique Individual
WW-NJ-001_video_08.mp4,9/4/2026 12:25,"68F, Sunny",2.32,High - bee balm,10m to woodland edge,15,"1.2m height, 50-deg downward",11,4957,5780,27.46,bee_crops/WW-NJ-001_video_08_track_11.jpg,BEE_EVENT_0076,0,New Unique Individual
WW-NJ-003_video_01.mp4,7/30/2026 16:33,"78F, Clear",2.47,High - bee balm,4m to wood pile,15,"0.9m height, 40-deg downward",44,4294,4626,11.11,bee_crops/WW-NJ-003_video_01_track_44.jpg,BEE_EVENT_0077,0,New Unique Individual
WW-NJ-001_video_06.mp4,7/19/2026 14:11,"76F, Clear",2.97,High - mountain mint,1m to bare soil,15,"1.0m height, 45-deg downward",45,4571,4700,4.33,bee_crops/WW-NJ-001_video_06_track_45.jpg,BEE_EVENT_0078,0,New Unique Individual
PL-NJ-002_video_03.mp4,8/22/2026 10:24,"72F, Cloudy",2.01,Medium - clover,6m to dead stems,15,"1.2m height, 50-deg downward",3,4579,4987,13.62,bee_crops/PL-NJ-002_video_03_track_3.jpg,BEE_EVENT_0079,0,New Unique Individual
WW-NJ-003_video_04.mp4,8/5/2026 16:17,"70F, Sunny",4,High - bee balm,6m to dead stems,15,"0.8m height, 45-deg downward",85,1856,2313,15.27,bee_crops/WW-NJ-003_video_04_track_85.jpg,BEE_EVENT_0080,0,New Unique Individual
PL-NJ-005_video_03.mp4,8/22/2026 15:14,"72F, Sunny",1.38,Low - mixed lawn flowers,4m to wood pile,15,"1.2m height, 50-deg downward",31,1330,1649,10.68,bee_crops/PL-NJ-005_video_03_track_31.jpg,BEE_EVENT_0081,0,New Unique Individual
PL-NJ-005_video_05.mp4,9/1/2026 16:19,"74F, Cloudy",1.57,Medium - aster,4m to wood pile,15,"1.2m height, 50-deg downward",49,4375,4583,6.96,bee_crops/PL-NJ-005_video_05_track_49.jpg,BEE_EVENT_0082,0,New Unique Individual
PL-NJ-002_video_03.mp4,9/5/2026 12:56,"68F, Clear",1.24,High - mountain mint,6m to dead stems,15,"0.8m height, 45-deg downward",67,4954,5103,5,bee_crops/PL-NJ-002_video_03_track_67.jpg,BEE_EVENT_0083,0,New Unique Individual
WW-NJ-005_video_02.mp4,9/1/2026 11:22,"80F, Partly Cloudy",3.7,High - bee balm,10m to woodland edge,15,"0.9m height, 40-deg downward",45,3681,3913,7.77,bee_crops/WW-NJ-005_video_02_track_45.jpg,BEE_EVENT_0084,0,New Unique Individual
PL-NJ-002_video_01.mp4,8/9/2026 14:20,"74F, Clear",3.98,Medium - clover,1m to bare soil,15,"1.2m height, 50-deg downward",19,3164,3469,10.19,bee_crops/PL-NJ-002_video_01_track_19.jpg,BEE_EVENT_0084,0.53,Re-entry (P=53%)
WW-NJ-003_video_08.mp4,8/12/2026 9:10,"84F, Sunny",1.62,High - bee balm,10m to woodland edge,15,"1.2m height, 50-deg downward",31,156,402,8.24,bee_crops/WW-NJ-003_video_08_track_31.jpg,BEE_EVENT_0085,0,New Unique Individual
WW-NJ-001_video_04.mp4,8/10/2026 16:09,"84F, Partly Cloudy",3.48,Medium - aster,8m to brush edge,15,"1.0m height, 45-deg downward",38,909,1538,21.01,bee_crops/WW-NJ-001_video_04_track_38.jpg,BEE_EVENT_0086,0,New Unique Individual
PL-NJ-005_video_06.mp4,7/30/2026 15:16,"70F, Cloudy",2.48,Medium - clover,10m to woodland edge,15,"0.9m height, 40-deg downward",6,702,1069,12.26,bee_crops/PL-NJ-005_video_06_track_6.jpg,BEE_EVENT_0087,0,New Unique Individual
PL-NJ-001_video_05.mp4,8/31/2026 9:27,"78F, Sunny",1.9,High - coneflower,3m to bare soil,15,"1.2m height, 50-deg downward",83,554,693,4.68,bee_crops/PL-NJ-001_video_05_track_83.jpg,BEE_EVENT_0088,0.463,New Unique Individual
PL-NJ-003_video_03.mp4,9/4/2026 11:09,"68F, Sunny",0.92,High - milkweed,3m to bare soil,15,"1.2m height, 50-deg downward",66,3750,3871,4.07,bee_crops/PL-NJ-003_video_03_track_66.jpg,BEE_EVENT_0089,0,New Unique Individual
PL-NJ-004_video_08.mp4,7/31/2026 9:53,"68F, Clear",1.41,Medium - clover,1m to bare soil,15,"1.2m height, 50-deg downward",56,5300,5634,11.17,bee_crops/PL-NJ-004_video_08_track_56.jpg,BEE_EVENT_0090,0,New Unique Individual
PL-NJ-003_video_07.mp4,8/5/2026 11:36,"76F, Cloudy",1.98,Medium - mixed native wildflowers,1m to bare soil,15,"0.9m height, 40-deg downward",78,4076,4287,7.06,bee_crops/PL-NJ-003_video_07_track_78.jpg,BEE_EVENT_0091,0,New Unique Individual
WW-NJ-003_video_09.mp4,8/2/2026 14:11,"76F, Cloudy",1.85,High - mountain mint,2m to bare soil,15,"0.9m height, 40-deg downward",45,656,1045,12.99,bee_crops/WW-NJ-003_video_09_track_45.jpg,BEE_EVENT_0092,0,New Unique Individual
PL-NJ-001_video_10.mp4,8/11/2026 13:45,"78F, Sunny",1.04,Medium - black-eyed Susan,2m to bare soil,15,"0.9m height, 40-deg downward",5,470,802,11.11,bee_crops/PL-NJ-001_video_10_track_5.jpg,BEE_EVENT_0092,0.603,Re-entry (P=60%)
PL-NJ-001_video_07.mp4,8/20/2026 9:43,"78F, Sunny",2.97,Medium - clover,6m to dead stems,15,"1.0m height, 45-deg downward",68,1257,1490,7.79,bee_crops/PL-NJ-001_video_07_track_68.jpg,BEE_EVENT_0093,0,New Unique Individual
PL-NJ-001_video_05.mp4,7/30/2026 10:06,"84F, Clear",2.4,Medium - black-eyed Susan,10m to woodland edge,15,"1.2m height, 50-deg downward",58,1525,1665,4.71,bee_crops/PL-NJ-001_video_05_track_58.jpg,BEE_EVENT_0094,0.46,New Unique Individual
PL-NJ-003_video_04.mp4,7/22/2026 11:59,"70F, Clear",2.25,Medium - aster,8m to brush edge,15,"0.8m height, 45-deg downward",71,607,698,3.05,bee_crops/PL-NJ-003_video_04_track_71.jpg,BEE_EVENT_0095,0,New Unique Individual
WW-NJ-005_video_03.mp4,8/29/2026 11:55,"74F, Partly Cloudy",2.43,High - coneflower,10m to woodland edge,15,"0.9m height, 40-deg downward",4,2962,3243,9.39,bee_crops/WW-NJ-005_video_03_track_4.jpg,BEE_EVENT_0096,0,New Unique Individual
PL-NJ-005_video_06.mp4,8/13/2026 11:44,"82F, Cloudy",1.01,Medium - black-eyed Susan,10m to woodland edge,15,"0.8m height, 45-deg downward",17,707,815,3.63,bee_crops/PL-NJ-005_video_06_track_17.jpg,BEE_EVENT_0097,0,New Unique Individual
WW-NJ-002_video_08.mp4,8/13/2026 14:13,"72F, Sunny",2.85,High - bee balm,10m to woodland edge,15,"0.8m height, 45-deg downward",67,4517,4654,4.6,bee_crops/WW-NJ-002_video_08_track_67.jpg,BEE_EVENT_0097,0.744,Re-entry (P=74%)
WW-NJ-004_video_06.mp4,8/17/2026 13:59,"76F, Clear",1.6,Medium - mixed native wildflowers,6m to dead stems,15,"0.8m height, 45-deg downward",65,647,917,9.02,bee_crops/WW-NJ-004_video_06_track_65.jpg,BEE_EVENT_0098,0,New Unique Individual
PL-NJ-005_video_10.mp4,7/24/2026 11:47,"78F, Sunny",3.11,Low - mixed lawn flowers,1m to bare soil,15,"0.8m height, 45-deg downward",83,5116,5369,8.48,bee_crops/PL-NJ-005_video_10_track_83.jpg,BEE_EVENT_0099,0,New Unique Individual
WW-NJ-005_video_04.mp4,9/2/2026 15:44,"76F, Cloudy",0.9,Medium - mixed native wildflowers,2m to bare soil,15,"0.9m height, 40-deg downward",39,5235,5350,3.88,bee_crops/WW-NJ-005_video_04_track_39.jpg,BEE_EVENT_0100,0,New Unique Individual
WW-NJ-001_video_03.mp4,8/12/2026 15:35,"72F, Clear",1.45,Low - mixed lawn flowers,8m to brush edge,15,"1.2m height, 50-deg downward",52,3805,4299,16.51,bee_crops/WW-NJ-001_video_03_track_52.jpg,BEE_EVENT_0100,0.576,Re-entry (P=58%)
PL-NJ-001_video_04.mp4,8/13/2026 10:22,"68F, Cloudy",1.59,High - coneflower,10m to woodland edge,15,"0.9m height, 40-deg downward",32,3684,4169,16.2,bee_crops/PL-NJ-001_video_04_track_32.jpg,BEE_EVENT_0101,0,New Unique Individual
WW-NJ-003_video_06.mp4,8/20/2026 14:17,"82F, Clear",2.39,Medium - mixed native wildflowers,4m to wood pile,15,"0.8m height, 45-deg downward",12,1306,1647,11.41,bee_crops/WW-NJ-003_video_06_track_12.jpg,BEE_EVENT_0102,0,New Unique Individual
PL-NJ-004_video_08.mp4,7/30/2026 12:42,"82F, Clear",0.96,High - mountain mint,6m to dead stems,15,"0.8m height, 45-deg downward",14,2891,3232,11.4,bee_crops/PL-NJ-004_video_08_track_14.jpg,BEE_EVENT_0103,0,New Unique Individual
WW-NJ-005_video_06.mp4,9/1/2026 15:28,"84F, Clear",2.08,Low - mixed lawn flowers,6m to dead stems,15,"1.2m height, 50-deg downward",10,371,712,11.41,bee_crops/WW-NJ-005_video_06_track_10.jpg,BEE_EVENT_0104,0,New Unique Individual
PL-NJ-003_video_09.mp4,8/1/2026 10:13,"84F, Partly Cloudy",2.06,Medium - clover,2m to bare soil,15,"0.9m height, 40-deg downward",65,793,3642,95,bee_crops/PL-NJ-003_video_09_track_65.jpg,BEE_EVENT_0104,0.662,Re-entry (P=66%)
PL-NJ-003_video_09.mp4,8/13/2026 11:43,"78F, Cloudy",1.25,Low - mixed lawn flowers,6m to dead stems,15,"1.2m height, 50-deg downward",76,4224,4678,15.18,bee_crops/PL-NJ-003_video_09_track_76.jpg,BEE_EVENT_0105,0,New Unique Individual
PL-NJ-004_video_09.mp4,8/15/2026 13:35,"80F, Sunny",1.98,High - coneflower,6m to dead stems,15,"0.9m height, 40-deg downward",34,137,510,12.47,bee_crops/PL-NJ-004_video_09_track_34.jpg,BEE_EVENT_0106,0,New Unique Individual
PL-NJ-005_video_10.mp4,7/29/2026 9:42,"80F, Partly Cloudy",1.35,Low - mixed lawn flowers,1m to bare soil,15,"0.8m height, 45-deg downward",25,3936,4083,4.94,bee_crops/PL-NJ-005_video_10_track_25.jpg,BEE_EVENT_0106,0.737,Re-entry (P=74%)
WW-NJ-004_video_07.mp4,8/16/2026 17:00,"74F, Cloudy",3.06,Medium - mixed native wildflowers,6m to dead stems,15,"0.9m height, 40-deg downward",41,511,720,7,bee_crops/WW-NJ-004_video_07_track_41.jpg,BEE_EVENT_0107,0,New Unique Individual
PL-NJ-003_video_09.mp4,8/5/2026 14:48,"82F, Partly Cloudy",3.37,High - mountain mint,3m to bare soil,15,"1.2m height, 50-deg downward",29,5270,6372,36.76,bee_crops/PL-NJ-003_video_09_track_29.jpg,BEE_EVENT_0108,0,New Unique Individual
WW-NJ-005_video_05.mp4,8/29/2026 12:49,"84F, Clear",1.81,Medium - clover,1m to bare soil,15,"0.9m height, 40-deg downward",51,4006,4078,2.43,bee_crops/WW-NJ-005_video_05_track_51.jpg,BEE_EVENT_0109,0,New Unique Individual
WW-NJ-003_video_05.mp4,7/17/2026 13:50,"76F, Partly Cloudy",1.91,Medium - aster,2m to bare soil,15,"1.2m height, 50-deg downward",72,648,827,6.01,bee_crops/WW-NJ-003_video_05_track_72.jpg,BEE_EVENT_0110,0,New Unique Individual
WW-NJ-003_video_02.mp4,8/23/2026 12:20,"74F, Sunny",2.94,Medium - mixed native wildflowers,1m to bare soil,15,"0.9m height, 40-deg downward",43,416,912,16.57,bee_crops/WW-NJ-003_video_02_track_43.jpg,BEE_EVENT_0111,0,New Unique Individual
WW-NJ-002_video_03.mp4,7/15/2026 11:31,"82F, Clear",3.79,Medium - aster,3m to bare soil,15,"1.2m height, 50-deg downward",83,5349,5502,5.13,bee_crops/WW-NJ-002_video_03_track_83.jpg,BEE_EVENT_0112,0.424,New Unique Individual
WW-NJ-004_video_09.mp4,8/31/2026 9:16,"68F, Cloudy",3.62,High - bee balm,2m to bare soil,15,"1.2m height, 50-deg downward",5,3424,3804,12.7,bee_crops/WW-NJ-004_video_09_track_5.jpg,BEE_EVENT_0112,0.638,Re-entry (P=64%)
PL-NJ-001_video_05.mp4,8/13/2026 16:13,"70F, Partly Cloudy",2.3,High - milkweed,8m to brush edge,15,"0.9m height, 40-deg downward",83,4131,4382,8.41,bee_crops/PL-NJ-001_video_05_track_83.jpg,BEE_EVENT_0112,0.594,Re-entry (P=59%)
WW-NJ-005_video_10.mp4,8/27/2026 12:16,"80F, Sunny",3.54,Medium - black-eyed Susan,4m to wood pile,15,"0.8m height, 45-deg downward",24,5005,5164,5.35,bee_crops/WW-NJ-005_video_10_track_24.jpg,BEE_EVENT_0113,0,New Unique Individual
PL-NJ-003_video_06.mp4,7/30/2026 9:21,"78F, Sunny",1.55,High - mountain mint,3m to bare soil,15,"1.2m height, 50-deg downward",31,3143,3208,2.19,bee_crops/PL-NJ-003_video_06_track_31.jpg,BEE_EVENT_0113,0.773,Re-entry (P=77%)
PL-NJ-002_video_09.mp4,8/29/2026 13:49,"78F, Partly Cloudy",2.84,High - mountain mint,2m to bare soil,15,"0.9m height, 40-deg downward",20,962,1238,9.22,bee_crops/PL-NJ-002_video_09_track_20.jpg,BEE_EVENT_0114,0,New Unique Individual
PL-NJ-005_video_06.mp4,8/10/2026 16:53,"74F, Cloudy",3.37,High - milkweed,6m to dead stems,15,"1.2m height, 50-deg downward",10,4404,4549,4.88,bee_crops/PL-NJ-005_video_06_track_10.jpg,BEE_EVENT_0115,0,New Unique Individual
WW-NJ-002_video_01.mp4,9/6/2026 12:41,"84F, Sunny",1.28,Medium - clover,8m to brush edge,15,"1.0m height, 45-deg downward",75,4397,4623,7.58,bee_crops/WW-NJ-002_video_01_track_75.jpg,BEE_EVENT_0116,0,New Unique Individual
PL-NJ-004_video_08.mp4,9/4/2026 9:34,"68F, Clear",2.44,Medium - aster,8m to brush edge,15,"0.8m height, 45-deg downward",51,1081,1420,11.34,bee_crops/PL-NJ-004_video_08_track_51.jpg,BEE_EVENT_0116,0.872,Re-entry (P=87%)
WW-NJ-002_video_01.mp4,8/11/2026 14:49,"70F, Sunny",2.53,High - goldenrod,3m to bare soil,15,"0.9m height, 40-deg downward",24,523,952,14.34,bee_crops/WW-NJ-002_video_01_track_24.jpg,BEE_EVENT_0117,0,New Unique Individual
PL-NJ-002_video_06.mp4,8/8/2026 17:00,"72F, Sunny",2,Medium - mixed native wildflowers,2m to bare soil,15,"0.9m height, 40-deg downward",68,3093,3272,6,bee_crops/PL-NJ-002_video_06_track_68.jpg,BEE_EVENT_0118,0.337,New Unique Individual
WW-NJ-001_video_05.mp4,8/13/2026 15:39,"82F, Partly Cloudy",3.43,High - milkweed,3m to bare soil,15,"1.0m height, 45-deg downward",15,3108,3267,5.34,bee_crops/WW-NJ-001_video_05_track_15.jpg,BEE_EVENT_0119,0.464,New Unique Individual
WW-NJ-001_video_04.mp4,7/28/2026 10:11,"68F, Sunny",0.91,Low - mixed lawn flowers,4m to wood pile,15,"0.9m height, 40-deg downward",30,4866,4973,3.6,bee_crops/WW-NJ-001_video_04_track_30.jpg,BEE_EVENT_0120,0,New Unique Individual
WW-NJ-001_video_03.mp4,8/16/2026 13:19,"78F, Clear",1.82,Low - mixed lawn flowers,2m to bare soil,15,"1.0m height, 45-deg downward",53,4720,5164,14.83,bee_crops/WW-NJ-001_video_03_track_53.jpg,BEE_EVENT_0121,0,New Unique Individual
WW-NJ-001_video_09.mp4,8/21/2026 11:45,"78F, Clear",2.58,High - goldenrod,8m to brush edge,15,"0.9m height, 40-deg downward",53,3500,4472,32.44,bee_crops/WW-NJ-001_video_09_track_53.jpg,BEE_EVENT_0121,0.52,Re-entry (P=52%)
PL-NJ-003_video_04.mp4,9/7/2026 12:24,"84F, Cloudy",3.38,High - goldenrod,6m to dead stems,15,"1.0m height, 45-deg downward",50,1183,1661,15.98,bee_crops/PL-NJ-003_video_04_track_50.jpg,BEE_EVENT_0121,0.615,Re-entry (P=62%)
PL-NJ-003_video_06.mp4,7/20/2026 12:08,"68F, Partly Cloudy",2.01,Low - mixed lawn flowers,10m to woodland edge,15,"1.0m height, 45-deg downward",62,2200,2757,18.61,bee_crops/PL-NJ-003_video_06_track_62.jpg,BEE_EVENT_0122,0.463,New Unique Individual
WW-NJ-001_video_04.mp4,7/27/2026 10:52,"74F, Partly Cloudy",3.73,Low - mixed lawn flowers,6m to dead stems,15,"1.2m height, 50-deg downward",37,3924,4078,5.16,bee_crops/WW-NJ-001_video_04_track_37.jpg,BEE_EVENT_0123,0,New Unique Individual
PL-NJ-004_video_06.mp4,8/3/2026 13:28,"70F, Clear",3.62,Medium - aster,2m to bare soil,15,"1.2m height, 50-deg downward",41,4201,4527,10.9,bee_crops/PL-NJ-004_video_06_track_41.jpg,BEE_EVENT_0124,0,New Unique Individual
PL-NJ-005_video_04.mp4,8/31/2026 11:06,"80F, Partly Cloudy",2.57,Low - mixed lawn flowers,2m to bare soil,15,"1.2m height, 50-deg downward",30,2137,2541,13.51,bee_crops/PL-NJ-005_video_04_track_30.jpg,BEE_EVENT_0125,0,New Unique Individual
WW-NJ-004_video_08.mp4,8/19/2026 14:21,"82F, Clear",3.89,Medium - aster,2m to bare soil,15,"1.0m height, 45-deg downward",70,4003,4032,0.99,bee_crops/WW-NJ-004_video_08_track_70.jpg,BEE_EVENT_0126,0,New Unique Individual
PL-NJ-004_video_01.mp4,8/17/2026 9:58,"68F, Partly Cloudy",3.82,High - goldenrod,10m to woodland edge,15,"1.0m height, 45-deg downward",9,609,734,4.2,bee_crops/PL-NJ-004_video_01_track_9.jpg,BEE_EVENT_0127,0,New Unique Individual
WW-NJ-001_video_04.mp4,8/16/2026 16:28,"82F, Sunny",2.78,Low - mixed lawn flowers,1m to bare soil,15,"0.9m height, 40-deg downward",2,496,1203,23.6,bee_crops/WW-NJ-001_video_04_track_2.jpg,BEE_EVENT_0128,0.464,New Unique Individual
WW-NJ-005_video_01.mp4,8/16/2026 15:56,"84F, Partly Cloudy",1.14,High - coneflower,2m to bare soil,15,"1.2m height, 50-deg downward",46,1469,1565,3.22,bee_crops/WW-NJ-005_video_01_track_46.jpg,BEE_EVENT_0128,0.623,Re-entry (P=62%)
PL-NJ-002_video_08.mp4,8/20/2026 12:49,"68F, Cloudy",1.76,High - coneflower,4m to wood pile,15,"0.9m height, 40-deg downward",71,1851,2475,20.84,bee_crops/PL-NJ-002_video_08_track_71.jpg,BEE_EVENT_0129,0,New Unique Individual
WW-NJ-001_video_03.mp4,7/20/2026 16:59,"70F, Partly Cloudy",2.86,Medium - clover,2m to bare soil,15,"0.9m height, 40-deg downward",35,3555,3650,3.21,bee_crops/WW-NJ-001_video_03_track_35.jpg,BEE_EVENT_0129,0.58,Re-entry (P=58%)
PL-NJ-004_video_10.mp4,8/26/2026 9:16,"72F, Sunny",0.85,High - milkweed,3m to bare soil,15,"1.0m height, 45-deg downward",73,2577,2705,4.31,bee_crops/PL-NJ-004_video_10_track_73.jpg,BEE_EVENT_0130,0.464,New Unique Individual
PL-NJ-004_video_06.mp4,8/8/2026 11:55,"68F, Cloudy",2.4,Medium - clover,2m to bare soil,15,"0.8m height, 45-deg downward",44,643,973,11.03,bee_crops/PL-NJ-004_video_06_track_44.jpg,BEE_EVENT_0131,0,New Unique Individual
PL-NJ-005_video_10.mp4,8/9/2026 14:06,"82F, Clear",1.67,Medium - aster,6m to dead stems,15,"0.9m height, 40-deg downward",56,5195,5450,8.55,bee_crops/PL-NJ-005_video_10_track_56.jpg,BEE_EVENT_0131,0.549,Re-entry (P=55%)
PL-NJ-005_video_05.mp4,9/4/2026 12:50,"80F, Cloudy",1.06,High - bee balm,3m to bare soil,15,"1.2m height, 50-deg downward",14,603,793,6.36,bee_crops/PL-NJ-005_video_05_track_14.jpg,BEE_EVENT_0132,0.421,New Unique Individual
WW-NJ-005_video_02.mp4,7/23/2026 10:16,"84F, Sunny",2.24,Medium - mixed native wildflowers,1m to bare soil,15,"0.8m height, 45-deg downward",46,3531,4217,22.89,bee_crops/WW-NJ-005_video_02_track_46.jpg,BEE_EVENT_0133,0,New Unique Individual
PL-NJ-005_video_10.mp4,9/3/2026 15:00,"80F, Partly Cloudy",0.84,Medium - black-eyed Susan,6m to dead stems,15,"1.0m height, 45-deg downward",49,3156,3265,3.65,bee_crops/PL-NJ-005_video_10_track_49.jpg,BEE_EVENT_0133,0.715,Re-entry (P=71%)
WW-NJ-003_video_02.mp4,7/25/2026 15:22,"78F, Partly Cloudy",1.76,High - coneflower,8m to brush edge,15,"0.9m height, 40-deg downward",77,3450,3671,7.4,bee_crops/WW-NJ-003_video_02_track_77.jpg,BEE_EVENT_0134,0,New Unique Individual
PL-NJ-003_video_02.mp4,7/23/2026 13:05,"80F, Cloudy",1.86,Low - mixed lawn flowers,3m to bare soil,15,"0.9m height, 40-deg downward",84,3242,3600,11.97,bee_crops/PL-NJ-003_video_02_track_84.jpg,BEE_EVENT_0135,0,New Unique Individual
WW-NJ-003_video_05.mp4,8/4/2026 12:35,"78F, Cloudy",1.37,Medium - black-eyed Susan,6m to dead stems,15,"1.0m height, 45-deg downward",42,2574,2867,9.8,bee_crops/WW-NJ-003_video_05_track_42.jpg,BEE_EVENT_0136,0,New Unique Individual
PL-NJ-002_video_06.mp4,7/22/2026 12:42,"68F, Partly Cloudy",1.38,Medium - mixed native wildflowers,4m to wood pile,15,"1.2m height, 50-deg downward",9,4470,4633,5.45,bee_crops/PL-NJ-002_video_06_track_9.jpg,BEE_EVENT_0137,0,New Unique Individual
PL-NJ-002_video_08.mp4,7/23/2026 13:20,"80F, Cloudy",2.91,Medium - black-eyed Susan,6m to dead stems,15,"0.9m height, 40-deg downward",75,2070,2236,5.57,bee_crops/PL-NJ-002_video_08_track_75.jpg,BEE_EVENT_0138,0,New Unique Individual
PL-NJ-004_video_07.mp4,8/18/2026 9:55,"70F, Partly Cloudy",3.05,Medium - mixed native wildflowers,8m to brush edge,15,"1.2m height, 50-deg downward",22,2946,3371,14.19,bee_crops/PL-NJ-004_video_07_track_22.jpg,BEE_EVENT_0139,0,New Unique Individual
WW-NJ-001_video_10.mp4,8/25/2026 15:53,"70F, Sunny",3.89,Medium - black-eyed Susan,3m to bare soil,15,"1.0m height, 45-deg downward",66,2717,3156,14.65,bee_crops/WW-NJ-001_video_10_track_66.jpg,BEE_EVENT_0140,0,New Unique Individual
PL-NJ-004_video_10.mp4,8/28/2026 12:33,"84F, Clear",2.05,Low - mixed lawn flowers,1m to bare soil,15,"0.9m height, 40-deg downward",14,3065,3363,9.97,bee_crops/PL-NJ-004_video_10_track_14.jpg,BEE_EVENT_0141,0,New Unique Individual
WW-NJ-002_video_02.mp4,9/6/2026 11:27,"84F, Clear",1.9,High - milkweed,4m to wood pile,15,"0.8m height, 45-deg downward",57,2556,2698,4.76,bee_crops/WW-NJ-002_video_02_track_57.jpg,BEE_EVENT_0142,0,New Unique Individual
PL-NJ-003_video_06.mp4,7/19/2026 13:07,"70F, Partly Cloudy",0.87,Medium - clover,6m to dead stems,15,"1.0m height, 45-deg downward",71,943,1112,5.67,bee_crops/PL-NJ-003_video_06_track_71.jpg,BEE_EVENT_0143,0.416,New Unique Individual
WW-NJ-004_video_07.mp4,8/24/2026 11:16,"68F, Cloudy",2.9,Medium - black-eyed Susan,6m to dead stems,15,"0.9m height, 40-deg downward",50,5247,5488,8.06,bee_crops/WW-NJ-004_video_07_track_50.jpg,BEE_EVENT_0143,0.737,Re-entry (P=74%)
WW-NJ-002_video_10.mp4,7/21/2026 11:28,"76F, Clear",1.43,High - coneflower,6m to dead stems,15,"0.9m height, 40-deg downward",79,2671,2934,8.81,bee_crops/WW-NJ-002_video_10_track_79.jpg,BEE_EVENT_0144,0,New Unique Individual
WW-NJ-002_video_06.mp4,8/6/2026 16:44,"70F, Clear",3.4,High - mountain mint,1m to bare soil,15,"1.0m height, 45-deg downward",40,1414,1763,11.65,bee_crops/WW-NJ-002_video_06_track_40.jpg,BEE_EVENT_0144,0.712,Re-entry (P=71%)
PL-NJ-002_video_07.mp4,8/22/2026 11:41,"84F, Partly Cloudy",2.15,Medium - aster,4m to wood pile,15,"1.2m height, 50-deg downward",18,3144,3358,7.16,bee_crops/PL-NJ-002_video_07_track_18.jpg,BEE_EVENT_0145,0.411,New Unique Individual
PL-NJ-001_video_01.mp4,8/15/2026 11:17,"82F, Cloudy",3.88,Medium - mixed native wildflowers,4m to wood pile,15,"0.9m height, 40-deg downward",63,3146,3564,13.96,bee_crops/PL-NJ-001_video_01_track_63.jpg,BEE_EVENT_0146,0.45,New Unique Individual
WW-NJ-004_video_05.mp4,7/17/2026 13:19,"82F, Sunny",1.72,Medium - aster,3m to bare soil,15,"1.2m height, 50-deg downward",70,4405,4820,13.86,bee_crops/WW-NJ-004_video_05_track_70.jpg,BEE_EVENT_0147,0,New Unique Individual
WW-NJ-001_video_08.mp4,8/18/2026 12:32,"76F, Cloudy",3.16,High - milkweed,3m to bare soil,15,"1.2m height, 50-deg downward",12,839,1410,19.08,bee_crops/WW-NJ-001_video_08_track_12.jpg,BEE_EVENT_0148,0,New Unique Individual
WW-NJ-002_video_04.mp4,7/28/2026 15:00,"72F, Partly Cloudy",2.82,High - bee balm,10m to woodland edge,15,"0.8m height, 45-deg downward",73,5000,5247,8.28,bee_crops/WW-NJ-002_video_04_track_73.jpg,BEE_EVENT_0149,0,New Unique Individual
WW-NJ-005_video_10.mp4,8/18/2026 11:25,"84F, Partly Cloudy",1.73,High - mountain mint,10m to woodland edge,15,"0.9m height, 40-deg downward",8,2398,2699,10.08,bee_crops/WW-NJ-005_video_10_track_8.jpg,BEE_EVENT_0150,0,New Unique Individual
WW-NJ-003_video_03.mp4,7/30/2026 11:50,"82F, Clear",3.45,Medium - black-eyed Susan,8m to brush edge,15,"0.9m height, 40-deg downward",49,2639,2863,7.5,bee_crops/WW-NJ-003_video_03_track_49.jpg,BEE_EVENT_0151,0,New Unique Individual
WW-NJ-002_video_07.mp4,8/16/2026 13:49,"78F, Sunny",2.26,Medium - aster,8m to brush edge,15,"0.9m height, 40-deg downward",82,3024,3167,4.8,bee_crops/WW-NJ-002_video_07_track_82.jpg,BEE_EVENT_0152,0,New Unique Individual
PL-NJ-001_video_02.mp4,9/3/2026 15:18,"76F, Clear",3.44,Medium - aster,3m to bare soil,15,"1.0m height, 45-deg downward",73,3520,4474,31.82,bee_crops/PL-NJ-001_video_02_track_73.jpg,BEE_EVENT_0153,0,New Unique Individual
PL-NJ-001_video_01.mp4,7/17/2026 10:45,"82F, Sunny",0.85,High - bee balm,4m to wood pile,15,"1.0m height, 45-deg downward",17,3765,4284,17.34,bee_crops/PL-NJ-001_video_01_track_17.jpg,BEE_EVENT_0154,0,New Unique Individual
WW-NJ-005_video_03.mp4,9/8/2026 13:10,"78F, Sunny",1.95,High - coneflower,4m to wood pile,15,"1.2m height, 50-deg downward",30,5363,5772,13.66,bee_crops/WW-NJ-005_video_03_track_30.jpg,BEE_EVENT_0155,0,New Unique Individual
WW-NJ-002_video_02.mp4,7/15/2026 12:35,"84F, Sunny",1.22,High - milkweed,1m to bare soil,15,"1.2m height, 50-deg downward",16,639,881,8.1,bee_crops/WW-NJ-002_video_02_track_16.jpg,BEE_EVENT_0156,0,New Unique Individual
PL-NJ-002_video_03.mp4,8/14/2026 10:19,"70F, Clear",1.09,High - coneflower,3m to bare soil,15,"1.0m height, 45-deg downward",49,3139,3275,4.56,bee_crops/PL-NJ-002_video_03_track_49.jpg,BEE_EVENT_0157,0,New Unique Individual
WW-NJ-003_video_03.mp4,7/19/2026 9:44,"74F, Cloudy",1.33,Medium - clover,6m to dead stems,15,"0.9m height, 40-deg downward",28,5325,5786,15.39,bee_crops/WW-NJ-003_video_03_track_28.jpg,BEE_EVENT_0157,0.623,Re-entry (P=62%)
PL-NJ-005_video_07.mp4,8/6/2026 15:25,"74F, Sunny",1.59,High - coneflower,10m to woodland edge,15,"1.2m height, 50-deg downward",27,1146,1368,7.42,bee_crops/PL-NJ-005_video_07_track_27.jpg,BEE_EVENT_0158,0,New Unique Individual
PL-NJ-004_video_04.mp4,8/31/2026 15:23,"82F, Sunny",0.97,High - milkweed,2m to bare soil,15,"0.9m height, 40-deg downward",82,5294,5613,10.68,bee_crops/PL-NJ-004_video_04_track_82.jpg,BEE_EVENT_0159,0,New Unique Individual
PL-NJ-004_video_01.mp4,8/7/2026 14:13,"80F, Partly Cloudy",3.55,Low - mixed lawn flowers,10m to woodland edge,15,"0.9m height, 40-deg downward",10,3169,3338,5.66,bee_crops/PL-NJ-004_video_01_track_10.jpg,BEE_EVENT_0159,0.818,Re-entry (P=82%)
WW-NJ-001_video_01.mp4,9/3/2026 15:37,"80F, Cloudy",2.81,Medium - mixed native wildflowers,1m to bare soil,15,"1.0m height, 45-deg downward",36,2347,2633,9.58,bee_crops/WW-NJ-001_video_01_track_36.jpg,BEE_EVENT_0159,0.58,Re-entry (P=58%)
WW-NJ-003_video_09.mp4,8/4/2026 15:42,"76F, Partly Cloudy",3.24,High - coneflower,1m to bare soil,15,"1.0m height, 45-deg downward",12,5197,5372,5.87,bee_crops/WW-NJ-003_video_09_track_12.jpg,BEE_EVENT_0160,0,New Unique Individual
WW-NJ-002_video_08.mp4,8/23/2026 9:24,"68F, Sunny",3.17,High - coneflower,2m to bare soil,15,"0.9m height, 40-deg downward",45,5391,5570,6.01,bee_crops/WW-NJ-002_video_08_track_45.jpg,BEE_EVENT_0161,0,New Unique Individual
WW-NJ-005_video_03.mp4,8/7/2026 11:52,"68F, Cloudy",3.15,High - coneflower,3m to bare soil,15,"0.8m height, 45-deg downward",34,2202,2486,9.5,bee_crops/WW-NJ-005_video_03_track_34.jpg,BEE_EVENT_0162,0,New Unique Individual
PL-NJ-005_video_02.mp4,8/15/2026 16:37,"72F, Partly Cloudy",0.98,Low - mixed lawn flowers,3m to bare soil,15,"0.8m height, 45-deg downward",74,2951,3046,3.19,bee_crops/PL-NJ-005_video_02_track_74.jpg,BEE_EVENT_0163,0,New Unique Individual
WW-NJ-002_video_04.mp4,8/31/2026 9:07,"78F, Partly Cloudy",1.58,Medium - aster,2m to bare soil,15,"0.8m height, 45-deg downward",71,101,198,3.27,bee_crops/WW-NJ-002_video_04_track_71.jpg,BEE_EVENT_0164,0,New Unique Individual
PL-NJ-002_video_04.mp4,8/4/2026 12:31,"78F, Sunny",1.67,High - coneflower,2m to bare soil,15,"1.0m height, 45-deg downward",67,2621,2774,5.12,bee_crops/PL-NJ-002_video_04_track_67.jpg,BEE_EVENT_0165,0,New Unique Individual
PL-NJ-002_video_02.mp4,8/13/2026 13:54,"82F, Clear",1.85,Medium - mixed native wildflowers,2m to bare soil,15,"1.2m height, 50-deg downward",73,2546,2758,7.11,bee_crops/PL-NJ-002_video_02_track_73.jpg,BEE_EVENT_0166,0,New Unique Individual
PL-NJ-005_video_04.mp4,8/13/2026 14:42,"84F, Partly Cloudy",3.99,High - milkweed,1m to bare soil,15,"0.9m height, 40-deg downward",4,4042,4469,14.26,bee_crops/PL-NJ-005_video_04_track_4.jpg,BEE_EVENT_0166,0.508,Re-entry (P=51%)
WW-NJ-001_video_06.mp4,7/15/2026 15:59,"74F, Cloudy",1.13,Medium - mixed native wildflowers,1m to bare soil,15,"1.0m height, 45-deg downward",36,2520,2740,7.36,bee_crops/WW-NJ-001_video_06_track_36.jpg,BEE_EVENT_0167,0.339,New Unique Individual
PL-NJ-004_video_07.mp4,8/28/2026 14:34,"72F, Sunny",2.66,Medium - mixed native wildflowers,6m to dead stems,15,"0.8m height, 45-deg downward",56,696,937,8.07,bee_crops/PL-NJ-004_video_07_track_56.jpg,BEE_EVENT_0168,0,New Unique Individual
WW-NJ-003_video_04.mp4,8/2/2026 13:59,"78F, Cloudy",3.76,Medium - black-eyed Susan,3m to bare soil,15,"1.0m height, 45-deg downward",10,2581,2783,6.77,bee_crops/WW-NJ-003_video_04_track_10.jpg,BEE_EVENT_0169,0,New Unique Individual
WW-NJ-003_video_10.mp4,7/21/2026 11:11,"80F, Clear",2.24,Medium - clover,10m to woodland edge,15,"1.0m height, 45-deg downward",58,1347,1648,10.07,bee_crops/WW-NJ-003_video_10_track_58.jpg,BEE_EVENT_0170,0,New Unique Individual
WW-NJ-005_video_02.mp4,7/20/2026 11:56,"68F, Clear",3.44,Low - mixed lawn flowers,2m to bare soil,15,"0.8m height, 45-deg downward",32,2493,2635,4.77,bee_crops/WW-NJ-005_video_02_track_32.jpg,BEE_EVENT_0171,0,New Unique Individual
PL-NJ-002_video_09.mp4,7/18/2026 13:21,"82F, Sunny",0.9,Medium - black-eyed Susan,4m to wood pile,15,"0.8m height, 45-deg downward",18,1425,1652,7.61,bee_crops/PL-NJ-002_video_09_track_18.jpg,BEE_EVENT_0171,0.63,Re-entry (P=63%)
WW-NJ-004_video_03.mp4,7/27/2026 15:28,"76F, Sunny",3.8,High - coneflower,1m to bare soil,15,"1.0m height, 45-deg downward",83,5164,5481,10.6,bee_crops/WW-NJ-004_video_03_track_83.jpg,BEE_EVENT_0172,0,New Unique Individual
WW-NJ-003_video_02.mp4,9/7/2026 14:12,"72F, Cloudy",3.82,High - goldenrod,4m to wood pile,15,"0.8m height, 45-deg downward",49,350,633,9.45,bee_crops/WW-NJ-003_video_02_track_49.jpg,BEE_EVENT_0173,0,New Unique Individual
WW-NJ-003_video_06.mp4,7/28/2026 11:22,"68F, Clear",2.23,High - bee balm,4m to wood pile,15,"0.9m height, 40-deg downward",71,2293,2539,8.23,bee_crops/WW-NJ-003_video_06_track_71.jpg,BEE_EVENT_0174,0,New Unique Individual
WW-NJ-002_video_05.mp4,8/8/2026 11:31,"74F, Cloudy",2.86,Medium - mixed native wildflowers,10m to woodland edge,15,"1.2m height, 50-deg downward",62,1634,1882,8.3,bee_crops/WW-NJ-002_video_05_track_62.jpg,BEE_EVENT_0175,0,New Unique Individual
PL-NJ-003_video_06.mp4,8/20/2026 14:29,"74F, Clear",1.38,Medium - clover,1m to bare soil,15,"0.9m height, 40-deg downward",68,2216,2554,11.29,bee_crops/PL-NJ-003_video_06_track_68.jpg,BEE_EVENT_0176,0,New Unique Individual
PL-NJ-005_video_04.mp4,7/25/2026 10:20,"68F, Cloudy",1.57,Medium - mixed native wildflowers,3m to bare soil,15,"1.0m height, 45-deg downward",23,5382,6374,33.1,bee_crops/PL-NJ-005_video_04_track_23.jpg,BEE_EVENT_0176,0.545,Re-entry (P=54%)
PL-NJ-001_video_10.mp4,7/16/2026 14:41,"82F, Partly Cloudy",1.25,High - milkweed,4m to wood pile,15,"0.8m height, 45-deg downward",12,4618,4766,4.96,bee_crops/PL-NJ-001_video_10_track_12.jpg,BEE_EVENT_0176,0.653,Re-entry (P=65%)
PL-NJ-003_video_01.mp4,8/5/2026 12:56,"78F, Sunny",1.89,High - bee balm,2m to bare soil,15,"1.0m height, 45-deg downward",15,1069,2085,33.9,bee_crops/PL-NJ-003_video_01_track_15.jpg,BEE_EVENT_0177,0,New Unique Individual
PL-NJ-001_video_02.mp4,8/7/2026 15:42,"72F, Cloudy",1.88,Medium - clover,10m to woodland edge,15,"0.9m height, 40-deg downward",84,828,972,4.83,bee_crops/PL-NJ-001_video_02_track_84.jpg,BEE_EVENT_0178,0,New Unique Individual
PL-NJ-004_video_10.mp4,9/3/2026 14:19,"76F, Partly Cloudy",3.41,Medium - black-eyed Susan,2m to bare soil,15,"0.8m height, 45-deg downward",74,4825,4885,2.05,bee_crops/PL-NJ-004_video_10_track_74.jpg,BEE_EVENT_0179,0,New Unique Individual
PL-NJ-005_video_01.mp4,7/26/2026 14:56,"70F, Partly Cloudy",1.51,Low - mixed lawn flowers,3m to bare soil,15,"0.8m height, 45-deg downward",31,5009,5182,5.8,bee_crops/PL-NJ-005_video_01_track_31.jpg,BEE_EVENT_0180,0,New Unique Individual
PL-NJ-001_video_03.mp4,8/24/2026 10:57,"82F, Clear",3.13,Medium - clover,2m to bare soil,15,"1.0m height, 45-deg downward",9,5236,5541,10.2,bee_crops/PL-NJ-001_video_03_track_9.jpg,BEE_EVENT_0181,0,New Unique Individual
WW-NJ-002_video_01.mp4,7/18/2026 15:33,"82F, Clear",3.9,Medium - black-eyed Susan,6m to dead stems,15,"0.9m height, 40-deg downward",13,3438,4267,27.65,bee_crops/WW-NJ-002_video_01_track_13.jpg,BEE_EVENT_0182,0,New Unique Individual
PL-NJ-005_video_04.mp4,7/25/2026 16:09,"76F, Sunny",1.74,Medium - clover,3m to bare soil,15,"1.0m height, 45-deg downward",49,274,409,4.55,bee_crops/PL-NJ-005_video_04_track_49.jpg,BEE_EVENT_0182,0.575,Re-entry (P=58%)
WW-NJ-002_video_06.mp4,8/22/2026 16:50,"80F, Sunny",2.18,High - bee balm,1m to bare soil,15,"1.2m height, 50-deg downward",27,254,590,11.24,bee_crops/WW-NJ-002_video_06_track_27.jpg,BEE_EVENT_0183,0,New Unique Individual
PL-NJ-002_video_09.mp4,8/30/2026 13:47,"68F, Cloudy",1.75,High - coneflower,2m to bare soil,15,"0.8m height, 45-deg downward",47,2307,2410,3.46,bee_crops/PL-NJ-002_video_09_track_47.jpg,BEE_EVENT_0183,0.606,Re-entry (P=61%)
PL-NJ-005_video_08.mp4,7/27/2026 10:06,"70F, Sunny",1.35,High - mountain mint,3m to bare soil,15,"0.9m height, 40-deg downward",61,1696,2501,26.85,bee_crops/PL-NJ-005_video_08_track_61.jpg,BEE_EVENT_0184,0,New Unique Individual
WW-NJ-005_video_02.mp4,8/25/2026 15:16,"72F, Sunny",3.63,Medium - clover,3m to bare soil,15,"0.9m height, 40-deg downward",60,3040,3566,17.58,bee_crops/WW-NJ-005_video_02_track_60.jpg,BEE_EVENT_0185,0.424,New Unique Individual
WW-NJ-003_video_02.mp4,7/20/2026 14:56,"74F, Cloudy",2.12,Low - mixed lawn flowers,10m to woodland edge,15,"0.9m height, 40-deg downward",69,4436,4616,6.02,bee_crops/WW-NJ-003_video_02_track_69.jpg,BEE_EVENT_0186,0,New Unique Individual
PL-NJ-003_video_10.mp4,7/30/2026 16:24,"84F, Sunny",2.06,High - goldenrod,10m to woodland edge,15,"0.9m height, 40-deg downward",23,647,726,2.68,bee_crops/PL-NJ-003_video_10_track_23.jpg,BEE_EVENT_0187,0,New Unique Individual
WW-NJ-003_video_04.mp4,9/4/2026 12:13,"74F, Clear",2.15,Medium - black-eyed Susan,3m to bare soil,15,"0.8m height, 45-deg downward",12,350,940,19.69,bee_crops/WW-NJ-003_video_04_track_12.jpg,BEE_EVENT_0188,0,New Unique Individual
PL-NJ-002_video_09.mp4,8/4/2026 13:38,"84F, Sunny",3.73,High - goldenrod,4m to wood pile,15,"1.0m height, 45-deg downward",19,3754,3980,7.58,bee_crops/PL-NJ-002_video_09_track_19.jpg,BEE_EVENT_0189,0,New Unique Individual
PL-NJ-005_video_02.mp4,7/21/2026 10:55,"80F, Cloudy",3.58,Medium - clover,8m to brush edge,15,"0.9m height, 40-deg downward",74,2344,2891,18.26,bee_crops/PL-NJ-005_video_02_track_74.jpg,BEE_EVENT_0190,0,New Unique Individual
WW-NJ-001_video_03.mp4,8/1/2026 15:14,"68F, Clear",2.75,Medium - black-eyed Susan,8m to brush edge,15,"1.0m height, 45-deg downward",7,5065,5310,8.19,bee_crops/WW-NJ-001_video_03_track_7.jpg,BEE_EVENT_0191,0,New Unique Individual
WW-NJ-005_video_06.mp4,7/16/2026 14:57,"70F, Partly Cloudy",1.8,Medium - aster,3m to bare soil,15,"0.9m height, 40-deg downward",42,2483,2735,8.42,bee_crops/WW-NJ-005_video_06_track_42.jpg,BEE_EVENT_0191,0.535,Re-entry (P=54%)
WW-NJ-004_video_08.mp4,7/28/2026 15:52,"68F, Sunny",3.23,Medium - clover,3m to bare soil,15,"0.9m height, 40-deg downward",18,3969,4151,6.09,bee_crops/WW-NJ-004_video_08_track_18.jpg,BEE_EVENT_0192,0,New Unique Individual
PL-NJ-004_video_10.mp4,7/16/2026 11:17,"68F, Sunny",3.48,High - milkweed,3m to bare soil,15,"1.0m height, 45-deg downward",36,1645,2011,12.24,bee_crops/PL-NJ-004_video_10_track_36.jpg,BEE_EVENT_0193,0,New Unique Individual
PL-NJ-003_video_09.mp4,8/9/2026 10:48,"82F, Cloudy",1.57,Medium - aster,6m to dead stems,15,"1.2m height, 50-deg downward",45,251,515,8.83,bee_crops/PL-NJ-003_video_09_track_45.jpg,BEE_EVENT_0194,0.372,New Unique Individual
WW-NJ-002_video_05.mp4,7/16/2026 15:08,"74F, Partly Cloudy",3.53,High - milkweed,3m to bare soil,15,"0.9m height, 40-deg downward",66,1335,1676,11.41,bee_crops/WW-NJ-002_video_05_track_66.jpg,BEE_EVENT_0195,0.397,New Unique Individual
WW-NJ-001_video_08.mp4,7/23/2026 11:43,"76F, Cloudy",1.52,Low - mixed lawn flowers,4m to wood pile,15,"1.2m height, 50-deg downward",59,70,159,3.01,bee_crops/WW-NJ-001_video_08_track_59.jpg,BEE_EVENT_0195,0.51,Re-entry (P=51%)
PL-NJ-005_video_07.mp4,8/21/2026 10:05,"84F, Clear",4,Medium - clover,8m to brush edge,15,"0.8m height, 45-deg downward",62,4191,4752,18.74,bee_crops/PL-NJ-005_video_07_track_62.jpg,BEE_EVENT_0196,0.369,New Unique Individual
WW-NJ-005_video_05.mp4,8/25/2026 13:17,"68F, Clear",2.46,High - milkweed,8m to brush edge,15,"1.0m height, 45-deg downward",4,1229,1899,22.38,bee_crops/WW-NJ-005_video_05_track_4.jpg,BEE_EVENT_0197,0,New Unique Individual
WW-NJ-005_video_05.mp4,8/10/2026 15:29,"74F, Partly Cloudy",2.67,Low - mixed lawn flowers,8m to brush edge,15,"0.9m height, 40-deg downward",46,290,553,8.8,bee_crops/WW-NJ-005_video_05_track_46.jpg,BEE_EVENT_0198,0,New Unique Individual
WW-NJ-003_video_09.mp4,7/26/2026 13:11,"84F, Clear",1.21,High - mountain mint,8m to brush edge,15,"0.8m height, 45-deg downward",29,3857,4791,31.17,bee_crops/WW-NJ-003_video_09_track_29.jpg,BEE_EVENT_0199,0,New Unique Individual
WW-NJ-005_video_07.mp4,9/3/2026 14:28,"70F, Sunny",2.67,Medium - aster,10m to woodland edge,15,"0.8m height, 45-deg downward",61,2135,2901,25.56,bee_crops/WW-NJ-005_video_07_track_61.jpg,BEE_EVENT_0200,0,New Unique Individual
PL-NJ-004_video_02.mp4,9/8/2026 15:38,"72F, Clear",2.12,High - bee balm,4m to wood pile,15,"0.9m height, 40-deg downward",19,2445,2817,12.42,bee_crops/PL-NJ-004_video_02_track_19.jpg,BEE_EVENT_0201,0,New Unique Individual
WW-NJ-003_video_02.mp4,8/15/2026 14:45,"68F, Clear",1.8,High - goldenrod,2m to bare soil,15,"1.0m height, 45-deg downward",74,1449,2044,19.88,bee_crops/WW-NJ-003_video_02_track_74.jpg,BEE_EVENT_0202,0,New Unique Individual
PL-NJ-003_video_02.mp4,7/23/2026 15:45,"80F, Sunny",2.09,Medium - aster,6m to dead stems,15,"1.0m height, 45-deg downward",48,3518,4005,16.25,bee_crops/PL-NJ-003_video_02_track_48.jpg,BEE_EVENT_0203,0,New Unique Individual
PL-NJ-001_video_09.mp4,7/27/2026 9:48,"74F, Clear",2.81,High - milkweed,2m to bare soil,15,"0.8m height, 45-deg downward",50,34,111,2.6,bee_crops/PL-NJ-001_video_09_track_50.jpg,BEE_EVENT_0204,0,New Unique Individual
WW-NJ-005_video_03.mp4,7/19/2026 9:24,"84F, Cloudy",2.26,Medium - mixed native wildflowers,8m to brush edge,15,"1.0m height, 45-deg downward",44,2383,2588,6.85,bee_crops/WW-NJ-005_video_03_track_44.jpg,BEE_EVENT_0205,0,New Unique Individual
PL-NJ-003_video_06.mp4,9/1/2026 12:15,"72F, Sunny",0.86,High - milkweed,6m to dead stems,15,"1.0m height, 45-deg downward",16,3305,3695,13.02,bee_crops/PL-NJ-003_video_06_track_16.jpg,BEE_EVENT_0206,0,New Unique Individual
WW-NJ-001_video_07.mp4,8/24/2026 13:54,"68F, Sunny",2.79,Low - mixed lawn flowers,1m to bare soil,15,"0.8m height, 45-deg downward",54,4381,5086,23.54,bee_crops/WW-NJ-001_video_07_track_54.jpg,BEE_EVENT_0207,0,New Unique Individual
WW-NJ-002_video_09.mp4,7/31/2026 16:49,"76F, Sunny",1.46,High - goldenrod,8m to brush edge,15,"1.2m height, 50-deg downward",80,1255,1354,3.33,bee_crops/WW-NJ-002_video_09_track_80.jpg,BEE_EVENT_0208,0,New Unique Individual
WW-NJ-003_video_07.mp4,9/6/2026 10:37,"70F, Partly Cloudy",1.18,High - coneflower,6m to dead stems,15,"1.0m height, 45-deg downward",34,5061,5141,2.7,bee_crops/WW-NJ-003_video_07_track_34.jpg,BEE_EVENT_0209,0,New Unique Individual
WW-NJ-004_video_06.mp4,8/29/2026 15:23,"74F, Clear",0.93,Medium - aster,2m to bare soil,15,"0.8m height, 45-deg downward",2,1314,1549,7.88,bee_crops/WW-NJ-004_video_06_track_2.jpg,BEE_EVENT_0210,0,New Unique Individual
WW-NJ-002_video_10.mp4,8/26/2026 16:14,"70F, Partly Cloudy",3.29,High - coneflower,4m to wood pile,15,"1.2m height, 50-deg downward",34,738,801,2.13,bee_crops/WW-NJ-002_video_10_track_34.jpg,BEE_EVENT_0211,0,New Unique Individual
WW-NJ-002_video_03.mp4,9/8/2026 9:59,"80F, Sunny",1.95,Medium - clover,10m to woodland edge,15,"0.8m height, 45-deg downward",2,2381,2611,7.71,bee_crops/WW-NJ-002_video_03_track_2.jpg,BEE_EVENT_0212,0,New Unique Individual
WW-NJ-003_video_06.mp4,8/6/2026 16:44,"78F, Partly Cloudy",3.61,High - coneflower,1m to bare soil,15,"0.9m height, 40-deg downward",52,2198,2508,10.36,bee_crops/WW-NJ-003_video_06_track_52.jpg,BEE_EVENT_0213,0,New Unique Individual
WW-NJ-005_video_07.mp4,8/28/2026 16:56,"70F, Sunny",2.88,High - bee balm,10m to woodland edge,15,"1.0m height, 45-deg downward",14,3455,3587,4.43,bee_crops/WW-NJ-005_video_07_track_14.jpg,BEE_EVENT_0214,0,New Unique Individual
PL-NJ-005_video_08.mp4,9/4/2026 16:16,"68F, Cloudy",2.02,Medium - clover,4m to wood pile,15,"0.8m height, 45-deg downward",53,5008,5242,7.84,bee_crops/PL-NJ-005_video_08_track_53.jpg,BEE_EVENT_0215,0,New Unique Individual
WW-NJ-002_video_05.mp4,8/25/2026 14:05,"74F, Sunny",3.26,Low - mixed lawn flowers,4m to wood pile,15,"1.0m height, 45-deg downward",62,4300,4755,15.19,bee_crops/WW-NJ-002_video_05_track_62.jpg,BEE_EVENT_0216,0,New Unique Individual
PL-NJ-002_video_03.mp4,9/6/2026 9:05,"82F, Partly Cloudy",3.79,Medium - mixed native wildflowers,1m to bare soil,15,"0.9m height, 40-deg downward",42,5271,5444,5.79,bee_crops/PL-NJ-002_video_03_track_42.jpg,BEE_EVENT_0216,0.505,Re-entry (P=51%)
WW-NJ-004_video_09.mp4,8/25/2026 15:30,"82F, Cloudy",1.05,Medium - aster,4m to wood pile,15,"1.2m height, 50-deg downward",16,1926,2071,4.88,bee_crops/WW-NJ-004_video_09_track_16.jpg,BEE_EVENT_0217,0,New Unique Individual
WW-NJ-001_video_02.mp4,8/9/2026 15:07,"76F, Cloudy",2.56,High - coneflower,3m to bare soil,15,"1.2m height, 50-deg downward",7,4565,4793,7.62,bee_crops/WW-NJ-001_video_02_track_7.jpg,BEE_EVENT_0218,0,New Unique Individual
PL-NJ-003_video_06.mp4,8/19/2026 16:50,"70F, Partly Cloudy",1.96,Medium - aster,1m to bare soil,15,"1.2m height, 50-deg downward",46,5384,5508,4.17,bee_crops/PL-NJ-003_video_06_track_46.jpg,BEE_EVENT_0219,0,New Unique Individual
WW-NJ-005_video_09.mp4,8/17/2026 14:49,"82F, Cloudy",0.95,High - bee balm,1m to bare soil,15,"1.2m height, 50-deg downward",79,871,1748,29.28,bee_crops/WW-NJ-005_video_09_track_79.jpg,BEE_EVENT_0219,0.585,Re-entry (P=58%)
WW-NJ-004_video_08.mp4,9/5/2026 12:50,"68F, Cloudy",1.14,Medium - black-eyed Susan,4m to wood pile,15,"1.0m height, 45-deg downward",64,2769,3019,8.36,bee_crops/WW-NJ-004_video_08_track_64.jpg,BEE_EVENT_0220,0.455,New Unique Individual
PL-NJ-002_video_10.mp4,8/14/2026 11:49,"70F, Clear",1.36,High - bee balm,6m to dead stems,15,"0.9m height, 40-deg downward",54,4740,4894,5.18,bee_crops/PL-NJ-002_video_10_track_54.jpg,BEE_EVENT_0221,0,New Unique Individual
WW-NJ-004_video_05.mp4,8/9/2026 14:23,"80F, Clear",3.38,High - bee balm,8m to brush edge,15,"1.0m height, 45-deg downward",26,3710,3990,9.38,bee_crops/WW-NJ-004_video_05_track_26.jpg,BEE_EVENT_0222,0.432,New Unique Individual
WW-NJ-003_video_03.mp4,8/16/2026 14:50,"82F, Clear",3.23,Medium - mixed native wildflowers,10m to woodland edge,15,"0.9m height, 40-deg downward",2,946,1173,7.59,bee_crops/WW-NJ-003_video_03_track_2.jpg,BEE_EVENT_0223,0,New Unique Individual
WW-NJ-001_video_07.mp4,7/24/2026 9:47,"76F, Partly Cloudy",1.44,High - bee balm,10m to woodland edge,15,"0.8m height, 45-deg downward",38,464,675,7.07,bee_crops/WW-NJ-001_video_07_track_38.jpg,BEE_EVENT_0223,0.571,Re-entry (P=57%)
PL-NJ-003_video_02.mp4,8/23/2026 12:52,"84F, Sunny",2.6,High - milkweed,4m to wood pile,15,"0.9m height, 40-deg downward",54,5302,5474,5.78,bee_crops/PL-NJ-003_video_02_track_54.jpg,BEE_EVENT_0224,0,New Unique Individual
PL-NJ-001_video_09.mp4,7/18/2026 9:52,"74F, Partly Cloudy",1.45,Medium - aster,10m to woodland edge,15,"1.0m height, 45-deg downward",38,2059,2227,5.62,bee_crops/PL-NJ-001_video_09_track_38.jpg,BEE_EVENT_0225,0,New Unique Individual
WW-NJ-002_video_03.mp4,7/26/2026 10:29,"76F, Partly Cloudy",2.17,Medium - mixed native wildflowers,6m to dead stems,15,"1.2m height, 50-deg downward",1,333,424,3.05,bee_crops/WW-NJ-002_video_03_track_1.jpg,BEE_EVENT_0226,0,New Unique Individual
WW-NJ-003_video_01.mp4,7/24/2026 14:43,"76F, Clear",3.28,Low - mixed lawn flowers,1m to bare soil,15,"1.2m height, 50-deg downward",68,417,1012,19.86,bee_crops/WW-NJ-003_video_01_track_68.jpg,BEE_EVENT_0226,0.837,Re-entry (P=84%)
PL-NJ-004_video_03.mp4,8/10/2026 15:10,"78F, Clear",1.51,High - milkweed,3m to bare soil,15,"1.0m height, 45-deg downward",80,2863,3218,11.88,bee_crops/PL-NJ-004_video_03_track_80.jpg,BEE_EVENT_0227,0,New Unique Individual
PL-NJ-004_video_01.mp4,7/22/2026 14:33,"74F, Clear",3.69,Low - mixed lawn flowers,4m to wood pile,15,"0.8m height, 45-deg downward",50,1969,2268,10,bee_crops/PL-NJ-004_video_01_track_50.jpg,BEE_EVENT_0227,0.601,Re-entry (P=60%)
PL-NJ-004_video_06.mp4,8/16/2026 16:36,"78F, Sunny",1.75,High - milkweed,2m to bare soil,15,"0.8m height, 45-deg downward",81,360,584,7.51,bee_crops/PL-NJ-004_video_06_track_81.jpg,BEE_EVENT_0228,0.425,New Unique Individual
PL-NJ-002_video_02.mp4,7/28/2026 15:46,"68F, Clear",3.19,High - bee balm,1m to bare soil,15,"0.8m height, 45-deg downward",10,591,722,4.39,bee_crops/PL-NJ-002_video_02_track_10.jpg,BEE_EVENT_0229,0.437,New Unique Individual
PL-NJ-005_video_04.mp4,7/31/2026 15:29,"78F, Cloudy",2.82,Medium - black-eyed Susan,8m to brush edge,15,"0.8m height, 45-deg downward",69,3696,3845,4.99,bee_crops/PL-NJ-005_video_04_track_69.jpg,BEE_EVENT_0229,0.591,Re-entry (P=59%)
PL-NJ-005_video_01.mp4,8/28/2026 10:27,"70F, Cloudy",1.14,High - mountain mint,4m to wood pile,15,"0.9m height, 40-deg downward",85,4120,4216,3.24,bee_crops/PL-NJ-005_video_01_track_85.jpg,BEE_EVENT_0229,0.789,Re-entry (P=79%)
PL-NJ-002_video_09.mp4,8/2/2026 11:24,"84F, Sunny",1.99,High - goldenrod,1m to bare soil,15,"0.8m height, 45-deg downward",74,5308,5468,5.36,bee_crops/PL-NJ-002_video_09_track_74.jpg,BEE_EVENT_0230,0,New Unique Individual
PL-NJ-004_video_09.mp4,7/20/2026 13:18,"72F, Partly Cloudy",1.48,Medium - mixed native wildflowers,2m to bare soil,15,"1.2m height, 50-deg downward",25,2817,2937,4.04,bee_crops/PL-NJ-004_video_09_track_25.jpg,BEE_EVENT_0231,0.472,New Unique Individual
WW-NJ-001_video_09.mp4,8/13/2026 10:23,"82F, Clear",1.6,High - milkweed,2m to bare soil,15,"1.0m height, 45-deg downward",13,552,1285,24.45,bee_crops/WW-NJ-001_video_09_track_13.jpg,BEE_EVENT_0232,0,New Unique Individual
WW-NJ-002_video_04.mp4,8/4/2026 16:33,"72F, Clear",2.77,High - mountain mint,4m to wood pile,15,"1.0m height, 45-deg downward",1,2690,3123,14.48,bee_crops/WW-NJ-002_video_04_track_1.jpg,BEE_EVENT_0233,0,New Unique Individual
WW-NJ-004_video_07.mp4,8/1/2026 14:13,"82F, Clear",3.61,Medium - aster,4m to wood pile,15,"0.8m height, 45-deg downward",23,2717,2974,8.59,bee_crops/WW-NJ-004_video_07_track_23.jpg,BEE_EVENT_0234,0,New Unique Individual
WW-NJ-002_video_05.mp4,9/7/2026 11:39,"70F, Sunny",1.64,High - coneflower,10m to woodland edge,15,"0.9m height, 40-deg downward",76,1610,1749,4.67,bee_crops/WW-NJ-002_video_05_track_76.jpg,BEE_EVENT_0234,0.835,Re-entry (P=84%)
PL-NJ-004_video_08.mp4,8/25/2026 11:28,"76F, Cloudy",1.51,Low - mixed lawn flowers,6m to dead stems,15,"0.8m height, 45-deg downward",51,3216,3340,4.16,bee_crops/PL-NJ-004_video_08_track_51.jpg,BEE_EVENT_0235,0,New Unique Individual
WW-NJ-001_video_04.mp4,9/7/2026 11:53,"72F, Cloudy",1.25,High - bee balm,3m to bare soil,15,"0.8m height, 45-deg downward",29,4212,4428,7.22,bee_crops/WW-NJ-001_video_04_track_29.jpg,BEE_EVENT_0236,0,New Unique Individual
WW-NJ-004_video_02.mp4,7/31/2026 14:19,"78F, Cloudy",2.94,Medium - mixed native wildflowers,4m to wood pile,15,"0.8m height, 45-deg downward",6,351,797,14.91,bee_crops/WW-NJ-004_video_02_track_6.jpg,BEE_EVENT_0237,0,New Unique Individual
PL-NJ-001_video_02.mp4,8/29/2026 13:58,"72F, Cloudy",2.65,Low - mixed lawn flowers,3m to bare soil,15,"0.8m height, 45-deg downward",67,2158,3005,28.25,bee_crops/PL-NJ-001_video_02_track_67.jpg,BEE_EVENT_0238,0.462,New Unique Individual
PL-NJ-002_video_06.mp4,9/5/2026 14:36,"84F, Cloudy",3.64,High - goldenrod,2m to bare soil,15,"1.0m height, 45-deg downward",10,3950,4048,3.29,bee_crops/PL-NJ-002_video_06_track_10.jpg,BEE_EVENT_0239,0,New Unique Individual
WW-NJ-005_video_04.mp4,7/24/2026 11:15,"74F, Clear",2.73,High - coneflower,8m to brush edge,15,"0.8m height, 45-deg downward",62,2968,3320,11.77,bee_crops/WW-NJ-005_video_04_track_62.jpg,BEE_EVENT_0240,0,New Unique Individual
PL-NJ-003_video_04.mp4,8/21/2026 11:46,"72F, Partly Cloudy",0.87,High - goldenrod,8m to brush edge,15,"0.8m height, 45-deg downward",74,3367,3526,5.35,bee_crops/PL-NJ-003_video_04_track_74.jpg,BEE_EVENT_0240,0.547,Re-entry (P=55%)
PL-NJ-004_video_07.mp4,8/22/2026 9:51,"82F, Cloudy",3.83,High - milkweed,2m to bare soil,15,"1.0m height, 45-deg downward",53,2323,2500,5.95,bee_crops/PL-NJ-004_video_07_track_53.jpg,BEE_EVENT_0241,0,New Unique Individual
PL-NJ-005_video_03.mp4,8/23/2026 13:15,"70F, Cloudy",3.75,Low - mixed lawn flowers,4m to wood pile,15,"1.0m height, 45-deg downward",14,2808,3060,8.43,bee_crops/PL-NJ-005_video_03_track_14.jpg,BEE_EVENT_0242,0.437,New Unique Individual
PL-NJ-002_video_03.mp4,8/22/2026 10:16,"68F, Sunny",3.69,Low - mixed lawn flowers,4m to wood pile,15,"1.0m height, 45-deg downward",78,3899,4041,4.76,bee_crops/PL-NJ-002_video_03_track_78.jpg,BEE_EVENT_0243,0,New Unique Individual
WW-NJ-001_video_07.mp4,8/17/2026 15:28,"74F, Cloudy",3.03,Medium - black-eyed Susan,3m to bare soil,15,"0.8m height, 45-deg downward",55,356,565,6.99,bee_crops/WW-NJ-001_video_07_track_55.jpg,BEE_EVENT_0243,0.635,Re-entry (P=64%)
WW-NJ-002_video_05.mp4,8/22/2026 15:21,"84F, Sunny",0.82,High - goldenrod,4m to wood pile,15,"1.0m height, 45-deg downward",41,1549,1684,4.53,bee_crops/WW-NJ-002_video_05_track_41.jpg,BEE_EVENT_0244,0,New Unique Individual
WW-NJ-002_video_03.mp4,8/11/2026 13:21,"76F, Partly Cloudy",2.16,Medium - clover,4m to wood pile,15,"0.9m height, 40-deg downward",23,4392,4559,5.61,bee_crops/WW-NJ-002_video_03_track_23.jpg,BEE_EVENT_0245,0,New Unique Individual
PL-NJ-004_video_08.mp4,7/31/2026 13:41,"72F, Partly Cloudy",3.28,Medium - black-eyed Susan,4m to wood pile,15,"1.0m height, 45-deg downward",13,2821,3220,13.34,bee_crops/PL-NJ-004_video_08_track_13.jpg,BEE_EVENT_0245,0.633,Re-entry (P=63%)
PL-NJ-004_video_10.mp4,8/28/2026 9:15,"70F, Cloudy",3.89,High - goldenrod,6m to dead stems,15,"0.9m height, 40-deg downward",12,3188,3448,8.71,bee_crops/PL-NJ-004_video_10_track_12.jpg,BEE_EVENT_0245,0.811,Re-entry (P=81%)
WW-NJ-001_video_07.mp4,8/9/2026 13:50,"82F, Sunny",0.98,High - bee balm,2m to bare soil,15,"1.2m height, 50-deg downward",25,4895,5293,13.31,bee_crops/WW-NJ-001_video_07_track_25.jpg,BEE_EVENT_0245,0.508,Re-entry (P=51%)
WW-NJ-004_video_10.mp4,7/25/2026 9:28,"70F, Cloudy",2.9,High - bee balm,3m to bare soil,15,"0.9m height, 40-deg downward",52,1960,2118,5.31,bee_crops/WW-NJ-004_video_10_track_52.jpg,BEE_EVENT_0246,0,New Unique Individual
PL-NJ-004_video_01.mp4,8/31/2026 10:10,"78F, Clear",1.71,Medium - mixed native wildflowers,2m to bare soil,15,"1.0m height, 45-deg downward",59,4503,4857,11.83,bee_crops/PL-NJ-004_video_01_track_59.jpg,BEE_EVENT_0247,0,New Unique Individual
PL-NJ-005_video_01.mp4,7/31/2026 11:31,"84F, Clear",1.14,High - coneflower,1m to bare soil,15,"1.2m height, 50-deg downward",69,4148,4232,2.84,bee_crops/PL-NJ-005_video_01_track_69.jpg,BEE_EVENT_0248,0,New Unique Individual
PL-NJ-005_video_05.mp4,8/28/2026 16:29,"78F, Cloudy",2.35,High - milkweed,6m to dead stems,15,"0.8m height, 45-deg downward",62,4614,4866,8.43,bee_crops/PL-NJ-005_video_05_track_62.jpg,BEE_EVENT_0248,0.677,Re-entry (P=68%)
WW-NJ-004_video_04.mp4,9/4/2026 14:31,"76F, Clear",2.45,High - goldenrod,1m to bare soil,15,"0.9m height, 40-deg downward",44,2893,3263,12.37,bee_crops/WW-NJ-004_video_04_track_44.jpg,BEE_EVENT_0249,0.417,New Unique Individual
PL-NJ-001_video_04.mp4,8/20/2026 13:16,"74F, Clear",2.4,High - milkweed,2m to bare soil,15,"1.0m height, 45-deg downward",26,1558,1640,2.77,bee_crops/PL-NJ-001_video_04_track_26.jpg,BEE_EVENT_0250,0,New Unique Individual
PL-NJ-005_video_06.mp4,7/24/2026 10:12,"68F, Cloudy",2.96,Medium - aster,3m to bare soil,15,"1.2m height, 50-deg downward",64,643,802,5.35,bee_crops/PL-NJ-005_video_06_track_64.jpg,BEE_EVENT_0251,0,New Unique Individual
PL-NJ-005_video_05.mp4,8/15/2026 11:53,"72F, Cloudy",1.7,High - milkweed,4m to wood pile,15,"0.8m height, 45-deg downward",65,4188,4440,8.42,bee_crops/PL-NJ-005_video_05_track_65.jpg,BEE_EVENT_0252,0,New Unique Individual
WW-NJ-003_video_08.mp4,7/22/2026 16:25,"80F, Clear",0.84,High - milkweed,3m to bare soil,15,"1.2m height, 50-deg downward",24,69,539,15.71,bee_crops/WW-NJ-003_video_08_track_24.jpg,BEE_EVENT_0253,0,New Unique Individual
WW-NJ-004_video_05.mp4,8/14/2026 14:28,"80F, Clear",2.4,High - milkweed,10m to woodland edge,15,"0.9m height, 40-deg downward",36,1507,1674,5.61,bee_crops/WW-NJ-004_video_05_track_36.jpg,BEE_EVENT_0254,0,New Unique Individual
PL-NJ-005_video_03.mp4,8/20/2026 12:57,"84F, Cloudy",3.11,High - milkweed,2m to bare soil,15,"1.0m height, 45-deg downward",20,819,1164,11.52,bee_crops/PL-NJ-005_video_03_track_20.jpg,BEE_EVENT_0255,0,New Unique Individual
WW-NJ-001_video_03.mp4,8/10/2026 16:13,"82F, Clear",2.45,Medium - clover,6m to dead stems,15,"0.8m height, 45-deg downward",51,5167,5791,20.84,bee_crops/WW-NJ-001_video_03_track_51.jpg,BEE_EVENT_0255,0.787,Re-entry (P=79%)
WW-NJ-005_video_08.mp4,9/6/2026 10:33,"84F, Clear",1.63,Medium - clover,1m to bare soil,15,"0.9m height, 40-deg downward",16,2742,3097,11.88,bee_crops/WW-NJ-005_video_08_track_16.jpg,BEE_EVENT_0256,0,New Unique Individual
PL-NJ-005_video_04.mp4,8/20/2026 11:54,"82F, Sunny",1.94,Medium - mixed native wildflowers,4m to wood pile,15,"1.2m height, 50-deg downward",60,2332,2546,7.16,bee_crops/PL-NJ-005_video_04_track_60.jpg,BEE_EVENT_0257,0,New Unique Individual
WW-NJ-003_video_03.mp4,8/24/2026 14:31,"70F, Partly Cloudy",2.76,Medium - black-eyed Susan,3m to bare soil,15,"1.0m height, 45-deg downward",41,5172,5483,10.39,bee_crops/WW-NJ-003_video_03_track_41.jpg,BEE_EVENT_0258,0,New Unique Individual
WW-NJ-005_video_05.mp4,8/22/2026 15:22,"84F, Cloudy",3.3,Medium - clover,2m to bare soil,15,"1.0m height, 45-deg downward",3,3645,3809,5.51,bee_crops/WW-NJ-005_video_05_track_3.jpg,BEE_EVENT_0258,0.737,Re-entry (P=74%)
WW-NJ-002_video_04.mp4,7/25/2026 15:11,"84F, Sunny",1,Medium - aster,10m to woodland edge,15,"0.9m height, 40-deg downward",68,783,1041,8.64,bee_crops/WW-NJ-002_video_04_track_68.jpg,BEE_EVENT_0259,0,New Unique Individual
WW-NJ-002_video_02.mp4,7/31/2026 11:10,"76F, Partly Cloudy",3.78,Medium - black-eyed Susan,8m to brush edge,15,"1.2m height, 50-deg downward",57,5365,5585,7.38,bee_crops/WW-NJ-002_video_02_track_57.jpg,BEE_EVENT_0260,0,New Unique Individual
WW-NJ-003_video_09.mp4,9/6/2026 11:06,"82F, Clear",2.92,Medium - clover,6m to dead stems,15,"0.9m height, 40-deg downward",18,288,592,10.17,bee_crops/WW-NJ-003_video_09_track_18.jpg,BEE_EVENT_0261,0,New Unique Individual
PL-NJ-004_video_03.mp4,8/21/2026 16:45,"84F, Clear",3.61,Medium - black-eyed Susan,4m to wood pile,15,"1.0m height, 45-deg downward",12,5209,5396,6.25,bee_crops/PL-NJ-004_video_03_track_12.jpg,BEE_EVENT_0262,0,New Unique Individual
PL-NJ-001_video_07.mp4,7/31/2026 11:24,"78F, Cloudy",0.8,High - bee balm,6m to dead stems,15,"0.8m height, 45-deg downward",63,87,402,10.55,bee_crops/PL-NJ-001_video_07_track_63.jpg,BEE_EVENT_0263,0,New Unique Individual
PL-NJ-003_video_05.mp4,7/15/2026 15:56,"84F, Partly Cloudy",2.71,High - goldenrod,4m to wood pile,15,"0.9m height, 40-deg downward",51,2400,2585,6.21,bee_crops/PL-NJ-003_video_05_track_51.jpg,BEE_EVENT_0264,0.44,New Unique Individual
PL-NJ-002_video_04.mp4,7/31/2026 10:32,"76F, Clear",1.57,Low - mixed lawn flowers,4m to wood pile,15,"1.0m height, 45-deg downward",9,5123,5554,14.39,bee_crops/PL-NJ-002_video_04_track_9.jpg,BEE_EVENT_0264,0.584,Re-entry (P=58%)
PL-NJ-005_video_08.mp4,8/1/2026 16:17,"84F, Partly Cloudy",0.86,High - goldenrod,1m to bare soil,15,"1.2m height, 50-deg downward",35,2627,2824,6.61,bee_crops/PL-NJ-005_video_08_track_35.jpg,BEE_EVENT_0264,0.731,Re-entry (P=73%)
WW-NJ-002_video_03.mp4,7/15/2026 16:18,"78F, Sunny",2.14,Medium - aster,3m to bare soil,15,"0.8m height, 45-deg downward",19,2801,2865,2.17,bee_crops/WW-NJ-002_video_03_track_19.jpg,BEE_EVENT_0264,0.568,Re-entry (P=57%)
PL-NJ-003_video_03.mp4,7/27/2026 13:57,"74F, Cloudy",3.45,High - coneflower,2m to bare soil,15,"0.8m height, 45-deg downward",26,3126,3252,4.24,bee_crops/PL-NJ-003_video_03_track_26.jpg,BEE_EVENT_0265,0,New Unique Individual
WW-NJ-002_video_09.mp4,8/26/2026 12:35,"78F, Sunny",2.98,High - mountain mint,8m to brush edge,15,"0.8m height, 45-deg downward",33,3188,3435,8.26,bee_crops/WW-NJ-002_video_09_track_33.jpg,BEE_EVENT_0266,0,New Unique Individual
WW-NJ-005_video_04.mp4,8/7/2026 10:00,"80F, Sunny",3.91,High - milkweed,2m to bare soil,15,"1.2m height, 50-deg downward",75,1785,2512,24.28,bee_crops/WW-NJ-005_video_04_track_75.jpg,BEE_EVENT_0266,0.581,Re-entry (P=58%)
WW-NJ-001_video_10.mp4,9/3/2026 16:49,"74F, Cloudy",1.3,High - coneflower,1m to bare soil,15,"1.2m height, 50-deg downward",81,4885,5304,14,bee_crops/WW-NJ-001_video_10_track_81.jpg,BEE_EVENT_0266,0.716,Re-entry (P=72%)
PL-NJ-004_video_02.mp4,7/23/2026 16:19,"82F, Sunny",3.94,Medium - clover,8m to brush edge,15,"0.9m height, 40-deg downward",46,2595,2652,1.94,bee_crops/PL-NJ-004_video_02_track_46.jpg,BEE_EVENT_0267,0,New Unique Individual
WW-NJ-005_video_01.mp4,8/15/2026 16:40,"74F, Clear",2.54,Medium - aster,3m to bare soil,15,"0.9m height, 40-deg downward",36,2415,2508,3.12,bee_crops/WW-NJ-005_video_01_track_36.jpg,BEE_EVENT_0268,0,New Unique Individual
PL-NJ-005_video_09.mp4,7/25/2026 10:38,"84F, Cloudy",2.24,High - mountain mint,1m to bare soil,15,"0.9m height, 40-deg downward",24,1270,1784,17.17,bee_crops/PL-NJ-005_video_09_track_24.jpg,BEE_EVENT_0269,0,New Unique Individual
PL-NJ-005_video_06.mp4,9/2/2026 12:25,"80F, Cloudy",2.91,Medium - mixed native wildflowers,10m to woodland edge,15,"1.0m height, 45-deg downward",79,519,888,12.32,bee_crops/PL-NJ-005_video_06_track_79.jpg,BEE_EVENT_0270,0,New Unique Individual
PL-NJ-002_video_06.mp4,7/22/2026 10:38,"72F, Partly Cloudy",1.01,High - bee balm,1m to bare soil,15,"0.9m height, 40-deg downward",25,5398,6469,35.73,bee_crops/PL-NJ-002_video_06_track_25.jpg,BEE_EVENT_0271,0.439,New Unique Individual
PL-NJ-003_video_09.mp4,8/23/2026 13:08,"68F, Cloudy",1.51,High - coneflower,10m to woodland edge,15,"0.8m height, 45-deg downward",60,3002,3183,6.06,bee_crops/PL-NJ-003_video_09_track_60.jpg,BEE_EVENT_0272,0,New Unique Individual
WW-NJ-001_video_06.mp4,8/19/2026 15:57,"76F, Sunny",3.34,High - goldenrod,10m to woodland edge,15,"1.2m height, 50-deg downward",10,3024,3164,4.7,bee_crops/WW-NJ-001_video_06_track_10.jpg,BEE_EVENT_0273,0,New Unique Individual
PL-NJ-004_video_02.mp4,7/21/2026 12:39,"74F, Cloudy",1.41,Medium - mixed native wildflowers,8m to brush edge,15,"0.8m height, 45-deg downward",82,3157,3413,8.56,bee_crops/PL-NJ-004_video_02_track_82.jpg,BEE_EVENT_0274,0,New Unique Individual
PL-NJ-003_video_07.mp4,7/21/2026 11:55,"78F, Cloudy",2.56,Medium - mixed native wildflowers,3m to bare soil,15,"1.2m height, 50-deg downward",71,1478,1657,5.99,bee_crops/PL-NJ-003_video_07_track_71.jpg,BEE_EVENT_0275,0,New Unique Individual
PL-NJ-001_video_06.mp4,8/10/2026 15:57,"84F, Cloudy",2.75,Low - mixed lawn flowers,10m to woodland edge,15,"1.2m height, 50-deg downward",47,2650,3130,16.03,bee_crops/PL-NJ-001_video_06_track_47.jpg,BEE_EVENT_0276,0,New Unique Individual
PL-NJ-003_video_07.mp4,7/15/2026 9:23,"76F, Clear",0.85,High - bee balm,2m to bare soil,15,"1.0m height, 45-deg downward",41,4881,5056,5.86,bee_crops/PL-NJ-003_video_07_track_41.jpg,BEE_EVENT_0277,0.402,New Unique Individual
WW-NJ-005_video_09.mp4,8/16/2026 11:11,"72F, Clear",2.27,High - bee balm,6m to dead stems,15,"1.0m height, 45-deg downward",30,310,515,6.85,bee_crops/WW-NJ-005_video_09_track_30.jpg,BEE_EVENT_0277,0.6,Re-entry (P=60%)
PL-NJ-005_video_04.mp4,8/30/2026 10:51,"82F, Clear",3.34,High - bee balm,1m to bare soil,15,"0.9m height, 40-deg downward",11,2660,2789,4.32,bee_crops/PL-NJ-005_video_04_track_11.jpg,BEE_EVENT_0278,0,New Unique Individual
PL-NJ-001_video_06.mp4,9/5/2026 15:31,"68F, Sunny",3.58,High - milkweed,3m to bare soil,15,"0.8m height, 45-deg downward",41,988,1388,13.36,bee_crops/PL-NJ-001_video_06_track_41.jpg,BEE_EVENT_0279,0,New Unique Individual
WW-NJ-003_video_06.mp4,8/16/2026 12:14,"82F, Partly Cloudy",2.96,Medium - black-eyed Susan,4m to wood pile,15,"1.2m height, 50-deg downward",51,414,547,4.48,bee_crops/WW-NJ-003_video_06_track_51.jpg,BEE_EVENT_0279,0.615,Re-entry (P=62%)
WW-NJ-001_video_09.mp4,8/9/2026 13:10,"72F, Partly Cloudy",2.41,High - bee balm,4m to wood pile,15,"0.9m height, 40-deg downward",84,3265,3584,10.68,bee_crops/WW-NJ-001_video_09_track_84.jpg,BEE_EVENT_0280,0,New Unique Individual
PL-NJ-004_video_10.mp4,8/31/2026 12:20,"78F, Sunny",1.65,Medium - black-eyed Susan,8m to brush edge,15,"0.9m height, 40-deg downward",55,587,1416,27.66,bee_crops/PL-NJ-004_video_10_track_55.jpg,BEE_EVENT_0281,0,New Unique Individual
WW-NJ-004_video_06.mp4,8/6/2026 9:54,"82F, Cloudy",1.34,Medium - clover,1m to bare soil,15,"1.0m height, 45-deg downward",26,2498,2574,2.57,bee_crops/WW-NJ-004_video_06_track_26.jpg,BEE_EVENT_0282,0,New Unique Individual
WW-NJ-003_video_02.mp4,7/22/2026 9:20,"68F, Sunny",3.77,High - mountain mint,3m to bare soil,15,"0.9m height, 40-deg downward",61,5088,5735,21.59,bee_crops/WW-NJ-003_video_02_track_61.jpg,BEE_EVENT_0282,0.648,Re-entry (P=65%)
WW-NJ-004_video_09.mp4,8/17/2026 13:40,"68F, Sunny",2.79,High - bee balm,3m to bare soil,15,"1.0m height, 45-deg downward",8,3957,4250,9.8,bee_crops/WW-NJ-004_video_09_track_8.jpg,BEE_EVENT_0283,0,New Unique Individual
PL-NJ-005_video_05.mp4,7/18/2026 16:46,"78F, Sunny",1.01,High - mountain mint,3m to bare soil,15,"0.9m height, 40-deg downward",30,69,186,3.93,bee_crops/PL-NJ-005_video_05_track_30.jpg,BEE_EVENT_0284,0,New Unique Individual
PL-NJ-004_video_02.mp4,8/4/2026 17:00,"74F, Sunny",2.5,High - bee balm,1m to bare soil,15,"1.0m height, 45-deg downward",68,4892,5154,8.77,bee_crops/PL-NJ-004_video_02_track_68.jpg,BEE_EVENT_0285,0,New Unique Individual
PL-NJ-003_video_07.mp4,8/31/2026 11:06,"76F, Clear",2.99,Medium - clover,10m to woodland edge,15,"0.8m height, 45-deg downward",81,2841,3233,13.09,bee_crops/PL-NJ-003_video_07_track_81.jpg,BEE_EVENT_0286,0.456,New Unique Individual
WW-NJ-001_video_09.mp4,8/1/2026 12:14,"70F, Partly Cloudy",3.67,High - bee balm,4m to wood pile,15,"1.0m height, 45-deg downward",74,2800,2946,4.89,bee_crops/WW-NJ-001_video_09_track_74.jpg,BEE_EVENT_0287,0.326,New Unique Individual
PL-NJ-001_video_08.mp4,8/18/2026 11:18,"74F, Clear",1.24,Medium - mixed native wildflowers,8m to brush edge,15,"1.0m height, 45-deg downward",56,5346,5678,11.09,bee_crops/PL-NJ-001_video_08_track_56.jpg,BEE_EVENT_0288,0,New Unique Individual
WW-NJ-003_video_10.mp4,7/25/2026 14:09,"72F, Partly Cloudy",2.51,High - coneflower,8m to brush edge,15,"0.8m height, 45-deg downward",41,4566,5255,23,bee_crops/WW-NJ-003_video_10_track_41.jpg,BEE_EVENT_0289,0,New Unique Individual
PL-NJ-002_video_07.mp4,8/3/2026 16:52,"72F, Sunny",3.79,High - mountain mint,2m to bare soil,15,"1.0m height, 45-deg downward",4,5218,5393,5.86,bee_crops/PL-NJ-002_video_07_track_4.jpg,BEE_EVENT_0290,0,New Unique Individual
PL-NJ-005_video_10.mp4,8/1/2026 12:43,"78F, Cloudy",1.54,High - goldenrod,2m to bare soil,15,"0.9m height, 40-deg downward",84,1903,2031,4.29,bee_crops/PL-NJ-005_video_10_track_84.jpg,BEE_EVENT_0291,0,New Unique Individual
PL-NJ-002_video_08.mp4,8/14/2026 11:15,"68F, Cloudy",1.52,Medium - black-eyed Susan,2m to bare soil,15,"1.0m height, 45-deg downward",27,1584,1809,7.53,bee_crops/PL-NJ-002_video_08_track_27.jpg,BEE_EVENT_0292,0.322,New Unique Individual
PL-NJ-005_video_08.mp4,8/28/2026 15:00,"80F, Cloudy",3.64,Medium - black-eyed Susan,8m to brush edge,15,"1.2m height, 50-deg downward",51,3749,4002,8.47,bee_crops/PL-NJ-005_video_08_track_51.jpg,BEE_EVENT_0293,0,New Unique Individual
PL-NJ-005_video_10.mp4,8/18/2026 9:38,"74F, Sunny",2.25,High - goldenrod,6m to dead stems,15,"0.9m height, 40-deg downward",67,896,1394,16.63,bee_crops/PL-NJ-005_video_10_track_67.jpg,BEE_EVENT_0294,0,New Unique Individual
WW-NJ-001_video_04.mp4,8/2/2026 16:30,"82F, Cloudy",3.28,High - mountain mint,3m to bare soil,15,"0.8m height, 45-deg downward",67,2495,2715,7.37,bee_crops/WW-NJ-001_video_04_track_67.jpg,BEE_EVENT_0295,0,New Unique Individual
PL-NJ-003_video_08.mp4,7/20/2026 10:16,"72F, Cloudy",3.8,Medium - mixed native wildflowers,3m to bare soil,15,"0.9m height, 40-deg downward",4,4796,4981,6.19,bee_crops/PL-NJ-003_video_08_track_4.jpg,BEE_EVENT_0296,0.462,New Unique Individual
WW-NJ-004_video_08.mp4,7/20/2026 13:25,"70F, Sunny",3.7,High - bee balm,8m to brush edge,15,"0.9m height, 40-deg downward",82,5314,5440,4.23,bee_crops/WW-NJ-004_video_08_track_82.jpg,BEE_EVENT_0297,0,New Unique Individual
PL-NJ-004_video_07.mp4,8/30/2026 11:29,"78F, Partly Cloudy",2.02,High - bee balm,10m to woodland edge,15,"1.0m height, 45-deg downward",23,4509,4592,2.79,bee_crops/PL-NJ-004_video_07_track_23.jpg,BEE_EVENT_0298,0,New Unique Individual
WW-NJ-001_video_07.mp4,8/3/2026 13:51,"70F, Partly Cloudy",1.72,High - bee balm,1m to bare soil,15,"1.2m height, 50-deg downward",2,3656,3761,3.53,bee_crops/WW-NJ-001_video_07_track_2.jpg,BEE_EVENT_0299,0,New Unique Individual
PL-NJ-003_video_09.mp4,9/4/2026 9:43,"82F, Cloudy",1.56,Low - mixed lawn flowers,4m to wood pile,15,"0.8m height, 45-deg downward",77,4043,4148,3.52,bee_crops/PL-NJ-003_video_09_track_77.jpg,BEE_EVENT_0300,0,New Unique Individual
WW-NJ-004_video_09.mp4,8/1/2026 12:08,"68F, Sunny",1.27,Medium - clover,8m to brush edge,15,"1.2m height, 50-deg downward",43,1515,1721,6.9,bee_crops/WW-NJ-004_video_09_track_43.jpg,BEE_EVENT_0301,0,New Unique Individual
WW-NJ-001_video_02.mp4,8/10/2026 11:15,"84F, Cloudy",2.76,Low - mixed lawn flowers,8m to brush edge,15,"1.2m height, 50-deg downward",5,2330,2421,3.07,bee_crops/WW-NJ-001_video_02_track_5.jpg,BEE_EVENT_0301,0.666,Re-entry (P=67%)
PL-NJ-002_video_02.mp4,9/1/2026 15:58,"72F, Clear",1.01,Medium - aster,3m to bare soil,15,"0.9m height, 40-deg downward",68,4510,4551,1.41,bee_crops/PL-NJ-002_video_02_track_68.jpg,BEE_EVENT_0301,0.827,Re-entry (P=83%)
PL-NJ-005_video_09.mp4,7/20/2026 16:51,"80F, Clear",3.79,High - mountain mint,6m to dead stems,15,"1.2m height, 50-deg downward",17,4955,5190,7.88,bee_crops/PL-NJ-005_video_09_track_17.jpg,BEE_EVENT_0302,0,New Unique Individual
PL-NJ-003_video_09.mp4,8/30/2026 16:36,"76F, Sunny",3.63,High - milkweed,1m to bare soil,15,"0.8m height, 45-deg downward",60,1474,2288,27.16,bee_crops/PL-NJ-003_video_09_track_60.jpg,BEE_EVENT_0303,0,New Unique Individual
WW-NJ-002_video_04.mp4,9/4/2026 15:31,"74F, Partly Cloudy",1.87,Medium - mixed native wildflowers,8m to brush edge,15,"1.2m height, 50-deg downward",33,373,881,16.98,bee_crops/WW-NJ-002_video_04_track_33.jpg,BEE_EVENT_0304,0,New Unique Individual
WW-NJ-005_video_05.mp4,8/16/2026 14:54,"78F, Sunny",1.16,Medium - clover,10m to woodland edge,15,"1.0m height, 45-deg downward",25,51,256,6.86,bee_crops/WW-NJ-005_video_05_track_25.jpg,BEE_EVENT_0305,0,New Unique Individual
PL-NJ-001_video_08.mp4,8/14/2026 9:46,"84F, Cloudy",2.34,Medium - aster,10m to woodland edge,15,"0.9m height, 40-deg downward",8,1113,1231,3.98,bee_crops/PL-NJ-001_video_08_track_8.jpg,BEE_EVENT_0306,0,New Unique Individual
WW-NJ-005_video_10.mp4,8/30/2026 14:40,"78F, Sunny",0.86,Low - mixed lawn flowers,2m to bare soil,15,"1.2m height, 50-deg downward",4,4390,5694,43.5,bee_crops/WW-NJ-005_video_10_track_4.jpg,BEE_EVENT_0307,0,New Unique Individual
PL-NJ-002_video_09.mp4,9/6/2026 11:41,"70F, Clear",2.05,Low - mixed lawn flowers,8m to brush edge,15,"0.8m height, 45-deg downward",35,4962,5216,8.49,bee_crops/PL-NJ-002_video_09_track_35.jpg,BEE_EVENT_0308,0,New Unique Individual
PL-NJ-003_video_04.mp4,8/7/2026 16:58,"72F, Clear",1.49,High - mountain mint,10m to woodland edge,15,"0.8m height, 45-deg downward",26,2480,2758,9.29,bee_crops/PL-NJ-003_video_04_track_26.jpg,BEE_EVENT_0309,0,New Unique Individual
PL-NJ-003_video_09.mp4,7/16/2026 16:37,"84F, Clear",1.41,Medium - aster,2m to bare soil,15,"0.8m height, 45-deg downward",67,1263,1485,7.43,bee_crops/PL-NJ-003_video_09_track_67.jpg,BEE_EVENT_0310,0,New Unique Individual
WW-NJ-003_video_04.mp4,8/30/2026 9:34,"70F, Clear",3.08,Medium - mixed native wildflowers,1m to bare soil,15,"0.8m height, 45-deg downward",43,3176,3415,7.99,bee_crops/WW-NJ-003_video_04_track_43.jpg,BEE_EVENT_0311,0,New Unique Individual
WW-NJ-001_video_02.mp4,8/17/2026 13:06,"78F, Partly Cloudy",3.23,High - milkweed,3m to bare soil,15,"1.2m height, 50-deg downward",69,4732,4903,5.74,bee_crops/WW-NJ-001_video_02_track_69.jpg,BEE_EVENT_0312,0,New Unique Individual
PL-NJ-003_video_02.mp4,8/1/2026 11:15,"84F, Partly Cloudy",1.17,Low - mixed lawn flowers,6m to dead stems,15,"1.2m height, 50-deg downward",71,2242,2449,6.92,bee_crops/PL-NJ-003_video_02_track_71.jpg,BEE_EVENT_0313,0,New Unique Individual
WW-NJ-003_video_05.mp4,8/20/2026 12:15,"84F, Sunny",1.8,Medium - clover,2m to bare soil,15,"0.8m height, 45-deg downward",61,584,1234,21.71,bee_crops/WW-NJ-003_video_05_track_61.jpg,BEE_EVENT_0314,0,New Unique Individual
WW-NJ-001_video_02.mp4,8/8/2026 9:10,"82F, Clear",2.05,Low - mixed lawn flowers,3m to bare soil,15,"1.0m height, 45-deg downward",69,3494,4044,18.36,bee_crops/WW-NJ-001_video_02_track_69.jpg,BEE_EVENT_0315,0.362,New Unique Individual
PL-NJ-005_video_03.mp4,7/20/2026 16:11,"82F, Partly Cloudy",1.79,Medium - aster,2m to bare soil,15,"1.2m height, 50-deg downward",47,3733,3796,2.12,bee_crops/PL-NJ-005_video_03_track_47.jpg,BEE_EVENT_0316,0,New Unique Individual
PL-NJ-001_video_06.mp4,8/13/2026 16:06,"82F, Partly Cloudy",2.32,Medium - clover,3m to bare soil,15,"1.2m height, 50-deg downward",78,536,633,3.27,bee_crops/PL-NJ-001_video_06_track_78.jpg,BEE_EVENT_0317,0,New Unique Individual
PL-NJ-004_video_02.mp4,8/9/2026 10:25,"84F, Cloudy",2.88,High - mountain mint,6m to dead stems,15,"0.9m height, 40-deg downward",31,4556,4703,4.93,bee_crops/PL-NJ-004_video_02_track_31.jpg,BEE_EVENT_0318,0,New Unique Individual
PL-NJ-004_video_03.mp4,8/14/2026 15:09,"80F, Clear",1.47,Low - mixed lawn flowers,6m to dead stems,15,"1.0m height, 45-deg downward",23,2792,3241,15,bee_crops/PL-NJ-004_video_03_track_23.jpg,BEE_EVENT_0319,0,New Unique Individual
WW-NJ-002_video_10.mp4,9/6/2026 16:12,"84F, Cloudy",2.71,Medium - clover,2m to bare soil,15,"1.2m height, 50-deg downward",52,4852,5411,18.66,bee_crops/WW-NJ-002_video_10_track_52.jpg,BEE_EVENT_0319,0.601,Re-entry (P=60%)
PL-NJ-002_video_06.mp4,8/15/2026 9:10,"68F, Partly Cloudy",3.41,Low - mixed lawn flowers,4m to wood pile,15,"1.2m height, 50-deg downward",50,1783,2174,13.05,bee_crops/PL-NJ-002_video_06_track_50.jpg,BEE_EVENT_0320,0,New Unique Individual
PL-NJ-003_video_04.mp4,7/28/2026 14:24,"80F, Sunny",3.34,High - mountain mint,6m to dead stems,15,"0.8m height, 45-deg downward",79,4672,4789,3.92,bee_crops/PL-NJ-003_video_04_track_79.jpg,BEE_EVENT_0321,0,New Unique Individual
PL-NJ-002_video_03.mp4,9/7/2026 13:08,"68F, Sunny",3.68,High - goldenrod,10m to woodland edge,15,"1.2m height, 50-deg downward",4,3025,3198,5.81,bee_crops/PL-NJ-002_video_03_track_4.jpg,BEE_EVENT_0321,0.505,Re-entry (P=51%)
PL-NJ-001_video_07.mp4,8/9/2026 15:32,"82F, Partly Cloudy",1.48,High - bee balm,6m to dead stems,15,"0.9m height, 40-deg downward",47,4466,4802,11.22,bee_crops/PL-NJ-001_video_07_track_47.jpg,BEE_EVENT_0322,0,New Unique Individual
WW-NJ-003_video_05.mp4,9/8/2026 11:13,"72F, Cloudy",1.03,High - goldenrod,2m to bare soil,15,"0.8m height, 45-deg downward",18,96,305,6.99,bee_crops/WW-NJ-003_video_05_track_18.jpg,BEE_EVENT_0323,0,New Unique Individual
PL-NJ-002_video_08.mp4,9/3/2026 15:44,"84F, Cloudy",2.25,Medium - black-eyed Susan,3m to bare soil,15,"1.0m height, 45-deg downward",24,1473,1664,6.4,bee_crops/PL-NJ-002_video_08_track_24.jpg,BEE_EVENT_0324,0,New Unique Individual
WW-NJ-001_video_10.mp4,8/15/2026 12:50,"78F, Sunny",1.66,Medium - mixed native wildflowers,6m to dead stems,15,"0.9m height, 40-deg downward",48,4111,4304,6.46,bee_crops/WW-NJ-001_video_10_track_48.jpg,BEE_EVENT_0324,0.502,Re-entry (P=50%)
WW-NJ-003_video_09.mp4,9/7/2026 13:34,"70F, Cloudy",1.05,Low - mixed lawn flowers,8m to brush edge,15,"0.8m height, 45-deg downward",82,4235,4754,17.35,bee_crops/WW-NJ-003_video_09_track_82.jpg,BEE_EVENT_0325,0,New Unique Individual
PL-NJ-005_video_05.mp4,8/23/2026 9:26,"82F, Clear",3.29,Medium - aster,4m to wood pile,15,"1.2m height, 50-deg downward",38,4383,4742,12.01,bee_crops/PL-NJ-005_video_05_track_38.jpg,BEE_EVENT_0326,0,New Unique Individual
WW-NJ-001_video_10.mp4,8/31/2026 13:51,"72F, Clear",1.63,Medium - aster,10m to woodland edge,15,"0.8m height, 45-deg downward",37,4618,4817,6.68,bee_crops/WW-NJ-001_video_10_track_37.jpg,BEE_EVENT_0327,0,New Unique Individual
WW-NJ-003_video_09.mp4,7/19/2026 13:21,"76F, Sunny",2.77,High - mountain mint,6m to dead stems,15,"1.0m height, 45-deg downward",76,1086,1388,10.09,bee_crops/WW-NJ-003_video_09_track_76.jpg,BEE_EVENT_0328,0,New Unique Individual
PL-NJ-003_video_06.mp4,9/4/2026 11:21,"68F, Sunny",2.35,Medium - mixed native wildflowers,2m to bare soil,15,"1.0m height, 45-deg downward",64,1935,2043,3.62,bee_crops/PL-NJ-003_video_06_track_64.jpg,BEE_EVENT_0329,0,New Unique Individual
PL-NJ-002_video_07.mp4,7/30/2026 16:51,"78F, Clear",1.34,Low - mixed lawn flowers,10m to woodland edge,15,"0.8m height, 45-deg downward",7,5224,5397,5.81,bee_crops/PL-NJ-002_video_07_track_7.jpg,BEE_EVENT_0329,0.646,Re-entry (P=65%)
PL-NJ-004_video_04.mp4,8/8/2026 15:35,"68F, Cloudy",1.26,Medium - black-eyed Susan,4m to wood pile,15,"1.2m height, 50-deg downward",68,2152,2635,16.15,bee_crops/PL-NJ-004_video_04_track_68.jpg,BEE_EVENT_0330,0,New Unique Individual
WW-NJ-001_video_02.mp4,8/18/2026 14:59,"78F, Clear",2.75,High - mountain mint,10m to woodland edge,15,"0.8m height, 45-deg downward",33,3538,3626,2.97,bee_crops/WW-NJ-001_video_02_track_33.jpg,BEE_EVENT_0331,0,New Unique Individual
PL-NJ-002_video_08.mp4,9/2/2026 12:51,"78F, Clear",3.27,Medium - mixed native wildflowers,6m to dead stems,15,"0.8m height, 45-deg downward",2,4823,5185,12.11,bee_crops/PL-NJ-002_video_08_track_2.jpg,BEE_EVENT_0332,0,New Unique Individual
WW-NJ-001_video_07.mp4,7/21/2026 10:48,"76F, Sunny",1.92,High - mountain mint,1m to bare soil,15,"0.8m height, 45-deg downward",8,3654,3716,2.11,bee_crops/WW-NJ-001_video_07_track_8.jpg,BEE_EVENT_0333,0,New Unique Individual
WW-NJ-004_video_10.mp4,8/24/2026 10:50,"72F, Partly Cloudy",1.08,Low - mixed lawn flowers,1m to bare soil,15,"1.0m height, 45-deg downward",33,983,1720,24.6,bee_crops/WW-NJ-004_video_10_track_33.jpg,BEE_EVENT_0334,0,New Unique Individual
WW-NJ-002_video_08.mp4,8/1/2026 15:49,"76F, Cloudy",1.62,High - coneflower,4m to wood pile,15,"1.2m height, 50-deg downward",8,2650,2821,5.73,bee_crops/WW-NJ-002_video_08_track_8.jpg,BEE_EVENT_0334,0.525,Re-entry (P=52%)
WW-NJ-002_video_08.mp4,7/27/2026 15:16,"84F, Partly Cloudy",2.37,High - bee balm,6m to dead stems,15,"0.8m height, 45-deg downward",57,5288,5605,10.59,bee_crops/WW-NJ-002_video_08_track_57.jpg,BEE_EVENT_0335,0,New Unique Individual
WW-NJ-002_video_01.mp4,7/19/2026 10:41,"82F, Sunny",3.29,High - goldenrod,1m to bare soil,15,"0.9m height, 40-deg downward",35,2053,2316,8.8,bee_crops/WW-NJ-002_video_01_track_35.jpg,BEE_EVENT_0335,0.645,Re-entry (P=65%)
WW-NJ-001_video_09.mp4,8/29/2026 16:35,"84F, Sunny",2.09,High - coneflower,4m to wood pile,15,"0.9m height, 40-deg downward",16,3573,3842,9,bee_crops/WW-NJ-001_video_09_track_16.jpg,BEE_EVENT_0336,0,New Unique Individual
PL-NJ-001_video_06.mp4,8/27/2026 13:30,"78F, Sunny",2.82,High - coneflower,10m to woodland edge,15,"0.9m height, 40-deg downward",38,453,751,9.97,bee_crops/PL-NJ-001_video_06_track_38.jpg,BEE_EVENT_0337,0,New Unique Individual
WW-NJ-003_video_09.mp4,7/17/2026 15:47,"70F, Cloudy",1.76,Medium - black-eyed Susan,1m to bare soil,15,"0.9m height, 40-deg downward",25,1565,1645,2.69,bee_crops/WW-NJ-003_video_09_track_25.jpg,BEE_EVENT_0337,0.597,Re-entry (P=60%)
PL-NJ-005_video_04.mp4,8/15/2026 15:09,"84F, Sunny",2.86,Medium - aster,1m to bare soil,15,"1.2m height, 50-deg downward",8,4429,4702,9.13,bee_crops/PL-NJ-005_video_04_track_8.jpg,BEE_EVENT_0338,0,New Unique Individual
WW-NJ-001_video_07.mp4,7/22/2026 12:56,"84F, Partly Cloudy",2.94,Medium - aster,1m to bare soil,15,"0.8m height, 45-deg downward",19,5357,5574,7.25,bee_crops/WW-NJ-001_video_07_track_19.jpg,BEE_EVENT_0339,0,New Unique Individual
WW-NJ-001_video_08.mp4,8/23/2026 9:20,"68F, Sunny",1.22,High - bee balm,4m to wood pile,15,"1.0m height, 45-deg downward",76,5315,5486,5.75,bee_crops/WW-NJ-001_video_08_track_76.jpg,BEE_EVENT_0339,0.54,Re-entry (P=54%)
PL-NJ-005_video_10.mp4,7/29/2026 10:56,"78F, Partly Cloudy",2.16,Medium - black-eyed Susan,3m to bare soil,15,"1.0m height, 45-deg downward",6,1661,1808,4.92,bee_crops/PL-NJ-005_video_10_track_6.jpg,BEE_EVENT_0340,0,New Unique Individual
PL-NJ-001_video_02.mp4,7/22/2026 13:14,"84F, Cloudy",1.34,Medium - clover,2m to bare soil,15,"0.8m height, 45-deg downward",18,3401,3678,9.27,bee_crops/PL-NJ-001_video_02_track_18.jpg,BEE_EVENT_0341,0.411,New Unique Individual
WW-NJ-003_video_01.mp4,8/15/2026 10:05,"76F, Cloudy",1.37,High - coneflower,8m to brush edge,15,"1.0m height, 45-deg downward",27,60,189,4.32,bee_crops/WW-NJ-003_video_01_track_27.jpg,BEE_EVENT_0341,0.65,Re-entry (P=65%)
WW-NJ-004_video_03.mp4,8/23/2026 9:43,"70F, Clear",3.1,Low - mixed lawn flowers,4m to wood pile,15,"0.8m height, 45-deg downward",72,1475,1952,15.94,bee_crops/WW-NJ-004_video_03_track_72.jpg,BEE_EVENT_0341,0.69,Re-entry (P=69%)
WW-NJ-002_video_10.mp4,8/7/2026 12:34,"68F, Sunny",2.91,High - mountain mint,10m to woodland edge,15,"1.0m height, 45-deg downward",61,5132,5464,11.1,bee_crops/WW-NJ-002_video_10_track_61.jpg,BEE_EVENT_0342,0,New Unique Individual
WW-NJ-003_video_01.mp4,7/18/2026 14:23,"82F, Sunny",2.19,Medium - clover,8m to brush edge,15,"0.8m height, 45-deg downward",69,1717,2005,9.64,bee_crops/WW-NJ-003_video_01_track_69.jpg,BEE_EVENT_0343,0.457,New Unique Individual
WW-NJ-002_video_02.mp4,7/30/2026 16:42,"78F, Sunny",1.84,High - milkweed,3m to bare soil,15,"1.0m height, 45-deg downward",13,4750,5213,15.47,bee_crops/WW-NJ-002_video_02_track_13.jpg,BEE_EVENT_0343,0.674,Re-entry (P=67%)
WW-NJ-004_video_02.mp4,8/14/2026 16:08,"82F, Cloudy",1.26,Low - mixed lawn flowers,3m to bare soil,15,"1.0m height, 45-deg downward",59,3571,3644,2.47,bee_crops/WW-NJ-004_video_02_track_59.jpg,BEE_EVENT_0344,0,New Unique Individual
PL-NJ-001_video_05.mp4,7/27/2026 14:13,"76F, Sunny",3.02,High - goldenrod,10m to woodland edge,15,"0.9m height, 40-deg downward",59,263,368,3.55,bee_crops/PL-NJ-001_video_05_track_59.jpg,BEE_EVENT_0345,0,New Unique Individual
PL-NJ-001_video_04.mp4,8/2/2026 11:55,"84F, Sunny",3.85,High - bee balm,4m to wood pile,15,"0.9m height, 40-deg downward",28,5227,5569,11.43,bee_crops/PL-NJ-001_video_04_track_28.jpg,BEE_EVENT_0346,0,New Unique Individual
PL-NJ-003_video_05.mp4,7/15/2026 15:52,"74F, Sunny",1.59,Medium - black-eyed Susan,4m to wood pile,15,"0.8m height, 45-deg downward",6,2021,2173,5.1,bee_crops/PL-NJ-003_video_05_track_6.jpg,BEE_EVENT_0347,0,New Unique Individual
PL-NJ-004_video_01.mp4,8/11/2026 15:35,"70F, Cloudy",2.25,High - milkweed,2m to bare soil,15,"1.0m height, 45-deg downward",46,803,967,5.49,bee_crops/PL-NJ-004_video_01_track_46.jpg,BEE_EVENT_0348,0,New Unique Individual
WW-NJ-002_video_01.mp4,8/14/2026 13:15,"68F, Cloudy",3.55,Low - mixed lawn flowers,10m to woodland edge,15,"1.0m height, 45-deg downward",52,3763,3860,3.27,bee_crops/WW-NJ-002_video_01_track_52.jpg,BEE_EVENT_0349,0.402,New Unique Individual
WW-NJ-001_video_02.mp4,8/8/2026 14:38,"84F, Sunny",1.75,High - mountain mint,6m to dead stems,15,"1.2m height, 50-deg downward",8,268,397,4.33,bee_crops/WW-NJ-001_video_02_track_8.jpg,BEE_EVENT_0350,0,New Unique Individual
PL-NJ-001_video_01.mp4,7/22/2026 15:28,"78F, Sunny",2.78,Medium - clover,6m to dead stems,15,"1.0m height, 45-deg downward",18,3813,4298,16.2,bee_crops/PL-NJ-001_video_01_track_18.jpg,BEE_EVENT_0351,0,New Unique Individual
WW-NJ-004_video_09.mp4,7/22/2026 16:52,"74F, Clear",3.59,High - milkweed,3m to bare soil,15,"0.9m height, 40-deg downward",36,4753,5090,11.25,bee_crops/WW-NJ-004_video_09_track_36.jpg,BEE_EVENT_0351,0.608,Re-entry (P=61%)
PL-NJ-004_video_09.mp4,9/6/2026 10:35,"76F, Clear",2.97,Medium - mixed native wildflowers,10m to woodland edge,15,"0.8m height, 45-deg downward",25,4358,4633,9.21,bee_crops/PL-NJ-004_video_09_track_25.jpg,BEE_EVENT_0352,0,New Unique Individual
PL-NJ-003_video_02.mp4,7/20/2026 15:16,"70F, Clear",3.87,High - coneflower,1m to bare soil,15,"1.0m height, 45-deg downward",64,2363,2531,5.62,bee_crops/PL-NJ-003_video_02_track_64.jpg,BEE_EVENT_0352,0.526,Re-entry (P=53%)
WW-NJ-001_video_05.mp4,8/10/2026 11:35,"76F, Sunny",2.14,High - goldenrod,1m to bare soil,15,"1.0m height, 45-deg downward",67,2841,3105,8.84,bee_crops/WW-NJ-001_video_05_track_67.jpg,BEE_EVENT_0353,0,New Unique Individual
PL-NJ-002_video_10.mp4,8/5/2026 14:36,"84F, Cloudy",2.93,Medium - mixed native wildflowers,3m to bare soil,15,"1.0m height, 45-deg downward",40,4861,5377,17.24,bee_crops/PL-NJ-002_video_10_track_40.jpg,BEE_EVENT_0353,0.644,Re-entry (P=64%)
WW-NJ-005_video_01.mp4,7/24/2026 14:23,"72F, Partly Cloudy",3.86,Low - mixed lawn flowers,2m to bare soil,15,"1.0m height, 45-deg downward",21,3735,3889,5.17,bee_crops/WW-NJ-005_video_01_track_21.jpg,BEE_EVENT_0353,0.809,Re-entry (P=81%)
WW-NJ-003_video_08.mp4,7/31/2026 14:16,"78F, Partly Cloudy",2.6,High - goldenrod,3m to bare soil,15,"0.9m height, 40-deg downward",70,1681,1919,7.98,bee_crops/WW-NJ-003_video_08_track_70.jpg,BEE_EVENT_0354,0,New Unique Individual
PL-NJ-004_video_05.mp4,7/22/2026 9:30,"78F, Sunny",3.26,Medium - aster,8m to brush edge,15,"1.2m height, 50-deg downward",83,4092,4866,25.82,bee_crops/PL-NJ-004_video_05_track_83.jpg,BEE_EVENT_0355,0,New Unique Individual
PL-NJ-003_video_05.mp4,9/1/2026 11:56,"78F, Cloudy",3.13,Medium - aster,1m to bare soil,15,"1.0m height, 45-deg downward",71,4631,5018,12.94,bee_crops/PL-NJ-003_video_05_track_71.jpg,BEE_EVENT_0355,0.702,Re-entry (P=70%)
WW-NJ-004_video_08.mp4,8/6/2026 10:25,"84F, Clear",2.75,High - milkweed,2m to bare soil,15,"0.8m height, 45-deg downward",11,451,620,5.67,bee_crops/WW-NJ-004_video_08_track_11.jpg,BEE_EVENT_0356,0,New Unique Individual
PL-NJ-003_video_02.mp4,8/16/2026 15:17,"84F, Clear",1.82,Low - mixed lawn flowers,4m to wood pile,15,"1.0m height, 45-deg downward",55,4018,4384,12.23,bee_crops/PL-NJ-003_video_02_track_55.jpg,BEE_EVENT_0357,0,New Unique Individual
PL-NJ-001_video_01.mp4,8/2/2026 14:27,"70F, Cloudy",3.93,Medium - mixed native wildflowers,8m to brush edge,15,"0.9m height, 40-deg downward",57,2524,2611,2.94,bee_crops/PL-NJ-001_video_01_track_57.jpg,BEE_EVENT_0358,0,New Unique Individual
PL-NJ-002_video_07.mp4,7/23/2026 10:14,"78F, Cloudy",1.77,Medium - mixed native wildflowers,1m to bare soil,15,"0.8m height, 45-deg downward",53,1703,1935,7.78,bee_crops/PL-NJ-002_video_07_track_53.jpg,BEE_EVENT_0359,0,New Unique Individual
WW-NJ-005_video_07.mp4,7/26/2026 16:50,"74F, Cloudy",3.22,High - bee balm,3m to bare soil,15,"0.9m height, 40-deg downward",6,4653,5019,12.22,bee_crops/WW-NJ-005_video_07_track_6.jpg,BEE_EVENT_0360,0,New Unique Individual
WW-NJ-005_video_10.mp4,8/3/2026 16:40,"72F, Clear",1.52,High - goldenrod,8m to brush edge,15,"0.9m height, 40-deg downward",16,3797,4110,10.46,bee_crops/WW-NJ-005_video_10_track_16.jpg,BEE_EVENT_0361,0,New Unique Individual
WW-NJ-005_video_07.mp4,7/26/2026 16:49,"76F, Sunny",1.58,High - coneflower,6m to dead stems,15,"1.2m height, 50-deg downward",75,5283,5646,12.14,bee_crops/WW-NJ-005_video_07_track_75.jpg,BEE_EVENT_0362,0,New Unique Individual
PL-NJ-002_video_05.mp4,8/24/2026 16:49,"68F, Partly Cloudy",1.99,Low - mixed lawn flowers,6m to dead stems,15,"0.8m height, 45-deg downward",19,980,1400,14.04,bee_crops/PL-NJ-002_video_05_track_19.jpg,BEE_EVENT_0363,0,New Unique Individual
WW-NJ-003_video_06.mp4,7/25/2026 9:22,"68F, Clear",2.14,Medium - clover,6m to dead stems,15,"0.8m height, 45-deg downward",66,2959,3288,11.01,bee_crops/WW-NJ-003_video_06_track_66.jpg,BEE_EVENT_0364,0.439,New Unique Individual
PL-NJ-005_video_03.mp4,8/18/2026 15:00,"76F, Sunny",3.45,High - mountain mint,6m to dead stems,15,"1.2m height, 50-deg downward",19,2591,2914,10.8,bee_crops/PL-NJ-005_video_03_track_19.jpg,BEE_EVENT_0364,0.576,Re-entry (P=58%)
PL-NJ-003_video_07.mp4,8/5/2026 11:11,"74F, Cloudy",1.29,High - milkweed,4m to wood pile,15,"0.8m height, 45-deg downward",15,1785,2064,9.35,bee_crops/PL-NJ-003_video_07_track_15.jpg,BEE_EVENT_0365,0,New Unique Individual
WW-NJ-001_video_08.mp4,8/6/2026 13:49,"84F, Partly Cloudy",1.24,Medium - aster,8m to brush edge,15,"1.2m height, 50-deg downward",4,2971,3091,4.04,bee_crops/WW-NJ-001_video_08_track_4.jpg,BEE_EVENT_0366,0,New Unique Individual
WW-NJ-002_video_04.mp4,7/23/2026 11:49,"72F, Cloudy",1.78,High - milkweed,8m to brush edge,15,"0.8m height, 45-deg downward",10,1857,2342,16.19,bee_crops/WW-NJ-002_video_04_track_10.jpg,BEE_EVENT_0366,0.571,Re-entry (P=57%)
WW-NJ-004_video_02.mp4,7/17/2026 9:35,"70F, Sunny",3.71,High - goldenrod,10m to woodland edge,15,"0.8m height, 45-deg downward",16,975,1213,7.96,bee_crops/WW-NJ-004_video_02_track_16.jpg,BEE_EVENT_0367,0,New Unique Individual
WW-NJ-004_video_10.mp4,7/27/2026 11:47,"76F, Clear",0.89,High - bee balm,2m to bare soil,15,"1.0m height, 45-deg downward",65,2880,3261,12.72,bee_crops/WW-NJ-004_video_10_track_65.jpg,BEE_EVENT_0368,0,New Unique Individual
WW-NJ-002_video_10.mp4,9/1/2026 9:38,"72F, Sunny",3.09,High - mountain mint,2m to bare soil,15,"0.9m height, 40-deg downward",47,1778,2228,15.03,bee_crops/WW-NJ-002_video_10_track_47.jpg,BEE_EVENT_0369,0,New Unique Individual
WW-NJ-003_video_08.mp4,8/27/2026 10:16,"74F, Cloudy",3.94,Medium - black-eyed Susan,1m to bare soil,15,"1.2m height, 50-deg downward",16,2907,3081,5.84,bee_crops/WW-NJ-003_video_08_track_16.jpg,BEE_EVENT_0370,0,New Unique Individual
PL-NJ-004_video_03.mp4,8/15/2026 14:50,"70F, Cloudy",2.58,High - goldenrod,1m to bare soil,15,"0.9m height, 40-deg downward",37,2362,2546,6.16,bee_crops/PL-NJ-004_video_03_track_37.jpg,BEE_EVENT_0371,0,New Unique Individual
WW-NJ-005_video_08.mp4,7/29/2026 15:23,"82F, Partly Cloudy",1.4,High - coneflower,1m to bare soil,15,"0.9m height, 40-deg downward",14,3506,3705,6.68,bee_crops/WW-NJ-005_video_08_track_14.jpg,BEE_EVENT_0372,0,New Unique Individual
PL-NJ-004_video_02.mp4,7/22/2026 11:30,"72F, Clear",3.02,High - coneflower,2m to bare soil,15,"1.2m height, 50-deg downward",26,3282,3835,18.47,bee_crops/PL-NJ-004_video_02_track_26.jpg,BEE_EVENT_0373,0,New Unique Individual
PL-NJ-002_video_02.mp4,7/29/2026 15:51,"76F, Clear",1.69,Low - mixed lawn flowers,4m to wood pile,15,"0.9m height, 40-deg downward",63,4089,4225,4.57,bee_crops/PL-NJ-002_video_02_track_63.jpg,BEE_EVENT_0374,0,New Unique Individual
WW-NJ-003_video_08.mp4,7/21/2026 10:21,"68F, Sunny",2.39,High - bee balm,10m to woodland edge,15,"0.8m height, 45-deg downward",64,4009,4636,20.92,bee_crops/WW-NJ-003_video_08_track_64.jpg,BEE_EVENT_0375,0,New Unique Individual
WW-NJ-003_video_07.mp4,8/22/2026 14:14,"70F, Cloudy",2.79,High - coneflower,2m to bare soil,15,"1.2m height, 50-deg downward",85,2481,2758,9.28,bee_crops/WW-NJ-003_video_07_track_85.jpg,BEE_EVENT_0376,0,New Unique Individual
PL-NJ-004_video_05.mp4,8/18/2026 14:56,"80F, Cloudy",2.55,High - goldenrod,4m to wood pile,15,"1.2m height, 50-deg downward",49,4429,4719,9.71,bee_crops/PL-NJ-004_video_05_track_49.jpg,BEE_EVENT_0377,0,New Unique Individual
WW-NJ-001_video_01.mp4,7/26/2026 13:50,"76F, Cloudy",2.37,High - bee balm,10m to woodland edge,15,"0.8m height, 45-deg downward",73,1345,1781,14.56,bee_crops/WW-NJ-001_video_01_track_73.jpg,BEE_EVENT_0378,0,New Unique Individual
PL-NJ-004_video_09.mp4,8/20/2026 16:35,"68F, Clear",3.53,Medium - mixed native wildflowers,4m to wood pile,15,"0.9m height, 40-deg downward",79,4606,4863,8.61,bee_crops/PL-NJ-004_video_09_track_79.jpg,BEE_EVENT_0379,0,New Unique Individual
WW-NJ-005_video_06.mp4,7/18/2026 9:42,"78F, Clear",1.21,Medium - clover,4m to wood pile,15,"0.8m height, 45-deg downward",55,370,859,16.32,bee_crops/WW-NJ-005_video_06_track_55.jpg,BEE_EVENT_0380,0,New Unique Individual
PL-NJ-001_video_07.mp4,8/6/2026 9:47,"70F, Clear",1.59,High - mountain mint,1m to bare soil,15,"1.2m height, 50-deg downward",22,2001,2175,5.83,bee_crops/PL-NJ-001_video_07_track_22.jpg,BEE_EVENT_0380,0.624,Re-entry (P=62%)
PL-NJ-002_video_10.mp4,8/16/2026 15:22,"68F, Cloudy",3.03,Low - mixed lawn flowers,6m to dead stems,15,"0.9m height, 40-deg downward",42,168,779,20.41,bee_crops/PL-NJ-002_video_10_track_42.jpg,BEE_EVENT_0381,0,New Unique Individual
PL-NJ-003_video_02.mp4,8/28/2026 12:26,"72F, Clear",2.41,Medium - clover,4m to wood pile,15,"1.0m height, 45-deg downward",64,4070,4252,6.11,bee_crops/PL-NJ-003_video_02_track_64.jpg,BEE_EVENT_0382,0,New Unique Individual
WW-NJ-002_video_09.mp4,7/28/2026 13:21,"80F, Sunny",1.75,Low - mixed lawn flowers,8m to brush edge,15,"0.8m height, 45-deg downward",76,390,1019,21,bee_crops/WW-NJ-002_video_09_track_76.jpg,BEE_EVENT_0383,0,New Unique Individual
WW-NJ-002_video_10.mp4,9/4/2026 16:32,"76F, Cloudy",1.91,High - coneflower,8m to brush edge,15,"1.2m height, 50-deg downward",26,1719,1904,6.21,bee_crops/WW-NJ-002_video_10_track_26.jpg,BEE_EVENT_0384,0,New Unique Individual
WW-NJ-005_video_10.mp4,8/16/2026 16:47,"84F, Cloudy",1.38,High - goldenrod,2m to bare soil,15,"0.9m height, 40-deg downward",35,4486,4689,6.8,bee_crops/WW-NJ-005_video_10_track_35.jpg,BEE_EVENT_0385,0,New Unique Individual
PL-NJ-004_video_10.mp4,9/7/2026 15:41,"78F, Partly Cloudy",0.99,High - milkweed,2m to bare soil,15,"1.0m height, 45-deg downward",39,5135,5262,4.25,bee_crops/PL-NJ-004_video_10_track_39.jpg,BEE_EVENT_0386,0,New Unique Individual
PL-NJ-002_video_06.mp4,9/8/2026 10:45,"76F, Clear",3.51,High - mountain mint,8m to brush edge,15,"1.0m height, 45-deg downward",52,1668,1816,4.96,bee_crops/PL-NJ-002_video_06_track_52.jpg,BEE_EVENT_0386,0.873,Re-entry (P=87%)
WW-NJ-005_video_08.mp4,8/15/2026 15:32,"72F, Partly Cloudy",3.7,High - milkweed,1m to bare soil,15,"1.2m height, 50-deg downward",36,5300,5538,7.98,bee_crops/WW-NJ-005_video_08_track_36.jpg,BEE_EVENT_0387,0,New Unique Individual
WW-NJ-003_video_01.mp4,8/30/2026 16:55,"78F, Sunny",0.98,High - coneflower,4m to wood pile,15,"1.2m height, 50-deg downward",85,164,448,9.51,bee_crops/WW-NJ-003_video_01_track_85.jpg,BEE_EVENT_0388,0,New Unique Individual
PL-NJ-002_video_03.mp4,7/30/2026 10:41,"84F, Cloudy",3.79,Medium - mixed native wildflowers,1m to bare soil,15,"1.0m height, 45-deg downward",77,4099,4562,15.48,bee_crops/PL-NJ-002_video_03_track_77.jpg,BEE_EVENT_0389,0.488,New Unique Individual
PL-NJ-005_video_07.mp4,9/4/2026 12:32,"74F, Cloudy",1.26,High - bee balm,4m to wood pile,15,"1.2m height, 50-deg downward",76,1786,1998,7.11,bee_crops/PL-NJ-005_video_07_track_76.jpg,BEE_EVENT_0390,0.483,New Unique Individual
WW-NJ-002_video_06.mp4,8/18/2026 15:35,"78F, Clear",3.88,High - bee balm,10m to woodland edge,15,"1.2m height, 50-deg downward",3,2019,2136,3.94,bee_crops/WW-NJ-002_video_06_track_3.jpg,BEE_EVENT_0391,0,New Unique Individual
PL-NJ-005_video_01.mp4,9/6/2026 9:49,"76F, Sunny",1.61,Medium - black-eyed Susan,6m to dead stems,15,"1.0m height, 45-deg downward",57,1964,2277,10.47,bee_crops/PL-NJ-005_video_01_track_57.jpg,BEE_EVENT_0392,0,New Unique Individual
PL-NJ-002_video_05.mp4,8/3/2026 10:57,"82F, Cloudy",1.75,High - bee balm,10m to woodland edge,15,"0.8m height, 45-deg downward",36,1929,2201,9.1,bee_crops/PL-NJ-002_video_05_track_36.jpg,BEE_EVENT_0393,0,New Unique Individual
PL-NJ-003_video_08.mp4,8/31/2026 15:58,"72F, Sunny",3.1,High - coneflower,3m to bare soil,15,"0.9m height, 40-deg downward",78,2726,3063,11.25,bee_crops/PL-NJ-003_video_08_track_78.jpg,BEE_EVENT_0394,0,New Unique Individual
PL-NJ-004_video_06.mp4,8/13/2026 9:53,"82F, Sunny",2.85,High - bee balm,4m to wood pile,15,"1.0m height, 45-deg downward",81,427,588,5.39,bee_crops/PL-NJ-004_video_06_track_81.jpg,BEE_EVENT_0395,0,New Unique Individual
PL-NJ-005_video_02.mp4,7/22/2026 11:20,"80F, Cloudy",3.08,High - bee balm,4m to wood pile,15,"1.0m height, 45-deg downward",34,4231,4403,5.78,bee_crops/PL-NJ-005_video_02_track_34.jpg,BEE_EVENT_0395,0.561,Re-entry (P=56%)
WW-NJ-005_video_04.mp4,7/20/2026 15:28,"74F, Sunny",2.06,Medium - black-eyed Susan,6m to dead stems,15,"1.0m height, 45-deg downward",12,1491,1652,5.4,bee_crops/WW-NJ-005_video_04_track_12.jpg,BEE_EVENT_0396,0,New Unique Individual
WW-NJ-004_video_05.mp4,8/28/2026 11:08,"76F, Sunny",2.78,Low - mixed lawn flowers,3m to bare soil,15,"1.0m height, 45-deg downward",73,3286,3816,17.69,bee_crops/WW-NJ-004_video_05_track_73.jpg,BEE_EVENT_0397,0.489,New Unique Individual
PL-NJ-003_video_08.mp4,7/22/2026 12:50,"76F, Cloudy",1.41,High - mountain mint,2m to bare soil,15,"0.9m height, 40-deg downward",27,1665,2281,20.56,bee_crops/PL-NJ-003_video_08_track_27.jpg,BEE_EVENT_0398,0,New Unique Individual
WW-NJ-005_video_04.mp4,8/10/2026 11:31,"74F, Partly Cloudy",0.89,High - mountain mint,3m to bare soil,15,"0.9m height, 40-deg downward",11,1196,1364,5.64,bee_crops/WW-NJ-005_video_04_track_11.jpg,BEE_EVENT_0398,0.759,Re-entry (P=76%)
PL-NJ-002_video_04.mp4,8/29/2026 15:50,"70F, Sunny",3.16,High - mountain mint,1m to bare soil,15,"1.2m height, 50-deg downward",31,3468,3638,5.7,bee_crops/PL-NJ-002_video_04_track_31.jpg,BEE_EVENT_0399,0,New Unique Individual
PL-NJ-001_video_10.mp4,8/26/2026 9:05,"76F, Clear",2.41,Medium - black-eyed Susan,2m to bare soil,15,"0.8m height, 45-deg downward",75,2078,2447,12.32,bee_crops/PL-NJ-001_video_10_track_75.jpg,BEE_EVENT_0399,0.68,Re-entry (P=68%)
PL-NJ-001_video_08.mp4,7/23/2026 10:25,"70F, Sunny",2.19,High - mountain mint,2m to bare soil,15,"0.9m height, 40-deg downward",36,4346,5015,22.33,bee_crops/PL-NJ-001_video_08_track_36.jpg,BEE_EVENT_0400,0,New Unique Individual
PL-NJ-002_video_05.mp4,7/31/2026 13:38,"78F, Partly Cloudy",2.19,High - bee balm,6m to dead stems,15,"0.9m height, 40-deg downward",7,2565,3351,26.24,bee_crops/PL-NJ-002_video_05_track_7.jpg,BEE_EVENT_0400,0.859,Re-entry (P=86%)
PL-NJ-003_video_05.mp4,7/25/2026 16:32,"68F, Clear",3.98,Medium - aster,8m to brush edge,15,"0.9m height, 40-deg downward",59,951,1114,5.48,bee_crops/PL-NJ-003_video_05_track_59.jpg,BEE_EVENT_0401,0,New Unique Individual
WW-NJ-003_video_02.mp4,8/6/2026 10:18,"84F, Partly Cloudy",1.38,High - bee balm,6m to dead stems,15,"0.8m height, 45-deg downward",68,2328,2517,6.35,bee_crops/WW-NJ-003_video_02_track_68.jpg,BEE_EVENT_0402,0,New Unique Individual
WW-NJ-003_video_07.mp4,7/19/2026 12:54,"68F, Sunny",2.97,Medium - clover,4m to wood pile,15,"1.2m height, 50-deg downward",76,4081,4375,9.83,bee_crops/WW-NJ-003_video_07_track_76.jpg,BEE_EVENT_0403,0,New Unique Individual
WW-NJ-002_video_06.mp4,7/24/2026 9:10,"82F, Sunny",3.46,Medium - aster,3m to bare soil,15,"0.8m height, 45-deg downward",84,3771,4074,10.15,bee_crops/WW-NJ-002_video_06_track_84.jpg,BEE_EVENT_0404,0,New Unique Individual
PL-NJ-003_video_06.mp4,8/30/2026 11:18,"78F, Sunny",3.36,High - mountain mint,6m to dead stems,15,"0.9m height, 40-deg downward",12,399,616,7.28,bee_crops/PL-NJ-003_video_06_track_12.jpg,BEE_EVENT_0405,0,New Unique Individual
WW-NJ-003_video_04.mp4,9/2/2026 15:10,"80F, Clear",3.53,High - bee balm,8m to brush edge,15,"1.0m height, 45-deg downward",16,169,314,4.86,bee_crops/WW-NJ-003_video_04_track_16.jpg,BEE_EVENT_0406,0,New Unique Individual
PL-NJ-002_video_05.mp4,8/27/2026 11:27,"74F, Cloudy",3.46,Medium - mixed native wildflowers,4m to wood pile,15,"0.9m height, 40-deg downward",35,788,1027,7.99,bee_crops/PL-NJ-002_video_05_track_35.jpg,BEE_EVENT_0407,0,New Unique Individual
PL-NJ-002_video_02.mp4,9/1/2026 15:56,"80F, Sunny",2.76,Medium - black-eyed Susan,6m to dead stems,15,"1.2m height, 50-deg downward",60,3017,3803,26.22,bee_crops/PL-NJ-002_video_02_track_60.jpg,BEE_EVENT_0408,0,New Unique Individual
WW-NJ-003_video_08.mp4,8/17/2026 10:23,"76F, Partly Cloudy",2.2,Medium - aster,8m to brush edge,15,"1.2m height, 50-deg downward",32,3836,4010,5.83,bee_crops/WW-NJ-003_video_08_track_32.jpg,BEE_EVENT_0409,0,New Unique Individual
WW-NJ-005_video_10.mp4,7/18/2026 10:07,"80F, Cloudy",1.14,Medium - black-eyed Susan,8m to brush edge,15,"1.2m height, 50-deg downward",46,4206,4488,9.44,bee_crops/WW-NJ-005_video_10_track_46.jpg,BEE_EVENT_0409,0.716,Re-entry (P=72%)
WW-NJ-002_video_08.mp4,7/26/2026 11:58,"76F, Cloudy",0.94,Medium - black-eyed Susan,10m to woodland edge,15,"0.9m height, 40-deg downward",80,3220,4485,42.2,bee_crops/WW-NJ-002_video_08_track_80.jpg,BEE_EVENT_0410,0,New Unique Individual
PL-NJ-001_video_03.mp4,7/28/2026 11:10,"80F, Sunny",1.63,High - coneflower,4m to wood pile,15,"0.8m height, 45-deg downward",2,4949,5121,5.78,bee_crops/PL-NJ-001_video_03_track_2.jpg,BEE_EVENT_0410,0.503,Re-entry (P=50%)
PL-NJ-005_video_08.mp4,8/3/2026 14:49,"72F, Sunny",3.37,High - coneflower,2m to bare soil,15,"0.8m height, 45-deg downward",3,3236,3617,12.72,bee_crops/PL-NJ-005_video_08_track_3.jpg,BEE_EVENT_0411,0,New Unique Individual
WW-NJ-004_video_01.mp4,7/28/2026 16:46,"84F, Sunny",2.88,Medium - black-eyed Susan,3m to bare soil,15,"0.9m height, 40-deg downward",19,1190,2003,27.12,bee_crops/WW-NJ-004_video_01_track_19.jpg,BEE_EVENT_0412,0,New Unique Individual
WW-NJ-001_video_02.mp4,7/25/2026 11:52,"68F, Partly Cloudy",3.88,Medium - aster,2m to bare soil,15,"1.2m height, 50-deg downward",73,3648,4007,11.99,bee_crops/WW-NJ-001_video_02_track_73.jpg,BEE_EVENT_0413,0,New Unique Individual
PL-NJ-002_video_01.mp4,8/5/2026 9:11,"80F, Clear",3.51,Medium - black-eyed Susan,1m to bare soil,15,"0.9m height, 40-deg downward",52,5165,5668,16.79,bee_crops/PL-NJ-002_video_01_track_52.jpg,BEE_EVENT_0414,0,New Unique Individual
PL-NJ-005_video_10.mp4,8/27/2026 16:19,"78F, Clear",2.49,Medium - black-eyed Susan,8m to brush edge,15,"0.9m height, 40-deg downward",61,498,915,13.92,bee_crops/PL-NJ-005_video_10_track_61.jpg,BEE_EVENT_0415,0.468,New Unique Individual
PL-NJ-003_video_07.mp4,7/16/2026 11:23,"74F, Clear",2.3,Medium - aster,6m to dead stems,15,"0.9m height, 40-deg downward",17,1575,1915,11.36,bee_crops/PL-NJ-003_video_07_track_17.jpg,BEE_EVENT_0416,0,New Unique Individual
PL-NJ-002_video_07.mp4,9/6/2026 14:55,"74F, Sunny",3.36,High - bee balm,8m to brush edge,15,"0.9m height, 40-deg downward",17,3870,4471,20.05,bee_crops/PL-NJ-002_video_07_track_17.jpg,BEE_EVENT_0416,0.686,Re-entry (P=69%)
PL-NJ-002_video_08.mp4,8/3/2026 12:18,"78F, Clear",0.95,High - goldenrod,8m to brush edge,15,"1.0m height, 45-deg downward",23,4562,4935,12.45,bee_crops/PL-NJ-002_video_08_track_23.jpg,BEE_EVENT_0417,0,New Unique Individual
PL-NJ-004_video_01.mp4,9/4/2026 10:26,"70F, Cloudy",1.16,High - milkweed,3m to bare soil,15,"1.2m height, 50-deg downward",46,3528,3747,7.33,bee_crops/PL-NJ-004_video_01_track_46.jpg,BEE_EVENT_0418,0,New Unique Individual
PL-NJ-004_video_05.mp4,7/24/2026 10:50,"82F, Sunny",3.77,Medium - aster,10m to woodland edge,15,"0.8m height, 45-deg downward",72,414,682,8.98,bee_crops/PL-NJ-004_video_05_track_72.jpg,BEE_EVENT_0418,0.661,Re-entry (P=66%)
WW-NJ-004_video_06.mp4,7/25/2026 13:50,"70F, Clear",3.24,Medium - aster,3m to bare soil,15,"1.0m height, 45-deg downward",16,3617,3927,10.38,bee_crops/WW-NJ-004_video_06_track_16.jpg,BEE_EVENT_0419,0,New Unique Individual
PL-NJ-003_video_07.mp4,9/2/2026 9:20,"72F, Clear",1.89,Medium - mixed native wildflowers,3m to bare soil,15,"0.9m height, 40-deg downward",47,3881,4070,6.32,bee_crops/PL-NJ-003_video_07_track_47.jpg,BEE_EVENT_0420,0,New Unique Individual
WW-NJ-004_video_03.mp4,9/1/2026 15:55,"80F, Cloudy",1.24,Medium - black-eyed Susan,10m to woodland edge,15,"1.2m height, 50-deg downward",4,1870,2147,9.25,bee_crops/WW-NJ-004_video_03_track_4.jpg,BEE_EVENT_0421,0,New Unique Individual
WW-NJ-001_video_09.mp4,7/19/2026 10:26,"80F, Cloudy",2.09,High - bee balm,10m to woodland edge,15,"0.8m height, 45-deg downward",85,2579,2831,8.42,bee_crops/WW-NJ-001_video_09_track_85.jpg,BEE_EVENT_0422,0,New Unique Individual
WW-NJ-003_video_10.mp4,7/18/2026 13:31,"76F, Clear",3.63,Medium - mixed native wildflowers,1m to bare soil,15,"1.2m height, 50-deg downward",68,3294,3666,12.42,bee_crops/WW-NJ-003_video_10_track_68.jpg,BEE_EVENT_0423,0,New Unique Individual
WW-NJ-003_video_07.mp4,8/12/2026 12:39,"78F, Partly Cloudy",3.32,Medium - aster,3m to bare soil,15,"0.8m height, 45-deg downward",5,5115,6114,33.32,bee_crops/WW-NJ-003_video_07_track_5.jpg,BEE_EVENT_0424,0,New Unique Individual
PL-NJ-002_video_03.mp4,8/17/2026 13:18,"84F, Partly Cloudy",2.44,High - mountain mint,1m to bare soil,15,"0.8m height, 45-deg downward",70,761,1048,9.6,bee_crops/PL-NJ-002_video_03_track_70.jpg,BEE_EVENT_0425,0,New Unique Individual
WW-NJ-004_video_05.mp4,8/30/2026 15:37,"76F, Sunny",3.14,Medium - clover,1m to bare soil,15,"0.8m height, 45-deg downward",58,905,1587,22.77,bee_crops/WW-NJ-004_video_05_track_58.jpg,BEE_EVENT_0426,0,New Unique Individual
WW-NJ-001_video_08.mp4,8/5/2026 12:56,"74F, Clear",2.61,Medium - mixed native wildflowers,3m to bare soil,15,"1.0m height, 45-deg downward",49,4765,5128,12.12,bee_crops/WW-NJ-001_video_08_track_49.jpg,BEE_EVENT_0427,0,New Unique Individual
WW-NJ-004_video_02.mp4,8/4/2026 12:57,"80F, Sunny",2.25,High - bee balm,1m to bare soil,15,"0.8m height, 45-deg downward",55,2960,3236,9.22,bee_crops/WW-NJ-004_video_02_track_55.jpg,BEE_EVENT_0428,0,New Unique Individual
PL-NJ-003_video_04.mp4,8/12/2026 10:28,"84F, Clear",2.09,Medium - mixed native wildflowers,6m to dead stems,15,"0.9m height, 40-deg downward",82,4312,4494,6.11,bee_crops/PL-NJ-003_video_04_track_82.jpg,BEE_EVENT_0429,0,New Unique Individual
PL-NJ-003_video_08.mp4,8/30/2026 15:57,"82F, Partly Cloudy",1.26,High - bee balm,8m to brush edge,15,"0.8m height, 45-deg downward",28,1335,1612,9.26,bee_crops/PL-NJ-003_video_08_track_28.jpg,BEE_EVENT_0430,0,New Unique Individual
WW-NJ-001_video_03.mp4,8/19/2026 14:12,"70F, Clear",3.53,High - coneflower,1m to bare soil,15,"1.0m height, 45-deg downward",16,4929,5195,8.9,bee_crops/WW-NJ-001_video_03_track_16.jpg,BEE_EVENT_0431,0,New Unique Individual
PL-NJ-001_video_05.mp4,8/2/2026 16:06,"80F, Clear",1.25,Low - mixed lawn flowers,3m to bare soil,15,"1.0m height, 45-deg downward",24,1171,1325,5.18,bee_crops/PL-NJ-001_video_05_track_24.jpg,BEE_EVENT_0432,0,New Unique Individual
PL-NJ-003_video_01.mp4,7/22/2026 14:09,"76F, Clear",2.14,Low - mixed lawn flowers,10m to woodland edge,15,"0.9m height, 40-deg downward",61,367,536,5.68,bee_crops/PL-NJ-003_video_01_track_61.jpg,BEE_EVENT_0433,0,New Unique Individual
PL-NJ-005_video_03.mp4,9/1/2026 11:37,"82F, Clear",2.27,Medium - aster,1m to bare soil,15,"0.9m height, 40-deg downward",50,5214,5526,10.44,bee_crops/PL-NJ-005_video_03_track_50.jpg,BEE_EVENT_0433,0.573,Re-entry (P=57%)
PL-NJ-003_video_05.mp4,8/25/2026 11:00,"76F, Sunny",3.06,Low - mixed lawn flowers,2m to bare soil,15,"0.8m height, 45-deg downward",73,1357,2034,22.59,bee_crops/PL-NJ-003_video_05_track_73.jpg,BEE_EVENT_0434,0,New Unique Individual
PL-NJ-003_video_09.mp4,7/16/2026 10:47,"76F, Partly Cloudy",1.38,High - goldenrod,10m to woodland edge,15,"0.9m height, 40-deg downward",11,4357,4591,7.82,bee_crops/PL-NJ-003_video_09_track_11.jpg,BEE_EVENT_0435,0,New Unique Individual
PL-NJ-005_video_06.mp4,8/9/2026 9:36,"80F, Clear",1.89,High - bee balm,4m to wood pile,15,"1.2m height, 50-deg downward",12,191,286,3.19,bee_crops/PL-NJ-005_video_06_track_12.jpg,BEE_EVENT_0435,0.84,Re-entry (P=84%)
WW-NJ-003_video_03.mp4,7/31/2026 10:14,"68F, Partly Cloudy",3.85,High - bee balm,1m to bare soil,15,"0.8m height, 45-deg downward",39,2514,2572,1.96,bee_crops/WW-NJ-003_video_03_track_39.jpg,BEE_EVENT_0436,0,New Unique Individual
PL-NJ-001_video_03.mp4,8/10/2026 14:21,"68F, Partly Cloudy",3.81,High - coneflower,10m to woodland edge,15,"1.0m height, 45-deg downward",64,3077,3202,4.2,bee_crops/PL-NJ-001_video_03_track_64.jpg,BEE_EVENT_0437,0,New Unique Individual
PL-NJ-004_video_07.mp4,7/22/2026 13:08,"70F, Sunny",2.29,Medium - black-eyed Susan,4m to wood pile,15,"1.0m height, 45-deg downward",3,2608,2995,12.94,bee_crops/PL-NJ-004_video_07_track_3.jpg,BEE_EVENT_0438,0.369,New Unique Individual
WW-NJ-004_video_09.mp4,8/25/2026 11:24,"84F, Partly Cloudy",2.1,High - coneflower,3m to bare soil,15,"1.0m height, 45-deg downward",32,4656,4761,3.55,bee_crops/WW-NJ-004_video_09_track_32.jpg,BEE_EVENT_0439,0,New Unique Individual
PL-NJ-002_video_09.mp4,8/12/2026 9:05,"76F, Sunny",3.88,Low - mixed lawn flowers,1m to bare soil,15,"0.9m height, 40-deg downward",35,3807,4238,14.4,bee_crops/PL-NJ-002_video_09_track_35.jpg,BEE_EVENT_0440,0,New Unique Individual
PL-NJ-002_video_06.mp4,9/6/2026 12:42,"84F, Clear",1.7,High - bee balm,1m to bare soil,15,"0.9m height, 40-deg downward",16,4181,4554,12.46,bee_crops/PL-NJ-002_video_06_track_16.jpg,BEE_EVENT_0441,0,New Unique Individual
PL-NJ-004_video_05.mp4,8/11/2026 12:44,"78F, Cloudy",3.86,Medium - clover,3m to bare soil,15,"1.0m height, 45-deg downward",85,4136,4365,7.66,bee_crops/PL-NJ-004_video_05_track_85.jpg,BEE_EVENT_0442,0,New Unique Individual
PL-NJ-001_video_04.mp4,8/13/2026 14:06,"82F, Sunny",2.87,High - goldenrod,8m to brush edge,15,"1.0m height, 45-deg downward",53,1096,1186,3.03,bee_crops/PL-NJ-001_video_04_track_53.jpg,BEE_EVENT_0443,0,New Unique Individual
PL-NJ-003_video_07.mp4,8/18/2026 10:55,"68F, Sunny",2.88,Medium - mixed native wildflowers,3m to bare soil,15,"0.9m height, 40-deg downward",77,5318,5473,5.21,bee_crops/PL-NJ-003_video_07_track_77.jpg,BEE_EVENT_0444,0,New Unique Individual
WW-NJ-003_video_01.mp4,7/22/2026 16:28,"68F, Clear",2.22,High - milkweed,2m to bare soil,15,"0.8m height, 45-deg downward",79,1581,1789,6.98,bee_crops/WW-NJ-003_video_01_track_79.jpg,BEE_EVENT_0445,0,New Unique Individual
WW-NJ-004_video_04.mp4,8/15/2026 14:07,"74F, Partly Cloudy",2.38,Low - mixed lawn flowers,10m to woodland edge,15,"0.9m height, 40-deg downward",15,2300,2607,10.27,bee_crops/WW-NJ-004_video_04_track_15.jpg,BEE_EVENT_0446,0,New Unique Individual
PL-NJ-005_video_09.mp4,8/15/2026 11:40,"72F, Partly Cloudy",2.91,Low - mixed lawn flowers,8m to brush edge,15,"0.8m height, 45-deg downward",17,1588,1696,3.62,bee_crops/PL-NJ-005_video_09_track_17.jpg,BEE_EVENT_0446,0.599,Re-entry (P=60%)
PL-NJ-004_video_05.mp4,7/27/2026 9:49,"82F, Cloudy",2.77,Medium - mixed native wildflowers,8m to brush edge,15,"0.8m height, 45-deg downward",42,4366,4991,20.87,bee_crops/PL-NJ-004_video_05_track_42.jpg,BEE_EVENT_0447,0,New Unique Individual
PL-NJ-002_video_05.mp4,7/22/2026 16:36,"74F, Clear",2.46,High - goldenrod,4m to wood pile,15,"0.9m height, 40-deg downward",41,2962,3267,10.2,bee_crops/PL-NJ-002_video_05_track_41.jpg,BEE_EVENT_0447,0.825,Re-entry (P=83%)
PL-NJ-005_video_01.mp4,8/31/2026 12:49,"74F, Clear",3.86,High - milkweed,3m to bare soil,15,"0.8m height, 45-deg downward",81,3472,3801,10.99,bee_crops/PL-NJ-005_video_01_track_81.jpg,BEE_EVENT_0448,0,New Unique Individual
WW-NJ-001_video_08.mp4,8/11/2026 9:42,"74F, Cloudy",3.79,High - mountain mint,2m to bare soil,15,"1.2m height, 50-deg downward",7,5131,5502,12.4,bee_crops/WW-NJ-001_video_08_track_7.jpg,BEE_EVENT_0449,0,New Unique Individual
PL-NJ-004_video_04.mp4,7/19/2026 16:53,"70F, Sunny",2.8,Low - mixed lawn flowers,1m to bare soil,15,"0.9m height, 40-deg downward",41,784,1364,19.37,bee_crops/PL-NJ-004_video_04_track_41.jpg,BEE_EVENT_0450,0,New Unique Individual
WW-NJ-002_video_03.mp4,7/18/2026 16:08,"70F, Sunny",2.75,Medium - black-eyed Susan,6m to dead stems,15,"0.8m height, 45-deg downward",38,2470,2747,9.28,bee_crops/WW-NJ-002_video_03_track_38.jpg,BEE_EVENT_0451,0,New Unique Individual
PL-NJ-002_video_02.mp4,8/23/2026 15:19,"68F, Cloudy",3.32,Low - mixed lawn flowers,4m to wood pile,15,"0.9m height, 40-deg downward",80,4912,5299,12.95,bee_crops/PL-NJ-002_video_02_track_80.jpg,BEE_EVENT_0452,0,New Unique Individual
PL-NJ-001_video_01.mp4,8/13/2026 14:42,"70F, Partly Cloudy",1.15,High - goldenrod,8m to brush edge,15,"1.2m height, 50-deg downward",46,1577,1734,5.26,bee_crops/PL-NJ-001_video_01_track_46.jpg,BEE_EVENT_0453,0,New Unique Individual
PL-NJ-005_video_08.mp4,7/26/2026 12:13,"80F, Clear",0.99,High - mountain mint,6m to dead stems,15,"1.0m height, 45-deg downward",19,362,1151,26.33,bee_crops/PL-NJ-005_video_08_track_19.jpg,BEE_EVENT_0454,0,New Unique Individual
PL-NJ-005_video_06.mp4,8/2/2026 14:05,"68F, Sunny",2.68,High - bee balm,4m to wood pile,15,"1.2m height, 50-deg downward",26,4241,4506,8.88,bee_crops/PL-NJ-005_video_06_track_26.jpg,BEE_EVENT_0455,0,New Unique Individual
WW-NJ-004_video_02.mp4,8/5/2026 12:47,"78F, Clear",3.02,Medium - aster,4m to wood pile,15,"1.2m height, 50-deg downward",21,3898,4055,5.25,bee_crops/WW-NJ-004_video_02_track_21.jpg,BEE_EVENT_0456,0.346,New Unique Individual
PL-NJ-003_video_04.mp4,7/15/2026 12:49,"74F, Clear",2.29,High - milkweed,10m to woodland edge,15,"0.9m height, 40-deg downward",27,1887,2069,6.11,bee_crops/PL-NJ-003_video_04_track_27.jpg,BEE_EVENT_0457,0,New Unique Individual
WW-NJ-001_video_06.mp4,7/15/2026 10:27,"76F, Partly Cloudy",2.58,High - bee balm,8m to brush edge,15,"1.2m height, 50-deg downward",6,246,317,2.39,bee_crops/WW-NJ-001_video_06_track_6.jpg,BEE_EVENT_0458,0,New Unique Individual
WW-NJ-004_video_04.mp4,8/2/2026 11:19,"84F, Partly Cloudy",3.1,Medium - clover,2m to bare soil,15,"0.8m height, 45-deg downward",23,2147,2329,6.09,bee_crops/WW-NJ-004_video_04_track_23.jpg,BEE_EVENT_0459,0,New Unique Individual
WW-NJ-002_video_01.mp4,9/6/2026 11:29,"78F, Clear",3.32,High - coneflower,4m to wood pile,15,"1.0m height, 45-deg downward",48,5365,5415,1.69,bee_crops/WW-NJ-002_video_01_track_48.jpg,BEE_EVENT_0460,0,New Unique Individual
WW-NJ-003_video_09.mp4,9/4/2026 15:50,"74F, Cloudy",1.18,High - bee balm,8m to brush edge,15,"1.2m height, 50-deg downward",41,536,943,13.61,bee_crops/WW-NJ-003_video_09_track_41.jpg,BEE_EVENT_0461,0,New Unique Individual
WW-NJ-004_video_01.mp4,9/1/2026 12:59,"78F, Sunny",1.74,High - bee balm,8m to brush edge,15,"1.2m height, 50-deg downward",17,4387,4709,10.77,bee_crops/WW-NJ-004_video_01_track_17.jpg,BEE_EVENT_0462,0,New Unique Individual
PL-NJ-005_video_08.mp4,7/28/2026 10:55,"70F, Cloudy",3.33,Low - mixed lawn flowers,10m to woodland edge,15,"1.2m height, 50-deg downward",64,3856,3986,4.36,bee_crops/PL-NJ-005_video_08_track_64.jpg,BEE_EVENT_0463,0,New Unique Individual
WW-NJ-003_video_06.mp4,8/29/2026 14:38,"82F, Cloudy",3.09,Medium - aster,8m to brush edge,15,"0.8m height, 45-deg downward",27,3960,4197,7.92,bee_crops/WW-NJ-003_video_06_track_27.jpg,BEE_EVENT_0463,0.551,Re-entry (P=55%)
PL-NJ-002_video_04.mp4,8/3/2026 15:29,"76F, Partly Cloudy",1.3,Medium - clover,10m to woodland edge,15,"0.8m height, 45-deg downward",38,4681,4924,8.15,bee_crops/PL-NJ-002_video_04_track_38.jpg,BEE_EVENT_0464,0,New Unique Individual
PL-NJ-001_video_04.mp4,8/21/2026 9:34,"82F, Cloudy",2.79,Medium - black-eyed Susan,4m to wood pile,15,"1.2m height, 50-deg downward",64,4197,4312,3.85,bee_crops/PL-NJ-001_video_04_track_64.jpg,BEE_EVENT_0465,0,New Unique Individual
PL-NJ-002_video_01.mp4,7/26/2026 16:19,"70F, Sunny",2.87,Medium - clover,10m to woodland edge,15,"1.2m height, 50-deg downward",30,2176,2387,7.07,bee_crops/PL-NJ-002_video_01_track_30.jpg,BEE_EVENT_0465,0.914,Re-entry (P=91%)
WW-NJ-004_video_06.mp4,7/27/2026 14:21,"74F, Clear",3.18,High - mountain mint,1m to bare soil,15,"1.2m height, 50-deg downward",37,2480,2728,8.31,bee_crops/WW-NJ-004_video_06_track_37.jpg,BEE_EVENT_0466,0,New Unique Individual
PL-NJ-002_video_07.mp4,9/5/2026 9:35,"80F, Partly Cloudy",2.44,High - bee balm,8m to brush edge,15,"1.0m height, 45-deg downward",61,5359,5566,6.95,bee_crops/PL-NJ-002_video_07_track_61.jpg,BEE_EVENT_0466,0.502,Re-entry (P=50%)
PL-NJ-003_video_08.mp4,8/5/2026 10:25,"74F, Cloudy",2.17,Medium - black-eyed Susan,10m to woodland edge,15,"0.8m height, 45-deg downward",48,1539,1695,5.24,bee_crops/PL-NJ-003_video_08_track_48.jpg,BEE_EVENT_0467,0.472,New Unique Individual
WW-NJ-001_video_08.mp4,9/4/2026 14:26,"84F, Clear",2.14,Medium - black-eyed Susan,6m to dead stems,15,"0.8m height, 45-deg downward",73,1848,1975,4.26,bee_crops/WW-NJ-001_video_08_track_73.jpg,BEE_EVENT_0468,0,New Unique Individual
WW-NJ-003_video_03.mp4,8/5/2026 15:29,"84F, Partly Cloudy",3.84,High - coneflower,4m to wood pile,15,"0.8m height, 45-deg downward",43,1673,1876,6.8,bee_crops/WW-NJ-003_video_03_track_43.jpg,BEE_EVENT_0469,0,New Unique Individual
PL-NJ-003_video_05.mp4,7/20/2026 11:11,"82F, Partly Cloudy",1.37,Low - mixed lawn flowers,2m to bare soil,15,"0.8m height, 45-deg downward",50,4530,4698,5.63,bee_crops/PL-NJ-003_video_05_track_50.jpg,BEE_EVENT_0470,0,New Unique Individual
WW-NJ-004_video_05.mp4,8/26/2026 10:34,"72F, Cloudy",1.98,High - goldenrod,4m to wood pile,15,"1.0m height, 45-deg downward",15,471,826,11.85,bee_crops/WW-NJ-004_video_05_track_15.jpg,BEE_EVENT_0470,0.509,Re-entry (P=51%)
PL-NJ-002_video_04.mp4,7/23/2026 12:24,"72F, Partly Cloudy",3.42,Medium - aster,6m to dead stems,15,"0.9m height, 40-deg downward",36,3541,4148,20.28,bee_crops/PL-NJ-002_video_04_track_36.jpg,BEE_EVENT_0471,0.407,New Unique Individual
PL-NJ-002_video_10.mp4,9/4/2026 12:38,"82F, Sunny",3.71,Medium - aster,8m to brush edge,15,"0.8m height, 45-deg downward",37,2695,3141,14.89,bee_crops/PL-NJ-002_video_10_track_37.jpg,BEE_EVENT_0472,0,New Unique Individual
PL-NJ-003_video_06.mp4,8/28/2026 13:30,"80F, Partly Cloudy",3.43,High - bee balm,6m to dead stems,15,"0.9m height, 40-deg downward",59,5022,5276,8.49,bee_crops/PL-NJ-003_video_06_track_59.jpg,BEE_EVENT_0473,0,New Unique Individual
WW-NJ-003_video_10.mp4,7/21/2026 15:49,"76F, Sunny",1.57,High - bee balm,8m to brush edge,15,"1.0m height, 45-deg downward",64,358,518,5.36,bee_crops/WW-NJ-003_video_10_track_64.jpg,BEE_EVENT_0474,0,New Unique Individual
PL-NJ-004_video_02.mp4,8/7/2026 10:53,"80F, Partly Cloudy",2.41,Medium - clover,3m to bare soil,15,"1.0m height, 45-deg downward",65,862,1299,14.61,bee_crops/PL-NJ-004_video_02_track_65.jpg,BEE_EVENT_0474,0.693,Re-entry (P=69%)
PL-NJ-003_video_07.mp4,8/5/2026 15:59,"76F, Partly Cloudy",2.07,High - goldenrod,3m to bare soil,15,"0.9m height, 40-deg downward",63,1593,1962,12.34,bee_crops/PL-NJ-003_video_07_track_63.jpg,BEE_EVENT_0475,0,New Unique Individual
WW-NJ-002_video_09.mp4,8/26/2026 12:50,"72F, Sunny",1.25,High - mountain mint,6m to dead stems,15,"0.8m height, 45-deg downward",23,3586,4162,19.23,bee_crops/WW-NJ-002_video_09_track_23.jpg,BEE_EVENT_0476,0,New Unique Individual
PL-NJ-004_video_07.mp4,7/25/2026 10:47,"82F, Partly Cloudy",2.97,High - bee balm,2m to bare soil,15,"0.8m height, 45-deg downward",69,92,370,9.29,bee_crops/PL-NJ-004_video_07_track_69.jpg,BEE_EVENT_0477,0.404,New Unique Individual
PL-NJ-004_video_02.mp4,8/8/2026 13:33,"80F, Partly Cloudy",2.71,High - goldenrod,3m to bare soil,15,"1.0m height, 45-deg downward",26,430,1186,25.24,bee_crops/PL-NJ-004_video_02_track_26.jpg,BEE_EVENT_0478,0.448,New Unique Individual
PL-NJ-001_video_04.mp4,8/27/2026 10:19,"72F, Cloudy",3.35,High - bee balm,6m to dead stems,15,"0.8m height, 45-deg downward",42,792,1070,9.29,bee_crops/PL-NJ-001_video_04_track_42.jpg,BEE_EVENT_0479,0,New Unique Individual
WW-NJ-004_video_10.mp4,7/28/2026 15:32,"78F, Partly Cloudy",1.54,High - coneflower,1m to bare soil,15,"0.9m height, 40-deg downward",84,990,1149,5.35,bee_crops/WW-NJ-004_video_10_track_84.jpg,BEE_EVENT_0480,0,New Unique Individual
PL-NJ-002_video_04.mp4,8/13/2026 12:09,"78F, Sunny",3.41,Low - mixed lawn flowers,2m to bare soil,15,"0.9m height, 40-deg downward",39,5391,5569,5.96,bee_crops/PL-NJ-002_video_04_track_39.jpg,BEE_EVENT_0481,0,New Unique Individual
PL-NJ-003_video_02.mp4,8/29/2026 11:21,"72F, Partly Cloudy",2.72,Medium - black-eyed Susan,8m to brush edge,15,"1.2m height, 50-deg downward",62,777,1120,11.47,bee_crops/PL-NJ-003_video_02_track_62.jpg,BEE_EVENT_0481,0.607,Re-entry (P=61%)
PL-NJ-003_video_07.mp4,8/16/2026 12:37,"74F, Sunny",3.05,High - goldenrod,3m to bare soil,15,"1.0m height, 45-deg downward",55,4813,4981,5.62,bee_crops/PL-NJ-003_video_07_track_55.jpg,BEE_EVENT_0482,0,New Unique Individual
PL-NJ-005_video_02.mp4,7/18/2026 11:28,"80F, Sunny",1.75,High - bee balm,2m to bare soil,15,"0.9m height, 40-deg downward",43,4086,4838,25.1,bee_crops/PL-NJ-005_video_02_track_43.jpg,BEE_EVENT_0482,0.531,Re-entry (P=53%)
WW-NJ-001_video_09.mp4,9/3/2026 15:46,"78F, Partly Cloudy",3.2,High - milkweed,2m to bare soil,15,"0.8m height, 45-deg downward",32,2364,2688,10.84,bee_crops/WW-NJ-001_video_09_track_32.jpg,BEE_EVENT_0483,0,New Unique Individual
WW-NJ-004_video_10.mp4,9/8/2026 15:38,"70F, Sunny",1.39,High - goldenrod,2m to bare soil,15,"0.8m height, 45-deg downward",82,2635,2885,8.37,bee_crops/WW-NJ-004_video_10_track_82.jpg,BEE_EVENT_0484,0,New Unique Individual
WW-NJ-004_video_03.mp4,7/20/2026 11:42,"74F, Cloudy",3.46,High - milkweed,8m to brush edge,15,"0.9m height, 40-deg downward",40,4497,4761,8.83,bee_crops/WW-NJ-004_video_03_track_40.jpg,BEE_EVENT_0484,0.692,Re-entry (P=69%)
PL-NJ-005_video_04.mp4,8/3/2026 13:41,"76F, Sunny",3.9,High - milkweed,3m to bare soil,15,"0.9m height, 40-deg downward",49,3673,3879,6.91,bee_crops/PL-NJ-005_video_04_track_49.jpg,BEE_EVENT_0484,0.566,Re-entry (P=57%)
PL-NJ-002_video_03.mp4,9/5/2026 16:06,"76F, Partly Cloudy",2.17,High - coneflower,3m to bare soil,15,"0.9m height, 40-deg downward",60,3125,3207,2.76,bee_crops/PL-NJ-002_video_03_track_60.jpg,BEE_EVENT_0485,0,New Unique Individual
WW-NJ-005_video_07.mp4,8/19/2026 16:09,"74F, Partly Cloudy",1.24,Medium - aster,1m to bare soil,15,"0.8m height, 45-deg downward",65,2730,2908,5.97,bee_crops/WW-NJ-005_video_07_track_65.jpg,BEE_EVENT_0486,0,New Unique Individual
PL-NJ-001_video_08.mp4,8/9/2026 15:30,"70F, Sunny",2.03,High - mountain mint,1m to bare soil,15,"0.9m height, 40-deg downward",73,3057,3738,22.72,bee_crops/PL-NJ-001_video_08_track_73.jpg,BEE_EVENT_0487,0.364,New Unique Individual
PL-NJ-001_video_09.mp4,8/29/2026 16:45,"80F, Partly Cloudy",3.03,Medium - black-eyed Susan,4m to wood pile,15,"0.8m height, 45-deg downward",47,3017,3300,9.45,bee_crops/PL-NJ-001_video_09_track_47.jpg,BEE_EVENT_0488,0,New Unique Individual
WW-NJ-001_video_03.mp4,7/31/2026 16:48,"72F, Sunny",1.61,Low - mixed lawn flowers,10m to woodland edge,15,"0.8m height, 45-deg downward",83,1208,1691,16.13,bee_crops/WW-NJ-001_video_03_track_83.jpg,BEE_EVENT_0489,0,New Unique Individual
PL-NJ-002_video_07.mp4,8/29/2026 10:38,"80F, Clear",3.6,High - bee balm,6m to dead stems,15,"0.9m height, 40-deg downward",76,1547,2040,16.46,bee_crops/PL-NJ-002_video_07_track_76.jpg,BEE_EVENT_0490,0,New Unique Individual
PL-NJ-002_video_02.mp4,7/21/2026 14:57,"80F, Sunny",1.66,High - milkweed,2m to bare soil,15,"0.9m height, 40-deg downward",1,1170,1408,7.96,bee_crops/PL-NJ-002_video_02_track_1.jpg,BEE_EVENT_0491,0.476,New Unique Individual
PL-NJ-002_video_05.mp4,8/30/2026 15:15,"74F, Partly Cloudy",2,High - bee balm,6m to dead stems,15,"0.8m height, 45-deg downward",58,1446,1819,12.48,bee_crops/PL-NJ-002_video_05_track_58.jpg,BEE_EVENT_0492,0,New Unique Individual
WW-NJ-004_video_03.mp4,7/27/2026 9:52,"76F, Cloudy",3.39,High - milkweed,8m to brush edge,15,"0.8m height, 45-deg downward",82,1497,1584,2.93,bee_crops/WW-NJ-004_video_03_track_82.jpg,BEE_EVENT_0492,0.665,Re-entry (P=67%)
WW-NJ-005_video_02.mp4,8/5/2026 9:42,"68F, Clear",2.33,High - coneflower,10m to woodland edge,15,"0.8m height, 45-deg downward",75,1924,2563,21.32,bee_crops/WW-NJ-005_video_02_track_75.jpg,BEE_EVENT_0493,0,New Unique Individual
WW-NJ-001_video_02.mp4,7/28/2026 9:29,"82F, Clear",2.46,High - mountain mint,6m to dead stems,15,"0.9m height, 40-deg downward",44,4940,5540,20.03,bee_crops/WW-NJ-001_video_02_track_44.jpg,BEE_EVENT_0494,0,New Unique Individual
PL-NJ-001_video_06.mp4,9/5/2026 12:28,"78F, Sunny",2.01,High - goldenrod,1m to bare soil,15,"0.9m height, 40-deg downward",52,3265,3602,11.26,bee_crops/PL-NJ-001_video_06_track_52.jpg,BEE_EVENT_0495,0,New Unique Individual
WW-NJ-003_video_01.mp4,8/22/2026 11:00,"78F, Cloudy",1.69,High - milkweed,6m to dead stems,15,"0.9m height, 40-deg downward",85,4347,4636,9.67,bee_crops/WW-NJ-003_video_01_track_85.jpg,BEE_EVENT_0496,0.315,New Unique Individual
PL-NJ-001_video_01.mp4,8/24/2026 15:00,"82F, Cloudy",3.9,Medium - clover,4m to wood pile,15,"0.8m height, 45-deg downward",45,375,615,8.03,bee_crops/PL-NJ-001_video_01_track_45.jpg,BEE_EVENT_0497,0,New Unique Individual
PL-NJ-003_video_02.mp4,8/30/2026 15:23,"84F, Partly Cloudy",1.42,High - bee balm,4m to wood pile,15,"0.8m height, 45-deg downward",39,4974,5498,17.5,bee_crops/PL-NJ-003_video_02_track_39.jpg,BEE_EVENT_0498,0,New Unique Individual
PL-NJ-004_video_08.mp4,7/25/2026 16:12,"74F, Partly Cloudy",2.92,High - milkweed,10m to woodland edge,15,"0.8m height, 45-deg downward",14,3950,4354,13.49,bee_crops/PL-NJ-004_video_08_track_14.jpg,BEE_EVENT_0499,0,New Unique Individual
WW-NJ-001_video_03.mp4,8/4/2026 15:54,"82F, Partly Cloudy",1.51,High - mountain mint,6m to dead stems,15,"0.9m height, 40-deg downward",12,2297,2334,1.28,bee_crops/WW-NJ-001_video_03_track_12.jpg,BEE_EVENT_0500,0,New Unique Individual
PL-NJ-001_video_04.mp4,8/20/2026 10:46,"84F, Partly Cloudy",2.01,Medium - black-eyed Susan,2m to bare soil,15,"1.2m height, 50-deg downward",15,2812,3005,6.45,bee_crops/PL-NJ-001_video_04_track_15.jpg,BEE_EVENT_0501,0,New Unique Individual
WW-NJ-002_video_02.mp4,8/5/2026 12:52,"78F, Sunny",2.63,High - bee balm,3m to bare soil,15,"0.8m height, 45-deg downward",76,952,1069,3.94,bee_crops/WW-NJ-002_video_02_track_76.jpg,BEE_EVENT_0502,0,New Unique Individual
PL-NJ-002_video_07.mp4,8/4/2026 14:56,"74F, Cloudy",2.46,Low - mixed lawn flowers,1m to bare soil,15,"0.9m height, 40-deg downward",41,1035,1140,3.52,bee_crops/PL-NJ-002_video_07_track_41.jpg,BEE_EVENT_0503,0.344,New Unique Individual
PL-NJ-003_video_08.mp4,7/24/2026 13:14,"84F, Clear",2.72,High - mountain mint,10m to woodland edge,15,"0.9m height, 40-deg downward",81,282,802,17.37,bee_crops/PL-NJ-003_video_08_track_81.jpg,BEE_EVENT_0504,0,New Unique Individual
PL-NJ-003_video_05.mp4,8/29/2026 15:08,"74F, Partly Cloudy",1.29,High - milkweed,10m to woodland edge,15,"0.9m height, 40-deg downward",51,2730,2967,7.92,bee_crops/PL-NJ-003_video_05_track_51.jpg,BEE_EVENT_0505,0,New Unique Individual
WW-NJ-003_video_01.mp4,8/19/2026 15:26,"80F, Sunny",2.97,Medium - clover,6m to dead stems,15,"1.2m height, 50-deg downward",37,3461,3794,11.13,bee_crops/WW-NJ-003_video_01_track_37.jpg,BEE_EVENT_0506,0,New Unique Individual
WW-NJ-004_video_09.mp4,8/9/2026 10:13,"68F, Cloudy",3.21,Low - mixed lawn flowers,8m to brush edge,15,"1.0m height, 45-deg downward",74,2650,2906,8.58,bee_crops/WW-NJ-004_video_09_track_74.jpg,BEE_EVENT_0506,0.534,Re-entry (P=53%)
WW-NJ-003_video_04.mp4,7/28/2026 12:52,"70F, Cloudy",0.83,Low - mixed lawn flowers,4m to wood pile,15,"1.0m height, 45-deg downward",8,5335,5440,3.55,bee_crops/WW-NJ-003_video_04_track_8.jpg,BEE_EVENT_0507,0.472,New Unique Individual
WW-NJ-001_video_02.mp4,8/16/2026 14:42,"74F, Sunny",3.9,Medium - black-eyed Susan,2m to bare soil,15,"0.9m height, 40-deg downward",63,3554,3642,2.97,bee_crops/WW-NJ-001_video_02_track_63.jpg,BEE_EVENT_0508,0,New Unique Individual
PL-NJ-005_video_03.mp4,8/25/2026 15:54,"80F, Cloudy",1.09,Medium - aster,3m to bare soil,15,"0.8m height, 45-deg downward",16,5395,5579,6.18,bee_crops/PL-NJ-005_video_03_track_16.jpg,BEE_EVENT_0508,0.65,Re-entry (P=65%)
PL-NJ-004_video_04.mp4,7/16/2026 16:22,"80F, Cloudy",3.34,High - bee balm,3m to bare soil,15,"1.0m height, 45-deg downward",13,775,969,6.51,bee_crops/PL-NJ-004_video_04_track_13.jpg,BEE_EVENT_0509,0,New Unique Individual
PL-NJ-004_video_03.mp4,8/9/2026 9:30,"82F, Sunny",3.42,Medium - mixed native wildflowers,10m to woodland edge,15,"1.0m height, 45-deg downward",85,4556,4750,6.51,bee_crops/PL-NJ-004_video_03_track_85.jpg,BEE_EVENT_0510,0,New Unique Individual
WW-NJ-003_video_10.mp4,8/28/2026 11:05,"70F, Partly Cloudy",2.23,Medium - clover,6m to dead stems,15,"1.0m height, 45-deg downward",84,4545,4743,6.63,bee_crops/WW-NJ-003_video_10_track_84.jpg,BEE_EVENT_0511,0.438,New Unique Individual
WW-NJ-001_video_02.mp4,7/22/2026 13:28,"74F, Sunny",1.35,High - goldenrod,6m to dead stems,15,"1.2m height, 50-deg downward",85,4460,5404,31.5,bee_crops/WW-NJ-001_video_02_track_85.jpg,BEE_EVENT_0512,0,New Unique Individual
WW-NJ-003_video_10.mp4,8/15/2026 14:38,"74F, Sunny",2.74,Medium - mixed native wildflowers,2m to bare soil,15,"0.8m height, 45-deg downward",25,2885,3362,15.95,bee_crops/WW-NJ-003_video_10_track_25.jpg,BEE_EVENT_0512,0.5,Re-entry (P=50%)
WW-NJ-003_video_10.mp4,8/19/2026 12:42,"80F, Clear",1.69,Low - mixed lawn flowers,3m to bare soil,15,"0.9m height, 40-deg downward",84,2942,3227,9.54,bee_crops/WW-NJ-003_video_10_track_84.jpg,BEE_EVENT_0513,0,New Unique Individual
PL-NJ-002_video_08.mp4,7/20/2026 13:48,"84F, Sunny",3.81,High - bee balm,8m to brush edge,15,"1.2m height, 50-deg downward",82,3485,3718,7.79,bee_crops/PL-NJ-002_video_08_track_82.jpg,BEE_EVENT_0514,0,New Unique Individual
WW-NJ-004_video_06.mp4,8/20/2026 11:31,"80F, Partly Cloudy",1.81,Medium - black-eyed Susan,1m to bare soil,15,"1.2m height, 50-deg downward",16,1258,1496,7.97,bee_crops/WW-NJ-004_video_06_track_16.jpg,BEE_EVENT_0515,0,New Unique Individual
PL-NJ-004_video_07.mp4,7/19/2026 14:45,"76F, Partly Cloudy",1.96,Medium - clover,3m to bare soil,15,"0.8m height, 45-deg downward",13,729,1122,13.15,bee_crops/PL-NJ-004_video_07_track_13.jpg,BEE_EVENT_0516,0,New Unique Individual
WW-NJ-004_video_07.mp4,7/21/2026 10:16,"82F, Clear",3.13,High - mountain mint,8m to brush edge,15,"1.2m height, 50-deg downward",71,4313,4544,7.75,bee_crops/WW-NJ-004_video_07_track_71.jpg,BEE_EVENT_0517,0,New Unique Individual
WW-NJ-002_video_01.mp4,7/25/2026 14:53,"84F, Cloudy",1.38,Medium - mixed native wildflowers,6m to dead stems,15,"1.0m height, 45-deg downward",34,3192,3635,14.81,bee_crops/WW-NJ-002_video_01_track_34.jpg,BEE_EVENT_0517,0.645,Re-entry (P=65%)
WW-NJ-003_video_03.mp4,8/8/2026 13:08,"80F, Partly Cloudy",3.92,High - milkweed,4m to wood pile,15,"1.2m height, 50-deg downward",60,5237,5543,10.23,bee_crops/WW-NJ-003_video_03_track_60.jpg,BEE_EVENT_0518,0,New Unique Individual
WW-NJ-005_video_07.mp4,8/17/2026 12:24,"80F, Sunny",3.55,High - mountain mint,8m to brush edge,15,"0.8m height, 45-deg downward",10,5208,6159,31.74,bee_crops/WW-NJ-005_video_07_track_10.jpg,BEE_EVENT_0519,0,New Unique Individual
WW-NJ-002_video_03.mp4,8/20/2026 9:10,"68F, Partly Cloudy",2.57,Medium - aster,4m to wood pile,15,"0.9m height, 40-deg downward",66,2342,2565,7.46,bee_crops/WW-NJ-002_video_03_track_66.jpg,BEE_EVENT_0520,0,New Unique Individual
PL-NJ-004_video_02.mp4,8/9/2026 9:44,"80F, Partly Cloudy",3.71,High - goldenrod,8m to brush edge,15,"0.8m height, 45-deg downward",78,1558,2060,16.78,bee_crops/PL-NJ-004_video_02_track_78.jpg,BEE_EVENT_0521,0,New Unique Individual
WW-NJ-003_video_09.mp4,7/29/2026 11:09,"78F, Cloudy",3.49,Medium - mixed native wildflowers,4m to wood pile,15,"0.9m height, 40-deg downward",22,3007,3131,4.15,bee_crops/WW-NJ-003_video_09_track_22.jpg,BEE_EVENT_0522,0,New Unique Individual
WW-NJ-002_video_06.mp4,8/27/2026 12:58,"76F, Cloudy",3.52,High - coneflower,3m to bare soil,15,"1.2m height, 50-deg downward",28,4417,4579,5.44,bee_crops/WW-NJ-002_video_06_track_28.jpg,BEE_EVENT_0522,0.529,Re-entry (P=53%)
WW-NJ-005_video_09.mp4,9/5/2026 9:34,"78F, Cloudy",3.51,High - goldenrod,3m to bare soil,15,"1.2m height, 50-deg downward",46,5061,5910,28.34,bee_crops/WW-NJ-005_video_09_track_46.jpg,BEE_EVENT_0522,0.538,Re-entry (P=54%)
PL-NJ-002_video_06.mp4,7/15/2026 10:32,"84F, Cloudy",1.43,Medium - mixed native wildflowers,1m to bare soil,15,"0.9m height, 40-deg downward",1,4031,4461,14.38,bee_crops/PL-NJ-002_video_06_track_1.jpg,BEE_EVENT_0522,0.567,Re-entry (P=57%)
PL-NJ-002_video_06.mp4,8/3/2026 14:32,"70F, Cloudy",2.52,High - mountain mint,2m to bare soil,15,"1.0m height, 45-deg downward",46,1493,1830,11.27,bee_crops/PL-NJ-002_video_06_track_46.jpg,BEE_EVENT_0523,0,New Unique Individual
WW-NJ-001_video_06.mp4,9/8/2026 12:12,"80F, Clear",1.71,High - bee balm,1m to bare soil,15,"1.0m height, 45-deg downward",26,1553,2720,38.95,bee_crops/WW-NJ-001_video_06_track_26.jpg,BEE_EVENT_0524,0,New Unique Individual
WW-NJ-005_video_02.mp4,8/10/2026 16:40,"78F, Cloudy",3.36,High - bee balm,2m to bare soil,15,"0.8m height, 45-deg downward",14,4060,4295,7.87,bee_crops/WW-NJ-005_video_02_track_14.jpg,BEE_EVENT_0525,0,New Unique Individual
WW-NJ-003_video_03.mp4,8/6/2026 9:54,"80F, Cloudy",0.97,Medium - clover,4m to wood pile,15,"1.2m height, 50-deg downward",37,1938,2439,16.75,bee_crops/WW-NJ-003_video_03_track_37.jpg,BEE_EVENT_0526,0,New Unique Individual
PL-NJ-002_video_04.mp4,8/23/2026 11:51,"70F, Partly Cloudy",1.4,High - mountain mint,8m to brush edge,15,"0.9m height, 40-deg downward",26,4189,4718,17.66,bee_crops/PL-NJ-002_video_04_track_26.jpg,BEE_EVENT_0527,0,New Unique Individual
WW-NJ-002_video_09.mp4,8/23/2026 11:17,"74F, Partly Cloudy",2.81,High - bee balm,4m to wood pile,15,"0.8m height, 45-deg downward",36,4844,5551,23.61,bee_crops/WW-NJ-002_video_09_track_36.jpg,BEE_EVENT_0528,0,New Unique Individual
WW-NJ-003_video_07.mp4,7/16/2026 12:10,"76F, Partly Cloudy",2.02,Medium - mixed native wildflowers,3m to bare soil,15,"0.9m height, 40-deg downward",62,418,533,3.88,bee_crops/WW-NJ-003_video_07_track_62.jpg,BEE_EVENT_0528,0.72,Re-entry (P=72%)
WW-NJ-002_video_05.mp4,8/7/2026 13:27,"72F, Sunny",1.59,High - goldenrod,1m to bare soil,15,"1.2m height, 50-deg downward",28,3425,3659,7.83,bee_crops/WW-NJ-002_video_05_track_28.jpg,BEE_EVENT_0529,0,New Unique Individual
WW-NJ-005_video_10.mp4,7/21/2026 15:16,"78F, Sunny",3.83,Medium - clover,1m to bare soil,15,"0.8m height, 45-deg downward",71,2067,2369,10.11,bee_crops/WW-NJ-005_video_10_track_71.jpg,BEE_EVENT_0530,0,New Unique Individual
WW-NJ-003_video_06.mp4,8/7/2026 14:52,"74F, Partly Cloudy",2.49,Medium - clover,6m to dead stems,15,"0.9m height, 40-deg downward",12,4825,5523,23.31,bee_crops/WW-NJ-003_video_06_track_12.jpg,BEE_EVENT_0531,0,New Unique Individual
WW-NJ-003_video_10.mp4,7/22/2026 9:42,"82F, Sunny",3.42,High - milkweed,6m to dead stems,15,"1.2m height, 50-deg downward",39,5361,5689,10.97,bee_crops/WW-NJ-003_video_10_track_39.jpg,BEE_EVENT_0532,0,New Unique Individual
WW-NJ-004_video_09.mp4,8/30/2026 11:07,"76F, Clear",1.41,Medium - mixed native wildflowers,4m to wood pile,15,"0.8m height, 45-deg downward",56,1048,1578,17.69,bee_crops/WW-NJ-004_video_09_track_56.jpg,BEE_EVENT_0533,0.462,New Unique Individual
PL-NJ-004_video_01.mp4,7/25/2026 13:49,"68F, Cloudy",1.73,Low - mixed lawn flowers,4m to wood pile,15,"0.8m height, 45-deg downward",22,1057,1166,3.68,bee_crops/PL-NJ-004_video_01_track_22.jpg,BEE_EVENT_0534,0,New Unique Individual
PL-NJ-004_video_07.mp4,8/19/2026 15:30,"68F, Partly Cloudy",1.67,High - bee balm,6m to dead stems,15,"0.8m height, 45-deg downward",66,4975,5176,6.73,bee_crops/PL-NJ-004_video_07_track_66.jpg,BEE_EVENT_0535,0,New Unique Individual
PL-NJ-004_video_05.mp4,8/3/2026 12:23,"74F, Partly Cloudy",2.57,High - bee balm,3m to bare soil,15,"0.8m height, 45-deg downward",82,2200,2798,19.97,bee_crops/PL-NJ-004_video_05_track_82.jpg,BEE_EVENT_0536,0.342,New Unique Individual
WW-NJ-005_video_01.mp4,8/25/2026 12:57,"78F, Clear",2.51,High - goldenrod,1m to bare soil,15,"1.2m height, 50-deg downward",18,1721,1939,7.3,bee_crops/WW-NJ-005_video_01_track_18.jpg,BEE_EVENT_0537,0,New Unique Individual
PL-NJ-005_video_05.mp4,8/4/2026 9:45,"76F, Clear",3.44,High - milkweed,1m to bare soil,15,"0.8m height, 45-deg downward",49,86,333,8.25,bee_crops/PL-NJ-005_video_05_track_49.jpg,BEE_EVENT_0538,0,New Unique Individual
WW-NJ-005_video_10.mp4,8/19/2026 12:57,"74F, Partly Cloudy",1.51,High - mountain mint,4m to wood pile,15,"1.0m height, 45-deg downward",56,3623,4313,23.02,bee_crops/WW-NJ-005_video_10_track_56.jpg,BEE_EVENT_0539,0,New Unique Individual
PL-NJ-003_video_02.mp4,8/15/2026 11:34,"74F, Partly Cloudy",3.41,High - bee balm,8m to brush edge,15,"1.2m height, 50-deg downward",3,1516,1656,4.71,bee_crops/PL-NJ-003_video_02_track_3.jpg,BEE_EVENT_0540,0,New Unique Individual
WW-NJ-003_video_07.mp4,8/27/2026 12:09,"82F, Sunny",1.03,High - milkweed,8m to brush edge,15,"1.0m height, 45-deg downward",2,1176,1337,5.39,bee_crops/WW-NJ-003_video_07_track_2.jpg,BEE_EVENT_0541,0,New Unique Individual
PL-NJ-002_video_07.mp4,7/16/2026 10:57,"72F, Sunny",3.24,High - goldenrod,3m to bare soil,15,"1.0m height, 45-deg downward",81,112,215,3.46,bee_crops/PL-NJ-002_video_07_track_81.jpg,BEE_EVENT_0542,0,New Unique Individual
WW-NJ-001_video_02.mp4,8/18/2026 14:59,"82F, Clear",1.45,Medium - aster,3m to bare soil,15,"0.9m height, 40-deg downward",20,697,1408,23.74,bee_crops/WW-NJ-001_video_02_track_20.jpg,BEE_EVENT_0542,0.598,Re-entry (P=60%)
PL-NJ-004_video_02.mp4,7/16/2026 9:11,"80F, Sunny",1.75,Medium - mixed native wildflowers,2m to bare soil,15,"0.8m height, 45-deg downward",30,4462,4933,15.74,bee_crops/PL-NJ-004_video_02_track_30.jpg,BEE_EVENT_0543,0,New Unique Individual
WW-NJ-003_video_06.mp4,8/25/2026 13:19,"82F, Sunny",3,High - coneflower,2m to bare soil,15,"0.8m height, 45-deg downward",37,3152,3615,15.46,bee_crops/WW-NJ-003_video_06_track_37.jpg,BEE_EVENT_0544,0,New Unique Individual
PL-NJ-005_video_06.mp4,7/22/2026 14:10,"80F, Partly Cloudy",2.73,High - bee balm,8m to brush edge,15,"0.9m height, 40-deg downward",20,356,553,6.61,bee_crops/PL-NJ-005_video_06_track_20.jpg,BEE_EVENT_0545,0,New Unique Individual
WW-NJ-005_video_10.mp4,9/5/2026 13:27,"78F, Sunny",1.67,Medium - aster,10m to woodland edge,15,"0.8m height, 45-deg downward",20,852,950,3.31,bee_crops/WW-NJ-005_video_10_track_20.jpg,BEE_EVENT_0546,0,New Unique Individual
WW-NJ-003_video_06.mp4,7/24/2026 15:33,"80F, Partly Cloudy",3.41,High - coneflower,1m to bare soil,15,"1.2m height, 50-deg downward",17,3920,4003,2.8,bee_crops/WW-NJ-003_video_06_track_17.jpg,BEE_EVENT_0546,0.646,Re-entry (P=65%)
PL-NJ-002_video_08.mp4,8/28/2026 15:43,"80F, Cloudy",1.87,High - milkweed,6m to dead stems,15,"0.9m height, 40-deg downward",69,5216,5817,20.08,bee_crops/PL-NJ-002_video_08_track_69.jpg,BEE_EVENT_0547,0,New Unique Individual
WW-NJ-004_video_07.mp4,7/20/2026 15:38,"70F, Clear",3.29,High - milkweed,1m to bare soil,15,"1.0m height, 45-deg downward",3,4734,5086,11.78,bee_crops/WW-NJ-004_video_07_track_3.jpg,BEE_EVENT_0548,0,New Unique Individual
PL-NJ-003_video_03.mp4,7/22/2026 9:27,"76F, Partly Cloudy",3.52,High - bee balm,10m to woodland edge,15,"0.9m height, 40-deg downward",32,2957,3357,13.37,bee_crops/PL-NJ-003_video_03_track_32.jpg,BEE_EVENT_0548,0.576,Re-entry (P=58%)
WW-NJ-002_video_03.mp4,8/8/2026 9:49,"70F, Partly Cloudy",1.99,High - coneflower,1m to bare soil,15,"1.0m height, 45-deg downward",47,3480,3773,9.8,bee_crops/WW-NJ-002_video_03_track_47.jpg,BEE_EVENT_0548,0.827,Re-entry (P=83%)
PL-NJ-002_video_03.mp4,9/1/2026 11:35,"82F, Clear",3.19,High - mountain mint,4m to wood pile,15,"0.8m height, 45-deg downward",37,1148,1297,5,bee_crops/PL-NJ-002_video_03_track_37.jpg,BEE_EVENT_0548,0.677,Re-entry (P=68%)
PL-NJ-005_video_03.mp4,8/16/2026 11:05,"84F, Clear",3.46,Medium - aster,8m to brush edge,15,"1.0m height, 45-deg downward",55,3248,3451,6.8,bee_crops/PL-NJ-005_video_03_track_55.jpg,BEE_EVENT_0549,0,New Unique Individual
WW-NJ-005_video_02.mp4,8/17/2026 15:13,"74F, Partly Cloudy",2.08,High - goldenrod,10m to woodland edge,15,"0.8m height, 45-deg downward",60,1736,1864,4.29,bee_crops/WW-NJ-005_video_02_track_60.jpg,BEE_EVENT_0550,0,New Unique Individual
PL-NJ-002_video_07.mp4,7/25/2026 9:56,"76F, Sunny",2.87,High - milkweed,1m to bare soil,15,"1.2m height, 50-deg downward",78,3044,3163,3.99,bee_crops/PL-NJ-002_video_07_track_78.jpg,BEE_EVENT_0551,0,New Unique Individual
PL-NJ-001_video_01.mp4,7/30/2026 13:15,"68F, Partly Cloudy",1.14,High - milkweed,6m to dead stems,15,"1.0m height, 45-deg downward",82,4437,4881,14.83,bee_crops/PL-NJ-001_video_01_track_82.jpg,BEE_EVENT_0552,0,New Unique Individual
WW-NJ-004_video_05.mp4,7/20/2026 9:41,"70F, Sunny",0.95,Medium - clover,3m to bare soil,15,"1.2m height, 50-deg downward",51,3964,4051,2.94,bee_crops/WW-NJ-004_video_05_track_51.jpg,BEE_EVENT_0553,0,New Unique Individual
PL-NJ-001_video_07.mp4,8/30/2026 14:13,"70F, Sunny",1.86,Medium - mixed native wildflowers,6m to dead stems,15,"0.9m height, 40-deg downward",62,798,926,4.31,bee_crops/PL-NJ-001_video_07_track_62.jpg,BEE_EVENT_0554,0,New Unique Individual
WW-NJ-001_video_05.mp4,7/25/2026 11:48,"74F, Partly Cloudy",1.05,High - coneflower,10m to woodland edge,15,"1.0m height, 45-deg downward",65,3794,4005,7.06,bee_crops/WW-NJ-001_video_05_track_65.jpg,BEE_EVENT_0555,0,New Unique Individual
PL-NJ-005_video_09.mp4,9/2/2026 14:33,"80F, Cloudy",1.88,Medium - clover,2m to bare soil,15,"1.0m height, 45-deg downward",79,1075,1336,8.75,bee_crops/PL-NJ-005_video_09_track_79.jpg,BEE_EVENT_0556,0,New Unique Individual
WW-NJ-003_video_10.mp4,8/24/2026 16:11,"84F, Cloudy",1.26,High - mountain mint,1m to bare soil,15,"0.9m height, 40-deg downward",41,123,225,3.43,bee_crops/WW-NJ-003_video_10_track_41.jpg,BEE_EVENT_0556,0.778,Re-entry (P=78%)
PL-NJ-005_video_06.mp4,8/6/2026 10:09,"76F, Clear",3.07,Medium - aster,10m to woodland edge,15,"0.9m height, 40-deg downward",84,1468,1554,2.9,bee_crops/PL-NJ-005_video_06_track_84.jpg,BEE_EVENT_0557,0,New Unique Individual
WW-NJ-002_video_10.mp4,8/15/2026 9:28,"72F, Clear",2.08,Low - mixed lawn flowers,6m to dead stems,15,"1.2m height, 50-deg downward",48,2349,2674,10.87,bee_crops/WW-NJ-002_video_10_track_48.jpg,BEE_EVENT_0557,0.593,Re-entry (P=59%)
WW-NJ-001_video_10.mp4,8/25/2026 9:52,"68F, Sunny",3.04,Medium - mixed native wildflowers,3m to bare soil,15,"0.9m height, 40-deg downward",21,2006,2289,9.45,bee_crops/WW-NJ-001_video_10_track_21.jpg,BEE_EVENT_0558,0,New Unique Individual
WW-NJ-002_video_04.mp4,8/8/2026 16:47,"84F, Sunny",1.92,Medium - aster,1m to bare soil,15,"1.0m height, 45-deg downward",14,766,1360,19.82,bee_crops/WW-NJ-002_video_04_track_14.jpg,BEE_EVENT_0559,0,New Unique Individual
PL-NJ-002_video_07.mp4,7/27/2026 15:26,"82F, Cloudy",1.82,Low - mixed lawn flowers,1m to bare soil,15,"1.2m height, 50-deg downward",59,529,793,8.84,bee_crops/PL-NJ-002_video_07_track_59.jpg,BEE_EVENT_0559,0.694,Re-entry (P=69%)
WW-NJ-004_video_06.mp4,8/20/2026 9:43,"80F, Partly Cloudy",1,Medium - clover,1m to bare soil,15,"1.0m height, 45-deg downward",3,3116,3464,11.62,bee_crops/WW-NJ-004_video_06_track_3.jpg,BEE_EVENT_0560,0,New Unique Individual
PL-NJ-002_video_05.mp4,7/31/2026 11:10,"70F, Cloudy",1.02,Medium - black-eyed Susan,10m to woodland edge,15,"0.9m height, 40-deg downward",68,1162,1316,5.17,bee_crops/PL-NJ-002_video_05_track_68.jpg,BEE_EVENT_0561,0.496,New Unique Individual
WW-NJ-001_video_02.mp4,8/11/2026 14:53,"80F, Cloudy",1.33,Medium - clover,6m to dead stems,15,"1.0m height, 45-deg downward",56,2433,2591,5.31,bee_crops/WW-NJ-001_video_02_track_56.jpg,BEE_EVENT_0562,0,New Unique Individual
PL-NJ-005_video_07.mp4,9/5/2026 9:40,"72F, Clear",1.44,Low - mixed lawn flowers,1m to bare soil,15,"1.0m height, 45-deg downward",59,4892,5000,3.64,bee_crops/PL-NJ-005_video_07_track_59.jpg,BEE_EVENT_0563,0,New Unique Individual
PL-NJ-003_video_06.mp4,7/22/2026 15:21,"72F, Sunny",3.11,Medium - aster,1m to bare soil,15,"1.0m height, 45-deg downward",25,4266,4421,5.2,bee_crops/PL-NJ-003_video_06_track_25.jpg,BEE_EVENT_0564,0,New Unique Individual
PL-NJ-004_video_03.mp4,8/22/2026 15:18,"68F, Clear",1.47,High - milkweed,1m to bare soil,15,"1.2m height, 50-deg downward",40,2852,3053,6.74,bee_crops/PL-NJ-004_video_03_track_40.jpg,BEE_EVENT_0565,0,New Unique Individual
WW-NJ-002_video_08.mp4,8/25/2026 16:31,"80F, Sunny",1.93,Medium - mixed native wildflowers,2m to bare soil,15,"0.9m height, 40-deg downward",55,3362,3912,18.38,bee_crops/WW-NJ-002_video_08_track_55.jpg,BEE_EVENT_0566,0,New Unique Individual
PL-NJ-004_video_10.mp4,7/25/2026 15:29,"76F, Sunny",3.5,Medium - black-eyed Susan,10m to woodland edge,15,"0.8m height, 45-deg downward",12,2335,2476,4.74,bee_crops/PL-NJ-004_video_10_track_12.jpg,BEE_EVENT_0567,0,New Unique Individual
PL-NJ-005_video_07.mp4,7/21/2026 16:52,"82F, Clear",3.77,High - coneflower,10m to woodland edge,15,"0.9m height, 40-deg downward",28,5111,6098,32.93,bee_crops/PL-NJ-005_video_07_track_28.jpg,BEE_EVENT_0567,0.598,Re-entry (P=60%)
WW-NJ-004_video_08.mp4,7/22/2026 14:55,"68F, Partly Cloudy",2.12,Medium - black-eyed Susan,6m to dead stems,15,"1.2m height, 50-deg downward",35,3801,4170,12.33,bee_crops/WW-NJ-004_video_08_track_35.jpg,BEE_EVENT_0568,0,New Unique Individual
WW-NJ-005_video_05.mp4,9/6/2026 15:48,"68F, Sunny",0.81,Medium - black-eyed Susan,2m to bare soil,15,"1.2m height, 50-deg downward",67,1979,2299,10.69,bee_crops/WW-NJ-005_video_05_track_67.jpg,BEE_EVENT_0569,0,New Unique Individual
PL-NJ-005_video_06.mp4,8/5/2026 11:41,"74F, Sunny",1.57,Medium - black-eyed Susan,10m to woodland edge,15,"0.9m height, 40-deg downward",17,3523,3774,8.4,bee_crops/PL-NJ-005_video_06_track_17.jpg,BEE_EVENT_0570,0,New Unique Individual
PL-NJ-002_video_03.mp4,8/9/2026 14:38,"72F, Cloudy",2.2,High - coneflower,10m to woodland edge,15,"1.2m height, 50-deg downward",71,1298,1520,7.42,bee_crops/PL-NJ-002_video_03_track_71.jpg,BEE_EVENT_0570,0.755,Re-entry (P=75%)
WW-NJ-001_video_07.mp4,7/15/2026 11:06,"80F, Partly Cloudy",3.06,High - coneflower,4m to wood pile,15,"1.2m height, 50-deg downward",24,5064,5233,5.68,bee_crops/WW-NJ-001_video_07_track_24.jpg,BEE_EVENT_0571,0.467,New Unique Individual
PL-NJ-004_video_04.mp4,8/30/2026 15:54,"70F, Sunny",2.91,High - mountain mint,8m to brush edge,15,"0.8m height, 45-deg downward",15,2134,2233,3.35,bee_crops/PL-NJ-004_video_04_track_15.jpg,BEE_EVENT_0572,0,New Unique Individual
PL-NJ-005_video_02.mp4,7/21/2026 11:23,"70F, Clear",3.66,High - coneflower,10m to woodland edge,15,"1.0m height, 45-deg downward",51,2147,2291,4.84,bee_crops/PL-NJ-005_video_02_track_51.jpg,BEE_EVENT_0573,0.47,New Unique Individual
PL-NJ-003_video_02.mp4,7/28/2026 15:29,"72F, Clear",2.83,Medium - aster,1m to bare soil,15,"1.0m height, 45-deg downward",85,2569,3279,23.7,bee_crops/PL-NJ-003_video_02_track_85.jpg,BEE_EVENT_0574,0,New Unique Individual
PL-NJ-005_video_01.mp4,7/22/2026 14:27,"84F, Partly Cloudy",3.98,Low - mixed lawn flowers,6m to dead stems,15,"1.2m height, 50-deg downward",16,3965,4319,11.82,bee_crops/PL-NJ-005_video_01_track_16.jpg,BEE_EVENT_0574,0.947,Re-entry (P=95%)
PL-NJ-004_video_03.mp4,7/28/2026 14:12,"74F, Partly Cloudy",0.89,High - bee balm,3m to bare soil,15,"1.2m height, 50-deg downward",62,1778,2483,23.53,bee_crops/PL-NJ-004_video_03_track_62.jpg,BEE_EVENT_0574,0.641,Re-entry (P=64%)
WW-NJ-005_video_08.mp4,8/31/2026 16:32,"76F, Partly Cloudy",3.83,High - milkweed,8m to brush edge,15,"1.2m height, 50-deg downward",51,4200,4367,5.6,bee_crops/WW-NJ-005_video_08_track_51.jpg,BEE_EVENT_0575,0.431,New Unique Individual
WW-NJ-003_video_04.mp4,8/30/2026 16:32,"78F, Cloudy",2.16,High - mountain mint,4m to wood pile,15,"1.0m height, 45-deg downward",73,3655,3781,4.22,bee_crops/WW-NJ-003_video_04_track_73.jpg,BEE_EVENT_0576,0,New Unique Individual
WW-NJ-002_video_08.mp4,7/25/2026 9:37,"84F, Cloudy",2.68,High - mountain mint,1m to bare soil,15,"0.8m height, 45-deg downward",24,2074,2323,8.35,bee_crops/WW-NJ-002_video_08_track_24.jpg,BEE_EVENT_0577,0,New Unique Individual
PL-NJ-002_video_03.mp4,8/6/2026 12:09,"72F, Sunny",2.9,Medium - clover,1m to bare soil,15,"1.2m height, 50-deg downward",2,1763,1910,4.95,bee_crops/PL-NJ-002_video_03_track_2.jpg,BEE_EVENT_0578,0,New Unique Individual
WW-NJ-004_video_08.mp4,8/20/2026 14:19,"74F, Sunny",1.01,High - mountain mint,6m to dead stems,15,"1.2m height, 50-deg downward",78,4601,4885,9.51,bee_crops/WW-NJ-004_video_08_track_78.jpg,BEE_EVENT_0579,0,New Unique Individual
WW-NJ-002_video_10.mp4,8/25/2026 15:48,"74F, Sunny",1.82,Medium - clover,10m to woodland edge,15,"0.9m height, 40-deg downward",64,3566,3654,2.97,bee_crops/WW-NJ-002_video_10_track_64.jpg,BEE_EVENT_0579,0.768,Re-entry (P=77%)
PL-NJ-003_video_03.mp4,8/22/2026 14:42,"76F, Sunny",1.56,High - goldenrod,4m to wood pile,15,"1.2m height, 50-deg downward",17,3137,3203,2.23,bee_crops/PL-NJ-003_video_03_track_17.jpg,BEE_EVENT_0580,0,New Unique Individual
PL-NJ-002_video_01.mp4,8/18/2026 9:26,"70F, Clear",0.85,Medium - aster,3m to bare soil,15,"1.2m height, 50-deg downward",45,5283,5594,10.41,bee_crops/PL-NJ-002_video_01_track_45.jpg,BEE_EVENT_0581,0,New Unique Individual
PL-NJ-004_video_06.mp4,8/15/2026 9:30,"82F, Clear",3.03,Medium - aster,6m to dead stems,15,"0.8m height, 45-deg downward",4,2445,3171,24.22,bee_crops/PL-NJ-004_video_06_track_4.jpg,BEE_EVENT_0581,0.531,Re-entry (P=53%)
PL-NJ-001_video_07.mp4,7/29/2026 11:10,"84F, Sunny",3.12,Medium - clover,3m to bare soil,15,"0.8m height, 45-deg downward",15,1566,1887,10.72,bee_crops/PL-NJ-001_video_07_track_15.jpg,BEE_EVENT_0581,0.7,Re-entry (P=70%)
PL-NJ-005_video_07.mp4,8/1/2026 11:13,"78F, Cloudy",2.27,High - bee balm,8m to brush edge,15,"0.9m height, 40-deg downward",16,4780,5131,11.74,bee_crops/PL-NJ-005_video_07_track_16.jpg,BEE_EVENT_0582,0,New Unique Individual
WW-NJ-004_video_10.mp4,8/14/2026 16:22,"74F, Clear",3.27,Medium - aster,10m to woodland edge,15,"1.2m height, 50-deg downward",11,2638,2894,8.58,bee_crops/WW-NJ-004_video_10_track_11.jpg,BEE_EVENT_0583,0,New Unique Individual
WW-NJ-004_video_04.mp4,8/28/2026 10:09,"74F, Cloudy",0.99,High - goldenrod,2m to bare soil,15,"0.9m height, 40-deg downward",14,4052,4325,9.12,bee_crops/WW-NJ-004_video_04_track_14.jpg,BEE_EVENT_0584,0,New Unique Individual
PL-NJ-005_video_09.mp4,8/16/2026 14:53,"84F, Partly Cloudy",3.07,High - bee balm,2m to bare soil,15,"1.2m height, 50-deg downward",50,2555,2652,3.26,bee_crops/PL-NJ-005_video_09_track_50.jpg,BEE_EVENT_0585,0,New Unique Individual
PL-NJ-005_video_09.mp4,7/27/2026 15:17,"76F, Partly Cloudy",1.69,High - bee balm,4m to wood pile,15,"0.8m height, 45-deg downward",15,563,714,5.06,bee_crops/PL-NJ-005_video_09_track_15.jpg,BEE_EVENT_0586,0.495,New Unique Individual
WW-NJ-001_video_08.mp4,8/26/2026 16:27,"70F, Cloudy",1.18,Medium - mixed native wildflowers,2m to bare soil,15,"1.0m height, 45-deg downward",51,2176,2722,18.24,bee_crops/WW-NJ-001_video_08_track_51.jpg,BEE_EVENT_0587,0,New Unique Individual
PL-NJ-004_video_06.mp4,7/18/2026 16:22,"80F, Clear",1.11,Medium - black-eyed Susan,2m to bare soil,15,"0.9m height, 40-deg downward",23,3030,3149,4.01,bee_crops/PL-NJ-004_video_06_track_23.jpg,BEE_EVENT_0588,0,New Unique Individual
PL-NJ-004_video_10.mp4,8/15/2026 15:11,"74F, Sunny",2.87,High - coneflower,1m to bare soil,15,"1.2m height, 50-deg downward",31,409,608,6.65,bee_crops/PL-NJ-004_video_10_track_31.jpg,BEE_EVENT_0588,0.815,Re-entry (P=81%)
PL-NJ-005_video_07.mp4,8/9/2026 15:11,"82F, Partly Cloudy",3.15,High - mountain mint,10m to woodland edge,15,"1.0m height, 45-deg downward",45,1802,2340,17.97,bee_crops/PL-NJ-005_video_07_track_45.jpg,BEE_EVENT_0589,0,New Unique Individual
PL-NJ-005_video_05.mp4,8/30/2026 9:11,"82F, Partly Cloudy",2.41,Low - mixed lawn flowers,2m to bare soil,15,"1.2m height, 50-deg downward",9,1517,1784,8.95,bee_crops/PL-NJ-005_video_05_track_9.jpg,BEE_EVENT_0589,0.623,Re-entry (P=62%)
WW-NJ-001_video_08.mp4,8/11/2026 14:06,"72F, Clear",3.92,High - coneflower,4m to wood pile,15,"0.8m height, 45-deg downward",63,1455,1732,9.25,bee_crops/WW-NJ-001_video_08_track_63.jpg,BEE_EVENT_0590,0,New Unique Individual
PL-NJ-003_video_02.mp4,7/17/2026 9:41,"84F, Partly Cloudy",3.47,Medium - mixed native wildflowers,10m to woodland edge,15,"0.8m height, 45-deg downward",13,2382,2581,6.68,bee_crops/PL-NJ-003_video_02_track_13.jpg,BEE_EVENT_0591,0,New Unique Individual
PL-NJ-001_video_08.mp4,8/15/2026 14:39,"78F, Sunny",2.92,High - mountain mint,10m to woodland edge,15,"1.2m height, 50-deg downward",39,2109,2496,12.94,bee_crops/PL-NJ-001_video_08_track_39.jpg,BEE_EVENT_0592,0,New Unique Individual
PL-NJ-004_video_10.mp4,8/14/2026 10:22,"72F, Partly Cloudy",3.13,High - goldenrod,8m to brush edge,15,"1.0m height, 45-deg downward",46,4255,4710,15.21,bee_crops/PL-NJ-004_video_10_track_46.jpg,BEE_EVENT_0593,0,New Unique Individual
WW-NJ-004_video_10.mp4,8/31/2026 15:28,"80F, Clear",3.18,High - milkweed,8m to brush edge,15,"0.9m height, 40-deg downward",68,1691,1837,4.9,bee_crops/WW-NJ-004_video_10_track_68.jpg,BEE_EVENT_0594,0.451,New Unique Individual
PL-NJ-001_video_07.mp4,8/21/2026 15:22,"84F, Sunny",1.41,Low - mixed lawn flowers,4m to wood pile,15,"0.9m height, 40-deg downward",73,2534,2636,3.44,bee_crops/PL-NJ-001_video_07_track_73.jpg,BEE_EVENT_0595,0,New Unique Individual
PL-NJ-001_video_05.mp4,7/22/2026 9:36,"84F, Partly Cloudy",2.29,High - bee balm,3m to bare soil,15,"0.9m height, 40-deg downward",37,1206,1279,2.48,bee_crops/PL-NJ-001_video_05_track_37.jpg,BEE_EVENT_0595,0.639,Re-entry (P=64%)
WW-NJ-004_video_05.mp4,9/5/2026 10:08,"78F, Sunny",1.78,Medium - black-eyed Susan,3m to bare soil,15,"1.0m height, 45-deg downward",45,4001,4341,11.36,bee_crops/WW-NJ-004_video_05_track_45.jpg,BEE_EVENT_0596,0,New Unique Individual
PL-NJ-004_video_09.mp4,7/24/2026 10:50,"80F, Clear",1.26,High - milkweed,2m to bare soil,15,"0.8m height, 45-deg downward",61,2218,2532,10.51,bee_crops/PL-NJ-004_video_09_track_61.jpg,BEE_EVENT_0597,0,New Unique Individual
WW-NJ-004_video_07.mp4,8/11/2026 15:11,"76F, Cloudy",3.74,Low - mixed lawn flowers,8m to brush edge,15,"1.2m height, 50-deg downward",75,2141,3378,41.28,bee_crops/WW-NJ-004_video_07_track_75.jpg,BEE_EVENT_0597,0.521,Re-entry (P=52%)
PL-NJ-002_video_09.mp4,7/27/2026 13:24,"84F, Cloudy",1.75,Medium - aster,10m to woodland edge,15,"0.9m height, 40-deg downward",13,702,959,8.61,bee_crops/PL-NJ-002_video_09_track_13.jpg,BEE_EVENT_0597,0.624,Re-entry (P=62%)
PL-NJ-001_video_08.mp4,8/6/2026 15:34,"68F, Cloudy",3.88,Medium - aster,1m to bare soil,15,"1.0m height, 45-deg downward",79,3445,3674,7.66,bee_crops/PL-NJ-001_video_08_track_79.jpg,BEE_EVENT_0598,0,New Unique Individual
WW-NJ-004_video_10.mp4,8/16/2026 14:13,"76F, Cloudy",2.54,Low - mixed lawn flowers,2m to bare soil,15,"0.9m height, 40-deg downward",1,5087,5378,9.72,bee_crops/WW-NJ-004_video_10_track_1.jpg,BEE_EVENT_0599,0,New Unique Individual
PL-NJ-004_video_08.mp4,9/6/2026 9:10,"78F, Clear",1.66,High - coneflower,6m to dead stems,15,"0.9m height, 40-deg downward",43,449,750,10.07,bee_crops/PL-NJ-004_video_08_track_43.jpg,BEE_EVENT_0600,0,New Unique Individual
WW-NJ-002_video_10.mp4,8/27/2026 9:49,"82F, Partly Cloudy",2.45,Medium - mixed native wildflowers,8m to brush edge,15,"1.0m height, 45-deg downward",39,1680,1898,7.29,bee_crops/WW-NJ-002_video_10_track_39.jpg,BEE_EVENT_0601,0,New Unique Individual
WW-NJ-001_video_08.mp4,8/23/2026 12:12,"70F, Partly Cloudy",0.8,Low - mixed lawn flowers,2m to bare soil,15,"0.8m height, 45-deg downward",61,551,700,5,bee_crops/WW-NJ-001_video_08_track_61.jpg,BEE_EVENT_0601,0.575,Re-entry (P=58%)
WW-NJ-002_video_05.mp4,8/9/2026 16:16,"76F, Sunny",3.49,Medium - mixed native wildflowers,4m to wood pile,15,"1.0m height, 45-deg downward",82,1925,2174,8.32,bee_crops/WW-NJ-002_video_05_track_82.jpg,BEE_EVENT_0601,0.609,Re-entry (P=61%)
WW-NJ-004_video_03.mp4,8/16/2026 12:35,"82F, Clear",1.73,High - coneflower,4m to wood pile,15,"0.9m height, 40-deg downward",14,3936,4179,8.12,bee_crops/WW-NJ-004_video_03_track_14.jpg,BEE_EVENT_0602,0,New Unique Individual
PL-NJ-002_video_03.mp4,7/16/2026 13:34,"76F, Cloudy",2.61,High - goldenrod,1m to bare soil,15,"1.2m height, 50-deg downward",18,985,1225,8.03,bee_crops/PL-NJ-002_video_03_track_18.jpg,BEE_EVENT_0603,0,New Unique Individual
PL-NJ-003_video_05.mp4,7/15/2026 11:27,"74F, Cloudy",3.54,Medium - mixed native wildflowers,6m to dead stems,15,"0.8m height, 45-deg downward",23,4102,4518,13.9,bee_crops/PL-NJ-003_video_05_track_23.jpg,BEE_EVENT_0604,0,New Unique Individual
PL-NJ-001_video_10.mp4,8/5/2026 16:50,"80F, Cloudy",1.69,High - mountain mint,4m to wood pile,15,"0.9m height, 40-deg downward",78,1148,1394,8.22,bee_crops/PL-NJ-001_video_10_track_78.jpg,BEE_EVENT_0605,0,New Unique Individual
PL-NJ-005_video_09.mp4,9/2/2026 13:13,"78F, Sunny",2.68,Low - mixed lawn flowers,1m to bare soil,15,"0.8m height, 45-deg downward",21,2655,2758,3.48,bee_crops/PL-NJ-005_video_09_track_21.jpg,BEE_EVENT_0606,0.49,New Unique Individual
PL-NJ-003_video_06.mp4,9/1/2026 12:54,"80F, Sunny",1.14,High - bee balm,1m to bare soil,15,"1.2m height, 50-deg downward",15,1939,2103,5.49,bee_crops/PL-NJ-003_video_06_track_15.jpg,BEE_EVENT_0607,0.478,New Unique Individual
PL-NJ-001_video_10.mp4,8/24/2026 9:16,"80F, Partly Cloudy",1.14,Medium - aster,2m to bare soil,15,"1.2m height, 50-deg downward",63,2631,2847,7.23,bee_crops/PL-NJ-001_video_10_track_63.jpg,BEE_EVENT_0608,0,New Unique Individual
WW-NJ-005_video_04.mp4,7/27/2026 11:32,"70F, Sunny",3.39,High - milkweed,2m to bare soil,15,"0.8m height, 45-deg downward",18,4330,4583,8.47,bee_crops/WW-NJ-005_video_04_track_18.jpg,BEE_EVENT_0609,0,New Unique Individual
PL-NJ-001_video_07.mp4,8/20/2026 10:26,"82F, Partly Cloudy",2.98,Medium - mixed native wildflowers,6m to dead stems,15,"0.9m height, 40-deg downward",65,1519,1864,11.52,bee_crops/PL-NJ-001_video_07_track_65.jpg,BEE_EVENT_0610,0,New Unique Individual
PL-NJ-005_video_09.mp4,9/7/2026 11:56,"70F, Partly Cloudy",2.2,Medium - black-eyed Susan,10m to woodland edge,15,"1.2m height, 50-deg downward",13,551,806,8.52,bee_crops/PL-NJ-005_video_09_track_13.jpg,BEE_EVENT_0610,0.618,Re-entry (P=62%)
PL-NJ-001_video_01.mp4,7/29/2026 13:58,"70F, Clear",2.05,Medium - clover,1m to bare soil,15,"1.0m height, 45-deg downward",67,2060,2127,2.26,bee_crops/PL-NJ-001_video_01_track_67.jpg,BEE_EVENT_0611,0,New Unique Individual
PL-NJ-004_video_05.mp4,8/9/2026 9:39,"68F, Clear",2.66,High - mountain mint,4m to wood pile,15,"1.2m height, 50-deg downward",26,909,1020,3.72,bee_crops/PL-NJ-004_video_05_track_26.jpg,BEE_EVENT_0612,0,New Unique Individual
WW-NJ-001_video_03.mp4,7/28/2026 14:53,"68F, Sunny",1.55,High - coneflower,4m to wood pile,15,"0.8m height, 45-deg downward",71,511,872,12.06,bee_crops/WW-NJ-001_video_03_track_71.jpg,BEE_EVENT_0613,0,New Unique Individual
WW-NJ-003_video_05.mp4,8/30/2026 9:11,"78F, Cloudy",2.39,High - milkweed,3m to bare soil,15,"1.0m height, 45-deg downward",3,292,504,7.11,bee_crops/WW-NJ-003_video_05_track_3.jpg,BEE_EVENT_0614,0,New Unique Individual
WW-NJ-001_video_04.mp4,8/18/2026 15:48,"80F, Partly Cloudy",2.57,High - goldenrod,4m to wood pile,15,"0.9m height, 40-deg downward",71,149,794,21.52,bee_crops/WW-NJ-001_video_04_track_71.jpg,BEE_EVENT_0615,0.464,New Unique Individual
PL-NJ-001_video_06.mp4,7/27/2026 14:32,"68F, Cloudy",1.56,High - coneflower,8m to brush edge,15,"0.8m height, 45-deg downward",2,475,744,8.99,bee_crops/PL-NJ-001_video_06_track_2.jpg,BEE_EVENT_0616,0,New Unique Individual
WW-NJ-004_video_01.mp4,7/19/2026 9:13,"78F, Partly Cloudy",1.38,High - goldenrod,3m to bare soil,15,"1.0m height, 45-deg downward",78,3593,3789,6.56,bee_crops/WW-NJ-004_video_01_track_78.jpg,BEE_EVENT_0617,0,New Unique Individual
WW-NJ-002_video_02.mp4,7/19/2026 13:39,"74F, Clear",2.38,Medium - clover,3m to bare soil,15,"1.2m height, 50-deg downward",84,1687,1850,5.48,bee_crops/WW-NJ-002_video_02_track_84.jpg,BEE_EVENT_0618,0.463,New Unique Individual
PL-NJ-004_video_09.mp4,7/21/2026 9:27,"82F, Sunny",3.06,Low - mixed lawn flowers,2m to bare soil,15,"1.0m height, 45-deg downward",67,3366,3566,6.71,bee_crops/PL-NJ-004_video_09_track_67.jpg,BEE_EVENT_0618,0.54,Re-entry (P=54%)
PL-NJ-001_video_03.mp4,7/17/2026 12:49,"70F, Cloudy",2.88,Medium - aster,10m to woodland edge,15,"0.8m height, 45-deg downward",35,3607,3878,9.06,bee_crops/PL-NJ-001_video_03_track_35.jpg,BEE_EVENT_0619,0,New Unique Individual
PL-NJ-002_video_05.mp4,9/5/2026 10:08,"82F, Cloudy",3.53,Medium - black-eyed Susan,4m to wood pile,15,"0.9m height, 40-deg downward",6,2287,2531,8.18,bee_crops/PL-NJ-002_video_05_track_6.jpg,BEE_EVENT_0619,0.545,Re-entry (P=54%)
PL-NJ-004_video_01.mp4,8/26/2026 13:07,"78F, Partly Cloudy",3.24,High - goldenrod,10m to woodland edge,15,"0.8m height, 45-deg downward",44,4437,4890,15.14,bee_crops/PL-NJ-004_video_01_track_44.jpg,BEE_EVENT_0620,0,New Unique Individual
PL-NJ-005_video_07.mp4,9/8/2026 15:55,"80F, Cloudy",3.38,Medium - mixed native wildflowers,4m to wood pile,15,"1.2m height, 50-deg downward",21,468,560,3.11,bee_crops/PL-NJ-005_video_07_track_21.jpg,BEE_EVENT_0621,0,New Unique Individual
PL-NJ-003_video_04.mp4,7/23/2026 9:22,"84F, Clear",1.07,High - milkweed,6m to dead stems,15,"0.9m height, 40-deg downward",5,2248,2348,3.36,bee_crops/PL-NJ-003_video_04_track_5.jpg,BEE_EVENT_0622,0,New Unique Individual
PL-NJ-001_video_05.mp4,8/26/2026 13:55,"68F, Clear",3.39,Low - mixed lawn flowers,6m to dead stems,15,"1.2m height, 50-deg downward",34,5350,5561,7.06,bee_crops/PL-NJ-001_video_05_track_34.jpg,BEE_EVENT_0623,0,New Unique Individual
PL-NJ-003_video_08.mp4,7/16/2026 16:05,"82F, Cloudy",0.92,Medium - clover,1m to bare soil,15,"0.8m height, 45-deg downward",36,3822,4169,11.61,bee_crops/PL-NJ-003_video_08_track_36.jpg,BEE_EVENT_0624,0,New Unique Individual
PL-NJ-004_video_06.mp4,7/19/2026 16:16,"76F, Partly Cloudy",3.25,High - mountain mint,2m to bare soil,15,"1.0m height, 45-deg downward",19,2114,2514,13.38,bee_crops/PL-NJ-004_video_06_track_19.jpg,BEE_EVENT_0625,0,New Unique Individual
WW-NJ-001_video_04.mp4,7/22/2026 9:16,"78F, Partly Cloudy",3.55,Low - mixed lawn flowers,1m to bare soil,15,"1.2m height, 50-deg downward",33,4152,4319,5.61,bee_crops/WW-NJ-001_video_04_track_33.jpg,BEE_EVENT_0626,0.365,New Unique Individual
PL-NJ-004_video_01.mp4,8/22/2026 12:27,"70F, Partly Cloudy",1.05,Medium - aster,2m to bare soil,15,"1.2m height, 50-deg downward",74,895,940,1.52,bee_crops/PL-NJ-004_video_01_track_74.jpg,BEE_EVENT_0627,0,New Unique Individual
PL-NJ-002_video_02.mp4,8/25/2026 15:23,"78F, Cloudy",0.88,Low - mixed lawn flowers,8m to brush edge,15,"1.2m height, 50-deg downward",61,1173,1344,5.73,bee_crops/PL-NJ-002_video_02_track_61.jpg,BEE_EVENT_0628,0,New Unique Individual
WW-NJ-005_video_10.mp4,7/16/2026 11:28,"68F, Partly Cloudy",1.73,High - bee balm,10m to woodland edge,15,"1.2m height, 50-deg downward",66,366,681,10.53,bee_crops/WW-NJ-005_video_10_track_66.jpg,BEE_EVENT_0629,0,New Unique Individual
PL-NJ-004_video_10.mp4,8/29/2026 14:18,"72F, Sunny",3.46,High - goldenrod,1m to bare soil,15,"1.0m height, 45-deg downward",73,3104,3346,8.09,bee_crops/PL-NJ-004_video_10_track_73.jpg,BEE_EVENT_0630,0,New Unique Individual
PL-NJ-005_video_09.mp4,8/30/2026 15:39,"68F, Cloudy",3.51,Medium - mixed native wildflowers,3m to bare soil,15,"1.2m height, 50-deg downward",25,994,1350,11.9,bee_crops/PL-NJ-005_video_09_track_25.jpg,BEE_EVENT_0631,0,New Unique Individual
WW-NJ-005_video_04.mp4,8/5/2026 12:56,"70F, Cloudy",1.54,Medium - clover,8m to brush edge,15,"0.9m height, 40-deg downward",47,2966,3498,17.77,bee_crops/WW-NJ-005_video_04_track_47.jpg,BEE_EVENT_0631,0.651,Re-entry (P=65%)
PL-NJ-001_video_08.mp4,8/22/2026 12:33,"84F, Cloudy",1.54,High - bee balm,8m to brush edge,15,"1.0m height, 45-deg downward",78,3432,3652,7.37,bee_crops/PL-NJ-001_video_08_track_78.jpg,BEE_EVENT_0631,0.69,Re-entry (P=69%)
WW-NJ-002_video_07.mp4,8/10/2026 11:41,"72F, Sunny",2.82,High - milkweed,2m to bare soil,15,"0.8m height, 45-deg downward",54,4049,4232,6.12,bee_crops/WW-NJ-002_video_07_track_54.jpg,BEE_EVENT_0632,0.423,New Unique Individual
WW-NJ-002_video_03.mp4,9/8/2026 9:58,"70F, Cloudy",0.88,High - bee balm,4m to wood pile,15,"1.2m height, 50-deg downward",17,3535,3672,4.59,bee_crops/WW-NJ-002_video_03_track_17.jpg,BEE_EVENT_0633,0,New Unique Individual
PL-NJ-004_video_04.mp4,8/29/2026 13:12,"70F, Sunny",3.67,Medium - clover,8m to brush edge,15,"1.2m height, 50-deg downward",58,2760,2859,3.35,bee_crops/PL-NJ-004_video_04_track_58.jpg,BEE_EVENT_0634,0,New Unique Individual
PL-NJ-003_video_07.mp4,8/2/2026 16:49,"84F, Partly Cloudy",3.15,Low - mixed lawn flowers,1m to bare soil,15,"1.2m height, 50-deg downward",84,1103,1188,2.86,bee_crops/PL-NJ-003_video_07_track_84.jpg,BEE_EVENT_0635,0,New Unique Individual
PL-NJ-001_video_08.mp4,7/26/2026 13:54,"78F, Cloudy",1.54,Medium - aster,3m to bare soil,15,"1.2m height, 50-deg downward",50,794,952,5.29,bee_crops/PL-NJ-001_video_08_track_50.jpg,BEE_EVENT_0636,0,New Unique Individual
WW-NJ-003_video_03.mp4,7/17/2026 12:32,"78F, Clear",1.69,Low - mixed lawn flowers,3m to bare soil,15,"1.0m height, 45-deg downward",16,4253,4734,16.05,bee_crops/WW-NJ-003_video_03_track_16.jpg,BEE_EVENT_0637,0,New Unique Individual
PL-NJ-003_video_08.mp4,7/29/2026 11:23,"74F, Partly Cloudy",3.96,High - coneflower,1m to bare soil,15,"1.0m height, 45-deg downward",71,2126,2506,12.69,bee_crops/PL-NJ-003_video_08_track_71.jpg,BEE_EVENT_0638,0,New Unique Individual
WW-NJ-003_video_01.mp4,8/22/2026 9:39,"82F, Clear",3.36,High - goldenrod,2m to bare soil,15,"1.2m height, 50-deg downward",74,4407,4584,5.95,bee_crops/WW-NJ-003_video_01_track_74.jpg,BEE_EVENT_0639,0,New Unique Individual
PL-NJ-003_video_09.mp4,7/23/2026 16:23,"82F, Cloudy",3.09,High - coneflower,3m to bare soil,15,"0.8m height, 45-deg downward",18,898,1893,33.19,bee_crops/PL-NJ-003_video_09_track_18.jpg,BEE_EVENT_0640,0,New Unique Individual
WW-NJ-002_video_06.mp4,9/4/2026 10:52,"72F, Clear",3.13,Medium - clover,4m to wood pile,15,"0.8m height, 45-deg downward",41,1823,1987,5.51,bee_crops/WW-NJ-002_video_06_track_41.jpg,BEE_EVENT_0641,0,New Unique Individual
WW-NJ-001_video_07.mp4,7/21/2026 14:17,"68F, Partly Cloudy",2.92,High - goldenrod,6m to dead stems,15,"0.9m height, 40-deg downward",29,4573,5143,19.03,bee_crops/WW-NJ-001_video_07_track_29.jpg,BEE_EVENT_0642,0,New Unique Individual
WW-NJ-005_video_08.mp4,7/24/2026 16:57,"72F, Sunny",3.15,High - mountain mint,6m to dead stems,15,"1.0m height, 45-deg downward",1,1533,2208,22.53,bee_crops/WW-NJ-005_video_08_track_1.jpg,BEE_EVENT_0643,0,New Unique Individual
PL-NJ-003_video_09.mp4,8/23/2026 12:50,"80F, Clear",0.92,High - mountain mint,4m to wood pile,15,"1.0m height, 45-deg downward",39,1460,1789,11.01,bee_crops/PL-NJ-003_video_09_track_39.jpg,BEE_EVENT_0644,0,New Unique Individual
WW-NJ-005_video_08.mp4,8/15/2026 15:43,"70F, Sunny",2.54,High - mountain mint,10m to woodland edge,15,"1.2m height, 50-deg downward",54,2926,3083,5.26,bee_crops/WW-NJ-005_video_08_track_54.jpg,BEE_EVENT_0645,0,New Unique Individual
PL-NJ-001_video_04.mp4,8/26/2026 15:12,"70F, Cloudy",2.29,Medium - clover,8m to brush edge,15,"1.0m height, 45-deg downward",62,1444,1636,6.44,bee_crops/PL-NJ-001_video_04_track_62.jpg,BEE_EVENT_0646,0,New Unique Individual
PL-NJ-003_video_10.mp4,8/10/2026 12:06,"80F, Clear",1.66,High - milkweed,3m to bare soil,15,"1.2m height, 50-deg downward",53,2384,2659,9.21,bee_crops/PL-NJ-003_video_10_track_53.jpg,BEE_EVENT_0647,0,New Unique Individual
PL-NJ-003_video_07.mp4,8/9/2026 13:08,"78F, Clear",2.35,High - milkweed,4m to wood pile,15,"0.9m height, 40-deg downward",29,2199,2300,3.4,bee_crops/PL-NJ-003_video_07_track_29.jpg,BEE_EVENT_0648,0,New Unique Individual
WW-NJ-003_video_09.mp4,7/28/2026 10:44,"84F, Sunny",1.85,Low - mixed lawn flowers,10m to woodland edge,15,"0.9m height, 40-deg downward",12,5004,5133,4.34,bee_crops/WW-NJ-003_video_09_track_12.jpg,BEE_EVENT_0649,0,New Unique Individual
PL-NJ-001_video_06.mp4,9/2/2026 10:46,"84F, Partly Cloudy",2.46,Medium - clover,10m to woodland edge,15,"0.9m height, 40-deg downward",30,404,527,4.14,bee_crops/PL-NJ-001_video_06_track_30.jpg,BEE_EVENT_0650,0,New Unique Individual
WW-NJ-003_video_06.mp4,8/5/2026 15:18,"68F, Sunny",3.15,High - goldenrod,6m to dead stems,15,"0.9m height, 40-deg downward",63,4530,4876,11.57,bee_crops/WW-NJ-003_video_06_track_63.jpg,BEE_EVENT_0650,0.802,Re-entry (P=80%)
WW-NJ-004_video_01.mp4,8/1/2026 10:57,"76F, Sunny",2.9,High - bee balm,1m to bare soil,15,"0.9m height, 40-deg downward",3,3096,3625,17.65,bee_crops/WW-NJ-004_video_01_track_3.jpg,BEE_EVENT_0651,0.417,New Unique Individual
WW-NJ-003_video_02.mp4,8/31/2026 15:17,"80F, Clear",3.55,Medium - clover,3m to bare soil,15,"0.9m height, 40-deg downward",26,4962,5352,13.03,bee_crops/WW-NJ-003_video_02_track_26.jpg,BEE_EVENT_0652,0.387,New Unique Individual
PL-NJ-002_video_05.mp4,8/11/2026 10:19,"76F, Cloudy",2.6,Medium - aster,1m to bare soil,15,"0.9m height, 40-deg downward",51,3329,3796,15.6,bee_crops/PL-NJ-002_video_05_track_51.jpg,BEE_EVENT_0653,0,New Unique Individual
PL-NJ-004_video_02.mp4,8/12/2026 12:41,"82F, Cloudy",2.07,High - milkweed,6m to dead stems,15,"0.8m height, 45-deg downward",83,204,353,4.99,bee_crops/PL-NJ-004_video_02_track_83.jpg,BEE_EVENT_0654,0,New Unique Individual
WW-NJ-003_video_02.mp4,7/21/2026 11:18,"72F, Cloudy",2.7,High - coneflower,6m to dead stems,15,"1.0m height, 45-deg downward",8,4013,4211,6.62,bee_crops/WW-NJ-003_video_02_track_8.jpg,BEE_EVENT_0655,0,New Unique Individual
WW-NJ-005_video_07.mp4,8/3/2026 14:58,"80F, Clear",0.92,Low - mixed lawn flowers,8m to brush edge,15,"1.0m height, 45-deg downward",72,1234,1441,6.94,bee_crops/WW-NJ-005_video_07_track_72.jpg,BEE_EVENT_0656,0,New Unique Individual
PL-NJ-004_video_08.mp4,8/4/2026 12:25,"84F, Sunny",3.07,Medium - mixed native wildflowers,4m to wood pile,15,"0.8m height, 45-deg downward",49,3780,4108,10.98,bee_crops/PL-NJ-004_video_08_track_49.jpg,BEE_EVENT_0656,0.743,Re-entry (P=74%)
WW-NJ-002_video_03.mp4,7/27/2026 17:00,"82F, Cloudy",0.92,Medium - black-eyed Susan,2m to bare soil,15,"0.9m height, 40-deg downward",52,932,1932,33.36,bee_crops/WW-NJ-002_video_03_track_52.jpg,BEE_EVENT_0656,0.544,Re-entry (P=54%)
WW-NJ-005_video_09.mp4,8/4/2026 14:41,"84F, Clear",1.33,High - mountain mint,6m to dead stems,15,"1.2m height, 50-deg downward",61,5327,5487,5.37,bee_crops/WW-NJ-005_video_09_track_61.jpg,BEE_EVENT_0657,0,New Unique Individual
PL-NJ-001_video_03.mp4,7/25/2026 16:05,"82F, Sunny",2.13,High - bee balm,3m to bare soil,15,"1.0m height, 45-deg downward",26,2603,3050,14.93,bee_crops/PL-NJ-001_video_03_track_26.jpg,BEE_EVENT_0658,0,New Unique Individual
PL-NJ-004_video_08.mp4,8/5/2026 10:08,"70F, Partly Cloudy",2.3,High - bee balm,3m to bare soil,15,"0.8m height, 45-deg downward",25,5120,5781,22.05,bee_crops/PL-NJ-004_video_08_track_25.jpg,BEE_EVENT_0659,0,New Unique Individual
PL-NJ-002_video_10.mp4,8/30/2026 13:28,"84F, Sunny",3.25,High - mountain mint,6m to dead stems,15,"1.0m height, 45-deg downward",14,5116,5456,11.36,bee_crops/PL-NJ-002_video_10_track_14.jpg,BEE_EVENT_0660,0,New Unique Individual
WW-NJ-005_video_03.mp4,7/31/2026 10:13,"78F, Cloudy",2.68,Medium - black-eyed Susan,2m to bare soil,15,"1.0m height, 45-deg downward",1,4279,4471,6.44,bee_crops/WW-NJ-005_video_03_track_1.jpg,BEE_EVENT_0661,0,New Unique Individual
WW-NJ-004_video_02.mp4,9/4/2026 11:14,"78F, Sunny",2.32,High - goldenrod,2m to bare soil,15,"0.9m height, 40-deg downward",55,1351,1492,4.73,bee_crops/WW-NJ-004_video_02_track_55.jpg,BEE_EVENT_0662,0,New Unique Individual
PL-NJ-001_video_05.mp4,8/16/2026 10:20,"82F, Clear",2.06,Medium - black-eyed Susan,10m to woodland edge,15,"1.2m height, 50-deg downward",68,4589,4712,4.14,bee_crops/PL-NJ-001_video_05_track_68.jpg,BEE_EVENT_0662,0.59,Re-entry (P=59%)
WW-NJ-003_video_05.mp4,8/29/2026 11:58,"76F, Cloudy",2.59,Medium - aster,8m to brush edge,15,"1.2m height, 50-deg downward",23,3582,3649,2.27,bee_crops/WW-NJ-003_video_05_track_23.jpg,BEE_EVENT_0662,0.607,Re-entry (P=61%)
PL-NJ-001_video_07.mp4,7/28/2026 12:29,"74F, Clear",1.37,High - goldenrod,6m to dead stems,15,"1.0m height, 45-deg downward",1,3066,3277,7.07,bee_crops/PL-NJ-001_video_07_track_1.jpg,BEE_EVENT_0663,0,New Unique Individual
PL-NJ-001_video_02.mp4,8/7/2026 13:37,"76F, Cloudy",2.74,High - goldenrod,1m to bare soil,15,"1.2m height, 50-deg downward",36,107,311,6.82,bee_crops/PL-NJ-001_video_02_track_36.jpg,BEE_EVENT_0664,0,New Unique Individual
PL-NJ-005_video_01.mp4,9/8/2026 16:43,"82F, Sunny",2.25,High - bee balm,3m to bare soil,15,"0.8m height, 45-deg downward",79,5180,5608,14.29,bee_crops/PL-NJ-005_video_01_track_79.jpg,BEE_EVENT_0665,0,New Unique Individual
WW-NJ-003_video_03.mp4,9/8/2026 11:10,"68F, Sunny",3.47,High - coneflower,3m to bare soil,15,"0.8m height, 45-deg downward",70,3438,3605,5.59,bee_crops/WW-NJ-003_video_03_track_70.jpg,BEE_EVENT_0666,0,New Unique Individual
WW-NJ-004_video_10.mp4,8/31/2026 9:26,"78F, Cloudy",3.67,High - bee balm,4m to wood pile,15,"0.8m height, 45-deg downward",9,2593,2812,7.33,bee_crops/WW-NJ-004_video_10_track_9.jpg,BEE_EVENT_0666,0.551,Re-entry (P=55%)
WW-NJ-005_video_02.mp4,7/26/2026 16:07,"80F, Sunny",2.75,Medium - mixed native wildflowers,3m to bare soil,15,"1.2m height, 50-deg downward",72,2258,2551,9.81,bee_crops/WW-NJ-005_video_02_track_72.jpg,BEE_EVENT_0667,0,New Unique Individual
PL-NJ-001_video_08.mp4,8/20/2026 10:41,"72F, Partly Cloudy",1.08,High - coneflower,3m to bare soil,15,"0.8m height, 45-deg downward",22,3793,4129,11.24,bee_crops/PL-NJ-001_video_08_track_22.jpg,BEE_EVENT_0668,0,New Unique Individual
WW-NJ-004_video_06.mp4,8/13/2026 10:51,"72F, Sunny",1.78,High - milkweed,4m to wood pile,15,"1.2m height, 50-deg downward",23,2022,2416,13.17,bee_crops/WW-NJ-004_video_06_track_23.jpg,BEE_EVENT_0669,0,New Unique Individual
PL-NJ-005_video_06.mp4,8/10/2026 12:58,"72F, Clear",1.67,High - milkweed,8m to brush edge,15,"0.9m height, 40-deg downward",34,1543,1818,9.19,bee_crops/PL-NJ-005_video_06_track_34.jpg,BEE_EVENT_0669,0.644,Re-entry (P=64%)
PL-NJ-004_video_08.mp4,9/6/2026 11:07,"74F, Clear",2.03,Medium - mixed native wildflowers,8m to brush edge,15,"1.2m height, 50-deg downward",27,4795,4900,3.52,bee_crops/PL-NJ-004_video_08_track_27.jpg,BEE_EVENT_0670,0,New Unique Individual
PL-NJ-004_video_09.mp4,9/6/2026 13:10,"74F, Clear",3.27,High - mountain mint,1m to bare soil,15,"0.8m height, 45-deg downward",67,4205,4522,10.59,bee_crops/PL-NJ-004_video_09_track_67.jpg,BEE_EVENT_0671,0,New Unique Individual
WW-NJ-003_video_08.mp4,7/23/2026 16:42,"68F, Sunny",1.99,Medium - black-eyed Susan,8m to brush edge,15,"1.2m height, 50-deg downward",2,2646,2805,5.35,bee_crops/WW-NJ-003_video_08_track_2.jpg,BEE_EVENT_0671,0.603,Re-entry (P=60%)
WW-NJ-002_video_03.mp4,8/6/2026 13:15,"82F, Cloudy",2.55,High - goldenrod,8m to brush edge,15,"0.9m height, 40-deg downward",61,3825,4372,18.26,bee_crops/WW-NJ-002_video_03_track_61.jpg,BEE_EVENT_0672,0,New Unique Individual
WW-NJ-005_video_06.mp4,8/22/2026 14:35,"84F, Cloudy",1.76,High - milkweed,4m to wood pile,15,"1.2m height, 50-deg downward",74,3287,3534,8.28,bee_crops/WW-NJ-005_video_06_track_74.jpg,BEE_EVENT_0673,0,New Unique Individual
WW-NJ-001_video_03.mp4,8/16/2026 11:24,"74F, Partly Cloudy",3.89,Medium - mixed native wildflowers,8m to brush edge,15,"1.2m height, 50-deg downward",7,4890,5175,9.55,bee_crops/WW-NJ-001_video_03_track_7.jpg,BEE_EVENT_0674,0,New Unique Individual
WW-NJ-005_video_03.mp4,9/4/2026 14:34,"72F, Partly Cloudy",1.33,High - goldenrod,3m to bare soil,15,"1.2m height, 50-deg downward",11,3244,4572,44.3,bee_crops/WW-NJ-005_video_03_track_11.jpg,BEE_EVENT_0675,0.446,New Unique Individual
WW-NJ-004_video_03.mp4,8/27/2026 14:05,"82F, Partly Cloudy",1.31,High - coneflower,4m to wood pile,15,"0.9m height, 40-deg downward",60,3911,4310,13.33,bee_crops/WW-NJ-004_video_03_track_60.jpg,BEE_EVENT_0676,0,New Unique Individual
WW-NJ-002_video_07.mp4,7/23/2026 14:53,"76F, Cloudy",2.08,Medium - clover,6m to dead stems,15,"0.8m height, 45-deg downward",45,1094,1407,10.46,bee_crops/WW-NJ-002_video_07_track_45.jpg,BEE_EVENT_0677,0,New Unique Individual
PL-NJ-005_video_01.mp4,7/29/2026 11:54,"84F, Cloudy",1.98,Medium - clover,1m to bare soil,15,"1.0m height, 45-deg downward",18,1927,2150,7.46,bee_crops/PL-NJ-005_video_01_track_18.jpg,BEE_EVENT_0678,0,New Unique Individual
WW-NJ-001_video_04.mp4,8/3/2026 15:10,"80F, Clear",2.03,High - bee balm,3m to bare soil,15,"0.9m height, 40-deg downward",62,2782,2891,3.68,bee_crops/WW-NJ-001_video_04_track_62.jpg,BEE_EVENT_0679,0.421,New Unique Individual
WW-NJ-003_video_07.mp4,8/27/2026 10:34,"80F, Partly Cloudy",1.91,High - coneflower,3m to bare soil,15,"1.0m height, 45-deg downward",74,677,890,7.13,bee_crops/WW-NJ-003_video_07_track_74.jpg,BEE_EVENT_0680,0,New Unique Individual
PL-NJ-003_video_01.mp4,8/15/2026 15:32,"70F, Clear",1.77,High - mountain mint,10m to woodland edge,15,"0.9m height, 40-deg downward",43,447,587,4.7,bee_crops/PL-NJ-003_video_01_track_43.jpg,BEE_EVENT_0681,0,New Unique Individual
PL-NJ-001_video_02.mp4,9/3/2026 11:32,"72F, Clear",3.23,High - coneflower,8m to brush edge,15,"1.2m height, 50-deg downward",26,4356,5080,24.18,bee_crops/PL-NJ-001_video_02_track_26.jpg,BEE_EVENT_0682,0,New Unique Individual
PL-NJ-005_video_08.mp4,8/11/2026 9:34,"82F, Sunny",0.93,Medium - aster,6m to dead stems,15,"1.2m height, 50-deg downward",33,2308,2623,10.55,bee_crops/PL-NJ-005_video_08_track_33.jpg,BEE_EVENT_0683,0,New Unique Individual
WW-NJ-005_video_01.mp4,8/18/2026 13:16,"82F, Clear",1.94,High - goldenrod,8m to brush edge,15,"0.8m height, 45-deg downward",77,2403,2935,17.78,bee_crops/WW-NJ-005_video_01_track_77.jpg,BEE_EVENT_0684,0.462,New Unique Individual
PL-NJ-002_video_04.mp4,7/26/2026 10:39,"82F, Clear",1.2,High - bee balm,3m to bare soil,15,"0.9m height, 40-deg downward",80,775,939,5.49,bee_crops/PL-NJ-002_video_04_track_80.jpg,BEE_EVENT_0685,0.372,New Unique Individual
PL-NJ-004_video_10.mp4,8/13/2026 9:09,"70F, Sunny",1.99,High - bee balm,3m to bare soil,15,"1.2m height, 50-deg downward",55,2676,2822,4.9,bee_crops/PL-NJ-004_video_10_track_55.jpg,BEE_EVENT_0686,0,New Unique Individual
WW-NJ-003_video_05.mp4,8/30/2026 10:58,"76F, Partly Cloudy",3.89,High - milkweed,8m to brush edge,15,"0.8m height, 45-deg downward",48,3551,3924,12.45,bee_crops/WW-NJ-003_video_05_track_48.jpg,BEE_EVENT_0687,0,New Unique Individual
WW-NJ-004_video_07.mp4,8/1/2026 11:22,"80F, Clear",2.95,Low - mixed lawn flowers,3m to bare soil,15,"0.8m height, 45-deg downward",53,4109,4246,4.59,bee_crops/WW-NJ-004_video_07_track_53.jpg,BEE_EVENT_0688,0.419,New Unique Individual
WW-NJ-005_video_05.mp4,8/13/2026 14:11,"74F, Clear",1.52,Medium - clover,8m to brush edge,15,"0.9m height, 40-deg downward",76,1814,1997,6.15,bee_crops/WW-NJ-005_video_05_track_76.jpg,BEE_EVENT_0689,0,New Unique Individual
PL-NJ-005_video_06.mp4,8/18/2026 15:35,"78F, Cloudy",0.84,Medium - clover,2m to bare soil,15,"0.9m height, 40-deg downward",64,4569,5321,25.09,bee_crops/PL-NJ-005_video_06_track_64.jpg,BEE_EVENT_0690,0.439,New Unique Individual
WW-NJ-005_video_07.mp4,7/17/2026 10:45,"70F, Clear",2.6,Medium - clover,3m to bare soil,15,"1.2m height, 50-deg downward",41,3986,4174,6.3,bee_crops/WW-NJ-005_video_07_track_41.jpg,BEE_EVENT_0691,0,New Unique Individual
PL-NJ-003_video_01.mp4,7/24/2026 11:44,"68F, Cloudy",2.61,Medium - black-eyed Susan,2m to bare soil,15,"0.9m height, 40-deg downward",69,2881,2978,3.25,bee_crops/PL-NJ-003_video_01_track_69.jpg,BEE_EVENT_0692,0.426,New Unique Individual
WW-NJ-002_video_07.mp4,7/28/2026 12:12,"80F, Clear",1.73,High - bee balm,10m to woodland edge,15,"1.0m height, 45-deg downward",54,4676,4753,2.6,bee_crops/WW-NJ-002_video_07_track_54.jpg,BEE_EVENT_0693,0,New Unique Individual
WW-NJ-005_video_06.mp4,9/2/2026 14:45,"84F, Partly Cloudy",2.93,Medium - clover,10m to woodland edge,15,"0.9m height, 40-deg downward",64,866,956,3.03,bee_crops/WW-NJ-005_video_06_track_64.jpg,BEE_EVENT_0694,0,New Unique Individual
WW-NJ-005_video_08.mp4,7/25/2026 11:30,"82F, Sunny",0.81,Medium - clover,4m to wood pile,15,"0.9m height, 40-deg downward",54,2363,2918,18.55,bee_crops/WW-NJ-005_video_08_track_54.jpg,BEE_EVENT_0695,0,New Unique Individual
WW-NJ-001_video_10.mp4,7/29/2026 11:44,"80F, Clear",2.41,High - coneflower,6m to dead stems,15,"1.0m height, 45-deg downward",22,5079,5249,5.7,bee_crops/WW-NJ-001_video_10_track_22.jpg,BEE_EVENT_0696,0,New Unique Individual
PL-NJ-003_video_02.mp4,8/7/2026 9:52,"84F, Partly Cloudy",3.63,Medium - black-eyed Susan,4m to wood pile,15,"1.2m height, 50-deg downward",31,4927,6218,43.07,bee_crops/PL-NJ-003_video_02_track_31.jpg,BEE_EVENT_0697,0.331,New Unique Individual
PL-NJ-001_video_03.mp4,8/2/2026 10:06,"74F, Partly Cloudy",2.65,Medium - aster,10m to woodland edge,15,"1.0m height, 45-deg downward",60,1696,2363,22.25,bee_crops/PL-NJ-001_video_03_track_60.jpg,BEE_EVENT_0698,0,New Unique Individual
WW-NJ-002_video_10.mp4,9/6/2026 15:00,"68F, Cloudy",1.58,High - coneflower,10m to woodland edge,15,"0.9m height, 40-deg downward",50,1305,2206,30.08,bee_crops/WW-NJ-002_video_10_track_50.jpg,BEE_EVENT_0698,0.652,Re-entry (P=65%)
PL-NJ-004_video_02.mp4,8/29/2026 9:33,"76F, Sunny",3.45,High - goldenrod,3m to bare soil,15,"0.9m height, 40-deg downward",66,3939,4415,15.89,bee_crops/PL-NJ-004_video_02_track_66.jpg,BEE_EVENT_0699,0,New Unique Individual
PL-NJ-003_video_07.mp4,9/3/2026 10:11,"70F, Clear",3.51,Low - mixed lawn flowers,4m to wood pile,15,"1.2m height, 50-deg downward",19,1196,1555,12,bee_crops/PL-NJ-003_video_07_track_19.jpg,BEE_EVENT_0700,0,New Unique Individual
PL-NJ-003_video_04.mp4,7/31/2026 10:26,"82F, Clear",3.02,Medium - aster,3m to bare soil,15,"1.2m height, 50-deg downward",57,5260,5403,4.8,bee_crops/PL-NJ-003_video_04_track_57.jpg,BEE_EVENT_0701,0,New Unique Individual
PL-NJ-003_video_05.mp4,8/20/2026 13:43,"84F, Sunny",3.24,High - bee balm,2m to bare soil,15,"1.2m height, 50-deg downward",73,293,536,8.15,bee_crops/PL-NJ-003_video_05_track_73.jpg,BEE_EVENT_0702,0,New Unique Individual
WW-NJ-005_video_05.mp4,8/29/2026 11:41,"76F, Partly Cloudy",1.78,Medium - aster,2m to bare soil,15,"1.2m height, 50-deg downward",50,5193,5577,12.84,bee_crops/WW-NJ-005_video_05_track_50.jpg,BEE_EVENT_0702,0.545,Re-entry (P=55%)
PL-NJ-005_video_05.mp4,7/24/2026 9:21,"80F, Partly Cloudy",3.11,Medium - mixed native wildflowers,3m to bare soil,15,"1.0m height, 45-deg downward",76,2984,3439,15.19,bee_crops/PL-NJ-005_video_05_track_76.jpg,BEE_EVENT_0703,0,New Unique Individual
PL-NJ-001_video_09.mp4,8/7/2026 16:00,"82F, Cloudy",2.87,Medium - mixed native wildflowers,4m to wood pile,15,"0.8m height, 45-deg downward",9,3976,4092,3.89,bee_crops/PL-NJ-001_video_09_track_9.jpg,BEE_EVENT_0704,0,New Unique Individual
WW-NJ-005_video_04.mp4,7/29/2026 11:22,"74F, Cloudy",3.29,High - coneflower,4m to wood pile,15,"0.8m height, 45-deg downward",68,4986,5201,7.2,bee_crops/WW-NJ-005_video_04_track_68.jpg,BEE_EVENT_0705,0,New Unique Individual
WW-NJ-004_video_06.mp4,8/26/2026 9:30,"84F, Clear",1.12,Medium - clover,6m to dead stems,15,"0.8m height, 45-deg downward",8,5132,5363,7.74,bee_crops/WW-NJ-004_video_06_track_8.jpg,BEE_EVENT_0706,0,New Unique Individual
PL-NJ-004_video_04.mp4,7/30/2026 13:56,"74F, Partly Cloudy",3.01,High - milkweed,1m to bare soil,15,"1.2m height, 50-deg downward",71,1497,1722,7.54,bee_crops/PL-NJ-004_video_04_track_71.jpg,BEE_EVENT_0707,0,New Unique Individual
WW-NJ-004_video_02.mp4,7/23/2026 13:08,"82F, Sunny",1.53,Low - mixed lawn flowers,6m to dead stems,15,"0.8m height, 45-deg downward",41,1702,1827,4.2,bee_crops/WW-NJ-004_video_02_track_41.jpg,BEE_EVENT_0708,0,New Unique Individual
WW-NJ-002_video_04.mp4,8/14/2026 10:33,"84F, Cloudy",2.32,High - coneflower,3m to bare soil,15,"0.8m height, 45-deg downward",75,684,1501,27.25,bee_crops/WW-NJ-002_video_04_track_75.jpg,BEE_EVENT_0709,0,New Unique Individual
WW-NJ-002_video_08.mp4,9/2/2026 12:42,"68F, Cloudy",2.77,Medium - aster,6m to dead stems,15,"1.2m height, 50-deg downward",64,5202,5413,7.05,bee_crops/WW-NJ-002_video_08_track_64.jpg,BEE_EVENT_0710,0,New Unique Individual
PL-NJ-001_video_09.mp4,8/14/2026 13:46,"74F, Clear",1.65,Medium - mixed native wildflowers,8m to brush edge,15,"1.2m height, 50-deg downward",81,2455,2585,4.38,bee_crops/PL-NJ-001_video_09_track_81.jpg,BEE_EVENT_0711,0,New Unique Individual
WW-NJ-003_video_08.mp4,7/15/2026 14:37,"70F, Clear",2.39,High - bee balm,1m to bare soil,15,"0.9m height, 40-deg downward",44,3855,4688,27.8,bee_crops/WW-NJ-003_video_08_track_44.jpg,BEE_EVENT_0712,0,New Unique Individual
PL-NJ-004_video_03.mp4,7/27/2026 10:53,"76F, Cloudy",1.48,Medium - mixed native wildflowers,1m to bare soil,15,"1.2m height, 50-deg downward",79,1899,2566,22.27,bee_crops/PL-NJ-004_video_03_track_79.jpg,BEE_EVENT_0712,0.534,Re-entry (P=53%)
WW-NJ-004_video_07.mp4,9/3/2026 11:59,"78F, Cloudy",2.75,High - bee balm,10m to woodland edge,15,"1.2m height, 50-deg downward",30,1294,1561,8.95,bee_crops/WW-NJ-004_video_07_track_30.jpg,BEE_EVENT_0713,0,New Unique Individual
PL-NJ-003_video_05.mp4,8/7/2026 11:24,"82F, Cloudy",3.13,Medium - clover,6m to dead stems,15,"0.9m height, 40-deg downward",54,2734,2811,2.59,bee_crops/PL-NJ-003_video_05_track_54.jpg,BEE_EVENT_0713,0.514,Re-entry (P=51%)
PL-NJ-002_video_06.mp4,8/25/2026 11:34,"74F, Clear",0.86,High - milkweed,10m to woodland edge,15,"1.2m height, 50-deg downward",4,2247,2427,6.03,bee_crops/PL-NJ-002_video_06_track_4.jpg,BEE_EVENT_0714,0,New Unique Individual
PL-NJ-002_video_06.mp4,8/19/2026 12:56,"76F, Sunny",2.78,Medium - aster,2m to bare soil,15,"1.0m height, 45-deg downward",42,1762,1848,2.9,bee_crops/PL-NJ-002_video_06_track_42.jpg,BEE_EVENT_0715,0,New Unique Individual
PL-NJ-005_video_08.mp4,7/17/2026 15:49,"80F, Sunny",1.6,Low - mixed lawn flowers,1m to bare soil,15,"1.2m height, 50-deg downward",36,3990,4331,11.4,bee_crops/PL-NJ-005_video_08_track_36.jpg,BEE_EVENT_0716,0,New Unique Individual
PL-NJ-003_video_05.mp4,7/22/2026 16:13,"72F, Clear",1.84,Medium - black-eyed Susan,6m to dead stems,15,"1.0m height, 45-deg downward",72,607,779,5.78,bee_crops/PL-NJ-003_video_05_track_72.jpg,BEE_EVENT_0716,0.621,Re-entry (P=62%)
WW-NJ-005_video_09.mp4,8/17/2026 13:49,"78F, Cloudy",1.25,High - coneflower,8m to brush edge,15,"1.0m height, 45-deg downward",24,180,420,8.02,bee_crops/WW-NJ-005_video_09_track_24.jpg,BEE_EVENT_0717,0,New Unique Individual
WW-NJ-004_video_08.mp4,8/7/2026 14:17,"72F, Cloudy",1.62,High - goldenrod,4m to wood pile,15,"0.9m height, 40-deg downward",63,2122,2896,25.84,bee_crops/WW-NJ-004_video_08_track_63.jpg,BEE_EVENT_0718,0,New Unique Individual
PL-NJ-004_video_01.mp4,8/16/2026 14:06,"84F, Cloudy",2.2,High - goldenrod,3m to bare soil,15,"1.2m height, 50-deg downward",82,4635,4800,5.52,bee_crops/PL-NJ-004_video_01_track_82.jpg,BEE_EVENT_0718,0.887,Re-entry (P=89%)
PL-NJ-004_video_02.mp4,8/18/2026 11:56,"82F, Sunny",3.51,High - coneflower,10m to woodland edge,15,"0.9m height, 40-deg downward",36,4207,4538,11.08,bee_crops/PL-NJ-004_video_02_track_36.jpg,BEE_EVENT_0719,0,New Unique Individual
WW-NJ-003_video_06.mp4,7/19/2026 11:46,"80F, Cloudy",1.89,Medium - mixed native wildflowers,6m to dead stems,15,"1.2m height, 50-deg downward",1,4713,5115,13.44,bee_crops/WW-NJ-003_video_06_track_1.jpg,BEE_EVENT_0720,0,New Unique Individual
PL-NJ-002_video_01.mp4,7/15/2026 12:25,"78F, Partly Cloudy",1.28,High - milkweed,10m to woodland edge,15,"1.2m height, 50-deg downward",74,3500,4043,18.13,bee_crops/PL-NJ-002_video_01_track_74.jpg,BEE_EVENT_0720,0.531,Re-entry (P=53%)
WW-NJ-003_video_02.mp4,7/16/2026 9:54,"78F, Partly Cloudy",2.53,High - coneflower,8m to brush edge,15,"1.0m height, 45-deg downward",26,1044,1273,7.65,bee_crops/WW-NJ-003_video_02_track_26.jpg,BEE_EVENT_0721,0,New Unique Individual
PL-NJ-002_video_05.mp4,7/29/2026 12:54,"70F, Sunny",0.89,Medium - aster,4m to wood pile,15,"1.0m height, 45-deg downward",49,2911,3124,7.15,bee_crops/PL-NJ-002_video_05_track_49.jpg,BEE_EVENT_0721,0.663,Re-entry (P=66%)
PL-NJ-002_video_10.mp4,9/5/2026 10:10,"84F, Partly Cloudy",2.42,Low - mixed lawn flowers,10m to woodland edge,15,"1.0m height, 45-deg downward",16,1435,1646,7.05,bee_crops/PL-NJ-002_video_10_track_16.jpg,BEE_EVENT_0722,0,New Unique Individual
PL-NJ-005_video_06.mp4,8/31/2026 14:31,"84F, Cloudy",1.47,High - coneflower,3m to bare soil,15,"0.8m height, 45-deg downward",59,1565,1875,10.37,bee_crops/PL-NJ-005_video_06_track_59.jpg,BEE_EVENT_0722,0.615,Re-entry (P=62%)
WW-NJ-002_video_06.mp4,8/7/2026 13:58,"74F, Cloudy",2.19,High - mountain mint,4m to wood pile,15,"0.8m height, 45-deg downward",36,535,1180,21.55,bee_crops/WW-NJ-002_video_06_track_36.jpg,BEE_EVENT_0723,0,New Unique Individual
PL-NJ-001_video_01.mp4,7/24/2026 12:16,"72F, Cloudy",0.83,Medium - mixed native wildflowers,10m to woodland edge,15,"0.8m height, 45-deg downward",8,4626,4831,6.85,bee_crops/PL-NJ-001_video_01_track_8.jpg,BEE_EVENT_0724,0,New Unique Individual
WW-NJ-004_video_05.mp4,8/7/2026 15:57,"84F, Partly Cloudy",2.14,High - bee balm,3m to bare soil,15,"0.8m height, 45-deg downward",21,1291,1341,1.69,bee_crops/WW-NJ-004_video_05_track_21.jpg,BEE_EVENT_0724,0.696,Re-entry (P=70%)
PL-NJ-001_video_05.mp4,8/23/2026 14:06,"68F, Cloudy",1.86,Medium - aster,1m to bare soil,15,"0.9m height, 40-deg downward",77,212,646,14.51,bee_crops/PL-NJ-001_video_05_track_77.jpg,BEE_EVENT_0725,0,New Unique Individual
WW-NJ-003_video_03.mp4,7/21/2026 9:27,"70F, Cloudy",1.09,High - coneflower,4m to wood pile,15,"0.9m height, 40-deg downward",18,1825,2080,8.53,bee_crops/WW-NJ-003_video_03_track_18.jpg,BEE_EVENT_0726,0,New Unique Individual
WW-NJ-001_video_05.mp4,8/14/2026 16:21,"78F, Cloudy",1.83,Medium - mixed native wildflowers,4m to wood pile,15,"1.0m height, 45-deg downward",17,1051,1393,11.42,bee_crops/WW-NJ-001_video_05_track_17.jpg,BEE_EVENT_0726,0.555,Re-entry (P=56%)
WW-NJ-004_video_02.mp4,8/31/2026 10:50,"70F, Partly Cloudy",1.7,Low - mixed lawn flowers,3m to bare soil,15,"1.0m height, 45-deg downward",85,3309,3397,2.96,bee_crops/WW-NJ-004_video_02_track_85.jpg,BEE_EVENT_0727,0,New Unique Individual
PL-NJ-003_video_10.mp4,8/17/2026 13:53,"72F, Cloudy",1.85,Medium - clover,8m to brush edge,15,"0.8m height, 45-deg downward",26,1079,1252,5.79,bee_crops/PL-NJ-003_video_10_track_26.jpg,BEE_EVENT_0728,0,New Unique Individual
WW-NJ-001_video_03.mp4,8/24/2026 9:58,"68F, Cloudy",1.32,Medium - clover,10m to woodland edge,15,"1.2m height, 50-deg downward",25,1949,2358,13.68,bee_crops/WW-NJ-001_video_03_track_25.jpg,BEE_EVENT_0729,0,New Unique Individual
PL-NJ-005_video_07.mp4,8/12/2026 12:34,"70F, Clear",1.64,Medium - aster,3m to bare soil,15,"1.0m height, 45-deg downward",33,5090,5197,3.61,bee_crops/PL-NJ-005_video_07_track_33.jpg,BEE_EVENT_0730,0,New Unique Individual
PL-NJ-003_video_09.mp4,8/13/2026 10:47,"70F, Cloudy",3.24,High - mountain mint,8m to brush edge,15,"0.8m height, 45-deg downward",70,2805,3136,11.06,bee_crops/PL-NJ-003_video_09_track_70.jpg,BEE_EVENT_0730,0.667,Re-entry (P=67%)
WW-NJ-002_video_02.mp4,8/19/2026 13:13,"84F, Partly Cloudy",1.78,Medium - black-eyed Susan,4m to wood pile,15,"1.0m height, 45-deg downward",19,2848,3086,7.98,bee_crops/WW-NJ-002_video_02_track_19.jpg,BEE_EVENT_0731,0,New Unique Individual
WW-NJ-004_video_01.mp4,7/27/2026 14:38,"84F, Clear",3.3,Low - mixed lawn flowers,6m to dead stems,15,"1.0m height, 45-deg downward",68,4923,5074,5.07,bee_crops/WW-NJ-004_video_01_track_68.jpg,BEE_EVENT_0731,0.622,Re-entry (P=62%)
PL-NJ-005_video_04.mp4,9/6/2026 11:39,"76F, Cloudy",2.16,High - milkweed,3m to bare soil,15,"0.9m height, 40-deg downward",67,4995,5139,4.82,bee_crops/PL-NJ-005_video_04_track_67.jpg,BEE_EVENT_0732,0,New Unique Individual
PL-NJ-003_video_08.mp4,8/4/2026 11:51,"84F, Partly Cloudy",0.8,High - mountain mint,8m to brush edge,15,"0.8m height, 45-deg downward",8,2458,2584,4.22,bee_crops/PL-NJ-003_video_08_track_8.jpg,BEE_EVENT_0733,0,New Unique Individual
WW-NJ-003_video_03.mp4,8/14/2026 11:53,"80F, Partly Cloudy",2.05,High - bee balm,2m to bare soil,15,"1.2m height, 50-deg downward",10,1987,2241,8.5,bee_crops/WW-NJ-003_video_03_track_10.jpg,BEE_EVENT_0734,0.489,New Unique Individual
PL-NJ-002_video_02.mp4,8/30/2026 11:18,"78F, Sunny",1.26,High - mountain mint,6m to dead stems,15,"1.2m height, 50-deg downward",68,3633,3907,9.16,bee_crops/PL-NJ-002_video_02_track_68.jpg,BEE_EVENT_0734,0.51,Re-entry (P=51%)
PL-NJ-003_video_05.mp4,9/5/2026 10:39,"78F, Sunny",2.25,High - coneflower,4m to wood pile,15,"1.2m height, 50-deg downward",15,4998,5190,6.43,bee_crops/PL-NJ-003_video_05_track_15.jpg,BEE_EVENT_0735,0,New Unique Individual
PL-NJ-002_video_10.mp4,7/25/2026 16:53,"70F, Partly Cloudy",1.52,High - coneflower,10m to woodland edge,15,"0.9m height, 40-deg downward",56,2385,2506,4.07,bee_crops/PL-NJ-002_video_10_track_56.jpg,BEE_EVENT_0736,0,New Unique Individual
WW-NJ-002_video_05.mp4,9/6/2026 13:21,"76F, Sunny",2.43,Medium - black-eyed Susan,1m to bare soil,15,"0.8m height, 45-deg downward",63,5246,5282,1.22,bee_crops/WW-NJ-002_video_05_track_63.jpg,BEE_EVENT_0736,0.523,Re-entry (P=52%)
WW-NJ-005_video_02.mp4,9/2/2026 16:40,"84F, Sunny",3.48,Medium - black-eyed Susan,6m to dead stems,15,"0.8m height, 45-deg downward",76,4970,5295,10.85,bee_crops/WW-NJ-005_video_02_track_76.jpg,BEE_EVENT_0737,0,New Unique Individual
WW-NJ-002_video_10.mp4,7/21/2026 10:53,"80F, Sunny",1.95,Low - mixed lawn flowers,3m to bare soil,15,"0.9m height, 40-deg downward",59,1955,2395,14.7,bee_crops/WW-NJ-002_video_10_track_59.jpg,BEE_EVENT_0738,0,New Unique Individual
PL-NJ-004_video_01.mp4,8/9/2026 15:47,"68F, Sunny",1.49,High - bee balm,3m to bare soil,15,"0.9m height, 40-deg downward",4,211,576,12.21,bee_crops/PL-NJ-004_video_01_track_4.jpg,BEE_EVENT_0739,0,New Unique Individual
WW-NJ-005_video_06.mp4,9/5/2026 14:27,"78F, Clear",1.69,High - goldenrod,10m to woodland edge,15,"1.0m height, 45-deg downward",27,2038,2970,31.11,bee_crops/WW-NJ-005_video_06_track_27.jpg,BEE_EVENT_0740,0,New Unique Individual
PL-NJ-004_video_06.mp4,8/31/2026 15:53,"82F, Clear",3.3,High - bee balm,3m to bare soil,15,"1.0m height, 45-deg downward",41,2856,3073,7.25,bee_crops/PL-NJ-004_video_06_track_41.jpg,BEE_EVENT_0741,0,New Unique Individual
WW-NJ-002_video_02.mp4,8/24/2026 15:25,"80F, Clear",2.39,High - bee balm,10m to woodland edge,15,"0.9m height, 40-deg downward",45,5094,5692,19.96,bee_crops/WW-NJ-002_video_02_track_45.jpg,BEE_EVENT_0742,0,New Unique Individual
PL-NJ-003_video_06.mp4,9/1/2026 11:15,"76F, Partly Cloudy",0.85,High - milkweed,4m to wood pile,15,"0.8m height, 45-deg downward",26,2645,2805,5.37,bee_crops/PL-NJ-003_video_06_track_26.jpg,BEE_EVENT_0743,0.385,New Unique Individual
PL-NJ-002_video_05.mp4,7/24/2026 14:39,"70F, Sunny",2.07,Medium - black-eyed Susan,3m to bare soil,15,"1.0m height, 45-deg downward",57,2899,3044,4.86,bee_crops/PL-NJ-002_video_05_track_57.jpg,BEE_EVENT_0744,0,New Unique Individual
WW-NJ-004_video_09.mp4,7/24/2026 13:06,"74F, Cloudy",1.52,High - milkweed,8m to brush edge,15,"1.0m height, 45-deg downward",19,4051,4315,8.84,bee_crops/WW-NJ-004_video_09_track_19.jpg,BEE_EVENT_0744,0.824,Re-entry (P=82%)
PL-NJ-005_video_08.mp4,9/6/2026 16:31,"74F, Partly Cloudy",2.56,Low - mixed lawn flowers,10m to woodland edge,15,"0.9m height, 40-deg downward",81,4558,5261,23.48,bee_crops/PL-NJ-005_video_08_track_81.jpg,BEE_EVENT_0745,0,New Unique Individual
PL-NJ-002_video_05.mp4,8/29/2026 14:56,"74F, Clear",2.18,Medium - clover,1m to bare soil,15,"1.0m height, 45-deg downward",42,2160,2362,6.76,bee_crops/PL-NJ-002_video_05_track_42.jpg,BEE_EVENT_0746,0,New Unique Individual
WW-NJ-004_video_09.mp4,8/21/2026 11:11,"78F, Partly Cloudy",3.07,Medium - mixed native wildflowers,8m to brush edge,15,"1.2m height, 50-deg downward",83,4158,4246,2.96,bee_crops/WW-NJ-004_video_09_track_83.jpg,BEE_EVENT_0747,0,New Unique Individual
WW-NJ-004_video_08.mp4,8/1/2026 9:34,"80F, Partly Cloudy",2.2,Low - mixed lawn flowers,1m to bare soil,15,"0.9m height, 40-deg downward",72,5070,5504,14.5,bee_crops/WW-NJ-004_video_08_track_72.jpg,BEE_EVENT_0748,0,New Unique Individual
PL-NJ-001_video_08.mp4,9/8/2026 11:09,"76F, Cloudy",1.01,High - mountain mint,4m to wood pile,15,"1.0m height, 45-deg downward",51,2904,3136,7.76,bee_crops/PL-NJ-001_video_08_track_51.jpg,BEE_EVENT_0748,0.553,Re-entry (P=55%)
WW-NJ-005_video_06.mp4,7/29/2026 15:14,"78F, Sunny",3.94,Low - mixed lawn flowers,8m to brush edge,15,"1.2m height, 50-deg downward",76,4421,4718,9.92,bee_crops/WW-NJ-005_video_06_track_76.jpg,BEE_EVENT_0749,0.377,New Unique Individual
PL-NJ-004_video_07.mp4,8/30/2026 11:51,"72F, Sunny",1.6,Low - mixed lawn flowers,8m to brush edge,15,"0.9m height, 40-deg downward",16,1595,1744,5.01,bee_crops/PL-NJ-004_video_07_track_16.jpg,BEE_EVENT_0750,0,New Unique Individual
WW-NJ-002_video_07.mp4,8/20/2026 15:56,"72F, Partly Cloudy",2.02,Medium - aster,1m to bare soil,15,"1.2m height, 50-deg downward",46,3339,3602,8.79,bee_crops/WW-NJ-002_video_07_track_46.jpg,BEE_EVENT_0750,0.649,Re-entry (P=65%)
WW-NJ-002_video_03.mp4,7/31/2026 15:17,"78F, Sunny",1.92,High - coneflower,6m to dead stems,15,"1.2m height, 50-deg downward",3,1857,1952,3.21,bee_crops/WW-NJ-002_video_03_track_3.jpg,BEE_EVENT_0751,0,New Unique Individual
WW-NJ-001_video_09.mp4,7/18/2026 14:11,"68F, Clear",0.81,Medium - mixed native wildflowers,4m to wood pile,15,"1.2m height, 50-deg downward",4,1381,2208,27.6,bee_crops/WW-NJ-001_video_09_track_4.jpg,BEE_EVENT_0752,0,New Unique Individual
PL-NJ-005_video_10.mp4,8/7/2026 10:16,"72F, Clear",2.84,Medium - aster,1m to bare soil,15,"1.0m height, 45-deg downward",77,1545,2038,16.48,bee_crops/PL-NJ-005_video_10_track_77.jpg,BEE_EVENT_0753,0,New Unique Individual
WW-NJ-003_video_08.mp4,8/29/2026 11:37,"68F, Sunny",3.41,Medium - aster,10m to woodland edge,15,"1.2m height, 50-deg downward",38,1220,1475,8.53,bee_crops/WW-NJ-003_video_08_track_38.jpg,BEE_EVENT_0754,0.463,New Unique Individual
WW-NJ-003_video_02.mp4,8/15/2026 12:43,"82F, Cloudy",3.99,Medium - clover,1m to bare soil,15,"0.8m height, 45-deg downward",44,1272,1698,14.22,bee_crops/WW-NJ-003_video_02_track_44.jpg,BEE_EVENT_0754,0.546,Re-entry (P=55%)
PL-NJ-003_video_04.mp4,9/3/2026 15:07,"70F, Clear",0.99,Medium - aster,6m to dead stems,15,"0.9m height, 40-deg downward",70,2936,3096,5.37,bee_crops/PL-NJ-003_video_04_track_70.jpg,BEE_EVENT_0755,0,New Unique Individual
WW-NJ-005_video_06.mp4,7/23/2026 16:53,"80F, Cloudy",1.74,Medium - black-eyed Susan,1m to bare soil,15,"0.9m height, 40-deg downward",4,1623,2100,15.95,bee_crops/WW-NJ-005_video_06_track_4.jpg,BEE_EVENT_0756,0,New Unique Individual
PL-NJ-001_video_09.mp4,8/14/2026 15:24,"68F, Partly Cloudy",3.98,High - mountain mint,1m to bare soil,15,"1.2m height, 50-deg downward",76,4077,4273,6.57,bee_crops/PL-NJ-001_video_09_track_76.jpg,BEE_EVENT_0757,0,New Unique Individual
PL-NJ-005_video_09.mp4,7/26/2026 14:52,"76F, Partly Cloudy",2.51,High - goldenrod,3m to bare soil,15,"0.8m height, 45-deg downward",56,393,580,6.28,bee_crops/PL-NJ-005_video_09_track_56.jpg,BEE_EVENT_0758,0,New Unique Individual
PL-NJ-004_video_03.mp4,8/16/2026 14:48,"82F, Partly Cloudy",3.71,High - coneflower,8m to brush edge,15,"1.2m height, 50-deg downward",10,367,498,4.39,bee_crops/PL-NJ-004_video_03_track_10.jpg,BEE_EVENT_0759,0,New Unique Individual
PL-NJ-003_video_04.mp4,8/20/2026 9:07,"76F, Partly Cloudy",1.46,High - coneflower,8m to brush edge,15,"1.2m height, 50-deg downward",23,3126,3447,10.75,bee_crops/PL-NJ-003_video_04_track_23.jpg,BEE_EVENT_0760,0,New Unique Individual
WW-NJ-004_video_06.mp4,9/6/2026 15:07,"76F, Clear",1.25,High - milkweed,2m to bare soil,15,"1.2m height, 50-deg downward",53,1278,1526,8.3,bee_crops/WW-NJ-004_video_06_track_53.jpg,BEE_EVENT_0761,0,New Unique Individual
PL-NJ-002_video_07.mp4,8/8/2026 13:58,"76F, Cloudy",3.41,Medium - aster,1m to bare soil,15,"0.9m height, 40-deg downward",17,1553,2166,20.45,bee_crops/PL-NJ-002_video_07_track_17.jpg,BEE_EVENT_0762,0,New Unique Individual
WW-NJ-004_video_02.mp4,8/24/2026 10:12,"70F, Clear",3.69,Medium - aster,2m to bare soil,15,"1.2m height, 50-deg downward",51,1302,1424,4.09,bee_crops/WW-NJ-004_video_02_track_51.jpg,BEE_EVENT_0763,0,New Unique Individual
WW-NJ-005_video_05.mp4,9/7/2026 13:11,"70F, Partly Cloudy",2.06,High - milkweed,2m to bare soil,15,"0.8m height, 45-deg downward",61,979,1302,10.79,bee_crops/WW-NJ-005_video_05_track_61.jpg,BEE_EVENT_0764,0,New Unique Individual
WW-NJ-002_video_04.mp4,7/17/2026 15:16,"74F, Clear",3.24,High - coneflower,4m to wood pile,15,"1.0m height, 45-deg downward",57,685,1214,17.67,bee_crops/WW-NJ-002_video_04_track_57.jpg,BEE_EVENT_0765,0,New Unique Individual
WW-NJ-001_video_09.mp4,9/2/2026 12:54,"68F, Clear",3.12,High - goldenrod,10m to woodland edge,15,"1.2m height, 50-deg downward",23,1724,3042,43.96,bee_crops/WW-NJ-001_video_09_track_23.jpg,BEE_EVENT_0766,0,New Unique Individual
WW-NJ-004_video_01.mp4,8/9/2026 15:14,"72F, Clear",2.42,High - milkweed,8m to brush edge,15,"0.9m height, 40-deg downward",4,2391,2668,9.27,bee_crops/WW-NJ-004_video_01_track_4.jpg,BEE_EVENT_0767,0,New Unique Individual
WW-NJ-002_video_04.mp4,8/22/2026 13:40,"68F, Sunny",1.26,Medium - clover,4m to wood pile,15,"0.8m height, 45-deg downward",80,1320,1514,6.49,bee_crops/WW-NJ-002_video_04_track_80.jpg,BEE_EVENT_0768,0,New Unique Individual
PL-NJ-001_video_06.mp4,7/17/2026 11:11,"68F, Sunny",0.82,High - goldenrod,10m to woodland edge,15,"1.0m height, 45-deg downward",81,1915,2187,9.11,bee_crops/PL-NJ-001_video_06_track_81.jpg,BEE_EVENT_0768,0.677,Re-entry (P=68%)
PL-NJ-003_video_10.mp4,8/25/2026 15:23,"82F, Clear",2.04,High - milkweed,8m to brush edge,15,"0.9m height, 40-deg downward",62,5047,5623,19.23,bee_crops/PL-NJ-003_video_10_track_62.jpg,BEE_EVENT_0769,0,New Unique Individual
WW-NJ-003_video_08.mp4,8/18/2026 14:19,"80F, Partly Cloudy",1.72,High - bee balm,3m to bare soil,15,"0.8m height, 45-deg downward",56,1183,1759,19.22,bee_crops/WW-NJ-003_video_08_track_56.jpg,BEE_EVENT_0770,0,New Unique Individual
WW-NJ-003_video_01.mp4,8/13/2026 15:50,"72F, Partly Cloudy",3.53,Medium - black-eyed Susan,4m to wood pile,15,"0.9m height, 40-deg downward",54,4436,4662,7.56,bee_crops/WW-NJ-003_video_01_track_54.jpg,BEE_EVENT_0771,0,New Unique Individual
PL-NJ-003_video_08.mp4,8/8/2026 16:28,"72F, Partly Cloudy",1.84,Medium - black-eyed Susan,2m to bare soil,15,"1.0m height, 45-deg downward",73,2768,3336,18.97,bee_crops/PL-NJ-003_video_08_track_73.jpg,BEE_EVENT_0772,0.394,New Unique Individual
PL-NJ-005_video_06.mp4,8/13/2026 15:28,"72F, Sunny",1.78,Medium - black-eyed Susan,6m to dead stems,15,"0.9m height, 40-deg downward",39,5276,5517,8.05,bee_crops/PL-NJ-005_video_06_track_39.jpg,BEE_EVENT_0773,0,New Unique Individual
PL-NJ-005_video_07.mp4,7/18/2026 12:18,"80F, Partly Cloudy",2.57,High - bee balm,4m to wood pile,15,"0.8m height, 45-deg downward",27,2767,3189,14.1,bee_crops/PL-NJ-005_video_07_track_27.jpg,BEE_EVENT_0774,0,New Unique Individual
WW-NJ-003_video_05.mp4,8/31/2026 11:46,"72F, Clear",2.64,High - milkweed,4m to wood pile,15,"1.0m height, 45-deg downward",17,3293,3642,11.65,bee_crops/WW-NJ-003_video_05_track_17.jpg,BEE_EVENT_0775,0,New Unique Individual
PL-NJ-003_video_06.mp4,8/23/2026 9:48,"68F, Sunny",3.32,High - coneflower,3m to bare soil,15,"0.8m height, 45-deg downward",41,796,985,6.33,bee_crops/PL-NJ-003_video_06_track_41.jpg,BEE_EVENT_0776,0,New Unique Individual
PL-NJ-001_video_04.mp4,8/31/2026 11:18,"78F, Cloudy",3.49,Medium - clover,3m to bare soil,15,"1.0m height, 45-deg downward",38,2520,2653,4.48,bee_crops/PL-NJ-001_video_04_track_38.jpg,BEE_EVENT_0777,0,New Unique Individual
PL-NJ-004_video_03.mp4,7/24/2026 11:31,"80F, Cloudy",2.5,Low - mixed lawn flowers,8m to brush edge,15,"1.2m height, 50-deg downward",32,971,1510,18.01,bee_crops/PL-NJ-004_video_03_track_32.jpg,BEE_EVENT_0778,0,New Unique Individual
WW-NJ-003_video_08.mp4,7/21/2026 9:13,"72F, Clear",2.31,Medium - aster,4m to wood pile,15,"1.0m height, 45-deg downward",58,3121,3778,21.95,bee_crops/WW-NJ-003_video_08_track_58.jpg,BEE_EVENT_0779,0,New Unique Individual
PL-NJ-003_video_10.mp4,8/6/2026 14:10,"76F, Partly Cloudy",1.02,High - bee balm,1m to bare soil,15,"1.0m height, 45-deg downward",82,3031,3349,10.62,bee_crops/PL-NJ-003_video_10_track_82.jpg,BEE_EVENT_0780,0,New Unique Individual
WW-NJ-002_video_06.mp4,8/22/2026 16:06,"72F, Clear",3.65,Medium - black-eyed Susan,2m to bare soil,15,"1.2m height, 50-deg downward",67,5095,5335,8.04,bee_crops/WW-NJ-002_video_06_track_67.jpg,BEE_EVENT_0781,0,New Unique Individual
WW-NJ-001_video_08.mp4,8/4/2026 11:08,"76F, Cloudy",1.56,High - mountain mint,3m to bare soil,15,"0.8m height, 45-deg downward",35,5320,5433,3.79,bee_crops/WW-NJ-001_video_08_track_35.jpg,BEE_EVENT_0782,0,New Unique Individual
PL-NJ-003_video_02.mp4,8/5/2026 9:13,"68F, Cloudy",0.83,Low - mixed lawn flowers,2m to bare soil,15,"0.9m height, 40-deg downward",49,5114,5643,17.67,bee_crops/PL-NJ-003_video_02_track_49.jpg,BEE_EVENT_0783,0,New Unique Individual
WW-NJ-005_video_07.mp4,8/5/2026 14:56,"80F, Partly Cloudy",3.53,Medium - black-eyed Susan,3m to bare soil,15,"1.2m height, 50-deg downward",71,4200,4494,9.82,bee_crops/WW-NJ-005_video_07_track_71.jpg,BEE_EVENT_0783,0.779,Re-entry (P=78%)
PL-NJ-003_video_02.mp4,9/4/2026 15:00,"72F, Partly Cloudy",3.67,High - goldenrod,1m to bare soil,15,"1.0m height, 45-deg downward",48,4169,4375,6.9,bee_crops/PL-NJ-003_video_02_track_48.jpg,BEE_EVENT_0783,0.596,Re-entry (P=60%)
WW-NJ-002_video_02.mp4,7/15/2026 9:52,"70F, Cloudy",3.58,Low - mixed lawn flowers,8m to brush edge,15,"1.2m height, 50-deg downward",14,2795,3226,14.39,bee_crops/WW-NJ-002_video_02_track_14.jpg,BEE_EVENT_0784,0,New Unique Individual
WW-NJ-001_video_03.mp4,7/27/2026 10:16,"68F, Partly Cloudy",3.1,High - coneflower,2m to bare soil,15,"0.8m height, 45-deg downward",11,752,853,3.4,bee_crops/WW-NJ-001_video_03_track_11.jpg,BEE_EVENT_0785,0,New Unique Individual
PL-NJ-004_video_04.mp4,8/14/2026 12:50,"82F, Sunny",2.74,High - bee balm,4m to wood pile,15,"1.0m height, 45-deg downward",65,4058,4185,4.26,bee_crops/PL-NJ-004_video_04_track_65.jpg,BEE_EVENT_0785,0.787,Re-entry (P=79%)
WW-NJ-003_video_09.mp4,8/20/2026 12:49,"74F, Clear",3.05,High - coneflower,10m to woodland edge,15,"1.0m height, 45-deg downward",21,1016,1173,5.26,bee_crops/WW-NJ-003_video_09_track_21.jpg,BEE_EVENT_0786,0,New Unique Individual
PL-NJ-005_video_05.mp4,8/22/2026 15:37,"76F, Partly Cloudy",1.71,Medium - black-eyed Susan,6m to dead stems,15,"0.8m height, 45-deg downward",84,5248,5589,11.4,bee_crops/PL-NJ-005_video_05_track_84.jpg,BEE_EVENT_0787,0,New Unique Individual
WW-NJ-005_video_05.mp4,9/1/2026 11:09,"68F, Sunny",1,Medium - clover,8m to brush edge,15,"0.9m height, 40-deg downward",2,505,779,9.18,bee_crops/WW-NJ-005_video_05_track_2.jpg,BEE_EVENT_0788,0,New Unique Individual
WW-NJ-002_video_06.mp4,8/21/2026 14:49,"76F, Cloudy",2.97,High - coneflower,3m to bare soil,15,"0.9m height, 40-deg downward",48,4961,5330,12.34,bee_crops/WW-NJ-002_video_06_track_48.jpg,BEE_EVENT_0789,0,New Unique Individual
PL-NJ-003_video_06.mp4,8/18/2026 12:19,"80F, Cloudy",1.35,Medium - clover,3m to bare soil,15,"0.9m height, 40-deg downward",60,4811,5314,16.8,bee_crops/PL-NJ-003_video_06_track_60.jpg,BEE_EVENT_0790,0,New Unique Individual
PL-NJ-003_video_08.mp4,7/24/2026 11:52,"72F, Cloudy",2.14,High - goldenrod,10m to woodland edge,15,"1.0m height, 45-deg downward",52,3159,3537,12.64,bee_crops/PL-NJ-003_video_08_track_52.jpg,BEE_EVENT_0791,0,New Unique Individual
PL-NJ-002_video_03.mp4,7/24/2026 11:18,"72F, Clear",0.85,Medium - aster,2m to bare soil,15,"0.8m height, 45-deg downward",64,777,1618,28.08,bee_crops/PL-NJ-002_video_03_track_64.jpg,BEE_EVENT_0792,0,New Unique Individual
WW-NJ-005_video_09.mp4,8/1/2026 12:17,"80F, Partly Cloudy",2.74,Medium - aster,4m to wood pile,15,"0.8m height, 45-deg downward",46,3986,4488,16.77,bee_crops/WW-NJ-005_video_09_track_46.jpg,BEE_EVENT_0793,0,New Unique Individual
WW-NJ-002_video_06.mp4,8/29/2026 16:43,"82F, Cloudy",1.25,Medium - mixed native wildflowers,4m to wood pile,15,"0.8m height, 45-deg downward",40,2371,2596,7.55,bee_crops/WW-NJ-002_video_06_track_40.jpg,BEE_EVENT_0794,0,New Unique Individual
PL-NJ-001_video_05.mp4,8/27/2026 15:44,"76F, Clear",2.72,Medium - mixed native wildflowers,10m to woodland edge,15,"1.0m height, 45-deg downward",48,999,1171,5.77,bee_crops/PL-NJ-001_video_05_track_48.jpg,BEE_EVENT_0795,0,New Unique Individual
PL-NJ-003_video_02.mp4,7/16/2026 16:28,"74F, Cloudy",1.59,Medium - clover,10m to woodland edge,15,"1.2m height, 50-deg downward",72,3417,3647,7.7,bee_crops/PL-NJ-003_video_02_track_72.jpg,BEE_EVENT_0796,0,New Unique Individual
PL-NJ-001_video_04.mp4,7/23/2026 14:55,"74F, Cloudy",2.63,High - milkweed,6m to dead stems,15,"0.9m height, 40-deg downward",3,5183,5570,12.95,bee_crops/PL-NJ-001_video_04_track_3.jpg,BEE_EVENT_0797,0,New Unique Individual
WW-NJ-002_video_07.mp4,9/1/2026 11:44,"82F, Sunny",1.06,Medium - aster,4m to wood pile,15,"0.9m height, 40-deg downward",25,2635,2818,6.15,bee_crops/WW-NJ-002_video_07_track_25.jpg,BEE_EVENT_0798,0,New Unique Individual
WW-NJ-005_video_03.mp4,8/7/2026 9:35,"78F, Cloudy",1.51,High - goldenrod,6m to dead stems,15,"1.0m height, 45-deg downward",35,2021,2416,13.2,bee_crops/WW-NJ-005_video_03_track_35.jpg,BEE_EVENT_0799,0,New Unique Individual
PL-NJ-003_video_06.mp4,8/22/2026 12:57,"70F, Sunny",1.4,Low - mixed lawn flowers,8m to brush edge,15,"1.0m height, 45-deg downward",68,5291,5655,12.18,bee_crops/PL-NJ-003_video_06_track_68.jpg,BEE_EVENT_0800,0,New Unique Individual
WW-NJ-005_video_04.mp4,9/3/2026 15:32,"72F, Sunny",1.75,High - milkweed,1m to bare soil,15,"0.9m height, 40-deg downward",11,90,223,4.45,bee_crops/WW-NJ-005_video_04_track_11.jpg,BEE_EVENT_0801,0,New Unique Individual
WW-NJ-003_video_08.mp4,8/24/2026 15:40,"70F, Cloudy",2.7,Medium - clover,3m to bare soil,15,"1.0m height, 45-deg downward",78,1286,1781,16.54,bee_crops/WW-NJ-003_video_08_track_78.jpg,BEE_EVENT_0802,0,New Unique Individual
WW-NJ-003_video_10.mp4,7/23/2026 14:06,"84F, Clear",0.97,Medium - clover,2m to bare soil,15,"1.2m height, 50-deg downward",49,1016,1326,10.37,bee_crops/WW-NJ-003_video_10_track_49.jpg,BEE_EVENT_0803,0,New Unique Individual
PL-NJ-002_video_06.mp4,8/9/2026 11:25,"76F, Sunny",3.48,High - goldenrod,6m to dead stems,15,"0.8m height, 45-deg downward",17,5023,5831,26.97,bee_crops/PL-NJ-002_video_06_track_17.jpg,BEE_EVENT_0804,0,New Unique Individual
WW-NJ-002_video_03.mp4,7/24/2026 10:38,"70F, Clear",3.81,High - milkweed,3m to bare soil,15,"0.8m height, 45-deg downward",53,1339,1580,8.06,bee_crops/WW-NJ-002_video_03_track_53.jpg,BEE_EVENT_0805,0,New Unique Individual
WW-NJ-002_video_08.mp4,8/9/2026 9:38,"72F, Partly Cloudy",2.85,Medium - black-eyed Susan,4m to wood pile,15,"1.0m height, 45-deg downward",15,3411,3611,6.71,bee_crops/WW-NJ-002_video_08_track_15.jpg,BEE_EVENT_0806,0,New Unique Individual
WW-NJ-005_video_04.mp4,7/30/2026 9:46,"82F, Sunny",0.88,High - milkweed,2m to bare soil,15,"1.0m height, 45-deg downward",20,4569,4692,4.12,bee_crops/WW-NJ-005_video_04_track_20.jpg,BEE_EVENT_0807,0,New Unique Individual
WW-NJ-003_video_09.mp4,8/4/2026 14:29,"84F, Cloudy",2.94,High - goldenrod,1m to bare soil,15,"0.9m height, 40-deg downward",71,5197,5318,4.08,bee_crops/WW-NJ-003_video_09_track_71.jpg,BEE_EVENT_0807,0.842,Re-entry (P=84%)
WW-NJ-004_video_10.mp4,8/15/2026 9:27,"84F, Cloudy",2.66,Medium - clover,2m to bare soil,15,"1.0m height, 45-deg downward",69,661,1114,15.15,bee_crops/WW-NJ-004_video_10_track_69.jpg,BEE_EVENT_0808,0.472,New Unique Individual
WW-NJ-005_video_09.mp4,8/7/2026 15:15,"78F, Clear",3.21,High - mountain mint,3m to bare soil,15,"0.9m height, 40-deg downward",16,1652,2396,24.83,bee_crops/WW-NJ-005_video_09_track_16.jpg,BEE_EVENT_0809,0,New Unique Individual
PL-NJ-003_video_01.mp4,8/12/2026 15:18,"70F, Partly Cloudy",1.16,Medium - black-eyed Susan,10m to woodland edge,15,"1.2m height, 50-deg downward",28,1515,1743,7.63,bee_crops/PL-NJ-003_video_01_track_28.jpg,BEE_EVENT_0810,0,New Unique Individual
WW-NJ-005_video_06.mp4,8/13/2026 9:46,"74F, Clear",1.54,High - mountain mint,1m to bare soil,15,"1.0m height, 45-deg downward",24,5130,5349,7.32,bee_crops/WW-NJ-005_video_06_track_24.jpg,BEE_EVENT_0811,0,New Unique Individual
WW-NJ-004_video_08.mp4,8/30/2026 15:51,"72F, Cloudy",2.27,Medium - black-eyed Susan,6m to dead stems,15,"1.2m height, 50-deg downward",32,2682,2937,8.55,bee_crops/WW-NJ-004_video_08_track_32.jpg,BEE_EVENT_0811,0.911,Re-entry (P=91%)
WW-NJ-001_video_10.mp4,7/18/2026 9:22,"72F, Sunny",1.77,Medium - black-eyed Susan,3m to bare soil,15,"1.0m height, 45-deg downward",83,1,521,17.38,bee_crops/WW-NJ-001_video_10_track_83.jpg,BEE_EVENT_0812,0.474,New Unique Individual
WW-NJ-002_video_05.mp4,8/10/2026 9:24,"72F, Cloudy",3.68,High - mountain mint,10m to woodland edge,15,"1.0m height, 45-deg downward",16,287,420,4.47,bee_crops/WW-NJ-002_video_05_track_16.jpg,BEE_EVENT_0813,0,New Unique Individual
WW-NJ-001_video_08.mp4,7/26/2026 9:12,"84F, Clear",3.12,Medium - aster,1m to bare soil,15,"0.9m height, 40-deg downward",9,706,991,9.53,bee_crops/WW-NJ-001_video_08_track_9.jpg,BEE_EVENT_0814,0,New Unique Individual
WW-NJ-003_video_04.mp4,7/19/2026 15:48,"80F, Cloudy",0.9,Medium - aster,2m to bare soil,15,"0.8m height, 45-deg downward",74,3092,3553,15.39,bee_crops/WW-NJ-003_video_04_track_74.jpg,BEE_EVENT_0815,0,New Unique Individual
WW-NJ-002_video_05.mp4,8/29/2026 13:51,"68F, Partly Cloudy",1.45,High - mountain mint,2m to bare soil,15,"0.9m height, 40-deg downward",1,3926,4264,11.31,bee_crops/WW-NJ-002_video_05_track_1.jpg,BEE_EVENT_0816,0,New Unique Individual
WW-NJ-001_video_10.mp4,9/6/2026 15:40,"76F, Sunny",3.33,High - goldenrod,6m to dead stems,15,"1.2m height, 50-deg downward",59,4003,4044,1.41,bee_crops/WW-NJ-001_video_10_track_59.jpg,BEE_EVENT_0817,0,New Unique Individual
PL-NJ-004_video_03.mp4,8/7/2026 14:51,"78F, Partly Cloudy",2.53,Medium - clover,6m to dead stems,15,"0.9m height, 40-deg downward",48,4514,4894,12.69,bee_crops/PL-NJ-004_video_03_track_48.jpg,BEE_EVENT_0818,0,New Unique Individual
PL-NJ-001_video_05.mp4,7/24/2026 16:48,"70F, Partly Cloudy",2.11,Medium - black-eyed Susan,3m to bare soil,15,"1.2m height, 50-deg downward",83,4443,4783,11.38,bee_crops/PL-NJ-001_video_05_track_83.jpg,BEE_EVENT_0819,0,New Unique Individual
PL-NJ-004_video_03.mp4,7/17/2026 14:37,"84F, Partly Cloudy",1.26,Medium - clover,10m to woodland edge,15,"1.0m height, 45-deg downward",51,5121,5718,19.94,bee_crops/PL-NJ-004_video_03_track_51.jpg,BEE_EVENT_0819,0.702,Re-entry (P=70%)
PL-NJ-004_video_09.mp4,7/17/2026 10:41,"72F, Clear",1.62,Medium - mixed native wildflowers,4m to wood pile,15,"0.8m height, 45-deg downward",42,34,732,23.29,bee_crops/PL-NJ-004_video_09_track_42.jpg,BEE_EVENT_0820,0,New Unique Individual
PL-NJ-001_video_09.mp4,8/9/2026 15:19,"70F, Cloudy",1.92,Medium - black-eyed Susan,2m to bare soil,15,"1.0m height, 45-deg downward",1,4727,5302,19.2,bee_crops/PL-NJ-001_video_09_track_1.jpg,BEE_EVENT_0821,0,New Unique Individual
PL-NJ-004_video_02.mp4,8/15/2026 11:09,"76F, Sunny",1.57,Medium - black-eyed Susan,10m to woodland edge,15,"1.0m height, 45-deg downward",4,2512,2768,8.58,bee_crops/PL-NJ-004_video_02_track_4.jpg,BEE_EVENT_0821,0.725,Re-entry (P=72%)
WW-NJ-002_video_02.mp4,7/31/2026 16:12,"68F, Clear",3.82,Medium - black-eyed Susan,4m to wood pile,15,"1.2m height, 50-deg downward",27,3457,3542,2.88,bee_crops/WW-NJ-002_video_02_track_27.jpg,BEE_EVENT_0822,0,New Unique Individual
PL-NJ-005_video_10.mp4,8/14/2026 9:48,"78F, Sunny",3.93,Medium - aster,3m to bare soil,15,"0.9m height, 40-deg downward",50,4026,5030,33.49,bee_crops/PL-NJ-005_video_10_track_50.jpg,BEE_EVENT_0823,0,New Unique Individual
WW-NJ-002_video_07.mp4,8/28/2026 14:48,"68F, Sunny",3.98,Medium - black-eyed Susan,4m to wood pile,15,"1.2m height, 50-deg downward",70,4017,4234,7.28,bee_crops/WW-NJ-002_video_07_track_70.jpg,BEE_EVENT_0823,0.545,Re-entry (P=54%)
WW-NJ-002_video_08.mp4,8/8/2026 14:20,"78F, Cloudy",3.95,High - goldenrod,2m to bare soil,15,"0.9m height, 40-deg downward",13,4945,5196,8.4,bee_crops/WW-NJ-002_video_08_track_13.jpg,BEE_EVENT_0823,0.579,Re-entry (P=58%)
WW-NJ-001_video_09.mp4,8/12/2026 10:37,"80F, Clear",2.28,Low - mixed lawn flowers,6m to dead stems,15,"0.8m height, 45-deg downward",67,1485,2221,24.58,bee_crops/WW-NJ-001_video_09_track_67.jpg,BEE_EVENT_0824,0,New Unique Individual
PL-NJ-003_video_05.mp4,9/7/2026 11:07,"70F, Sunny",2.72,Medium - black-eyed Susan,2m to bare soil,15,"0.9m height, 40-deg downward",63,2379,2529,5.04,bee_crops/PL-NJ-003_video_05_track_63.jpg,BEE_EVENT_0824,0.519,Re-entry (P=52%)
WW-NJ-003_video_07.mp4,7/17/2026 13:16,"82F, Cloudy",1.89,Low - mixed lawn flowers,10m to woodland edge,15,"0.8m height, 45-deg downward",13,1831,1934,3.46,bee_crops/WW-NJ-003_video_07_track_13.jpg,BEE_EVENT_0824,0.544,Re-entry (P=54%)
PL-NJ-005_video_10.mp4,7/16/2026 16:36,"68F, Sunny",3.34,Medium - black-eyed Susan,4m to wood pile,15,"0.9m height, 40-deg downward",5,3004,3188,6.18,bee_crops/PL-NJ-005_video_10_track_5.jpg,BEE_EVENT_0825,0,New Unique Individual
PL-NJ-004_video_07.mp4,7/19/2026 10:10,"82F, Partly Cloudy",3.61,Medium - clover,2m to bare soil,15,"0.8m height, 45-deg downward",4,2153,2308,5.21,bee_crops/PL-NJ-004_video_07_track_4.jpg,BEE_EVENT_0826,0.48,New Unique Individual
PL-NJ-003_video_09.mp4,8/7/2026 13:35,"80F, Sunny",3.91,High - bee balm,2m to bare soil,15,"1.0m height, 45-deg downward",19,548,645,3.27,bee_crops/PL-NJ-003_video_09_track_19.jpg,BEE_EVENT_0827,0,New Unique Individual
PL-NJ-002_video_01.mp4,8/7/2026 9:37,"84F, Clear",1.16,High - mountain mint,10m to woodland edge,15,"1.0m height, 45-deg downward",41,100,331,7.74,bee_crops/PL-NJ-002_video_01_track_41.jpg,BEE_EVENT_0828,0,New Unique Individual
PL-NJ-003_video_04.mp4,7/27/2026 16:35,"80F, Partly Cloudy",1.49,High - bee balm,8m to brush edge,15,"1.0m height, 45-deg downward",66,3922,4180,8.62,bee_crops/PL-NJ-003_video_04_track_66.jpg,BEE_EVENT_0829,0.466,New Unique Individual
WW-NJ-002_video_10.mp4,7/25/2026 12:45,"74F, Cloudy",3.49,Medium - clover,1m to bare soil,15,"0.9m height, 40-deg downward",6,3388,3482,3.17,bee_crops/WW-NJ-002_video_10_track_6.jpg,BEE_EVENT_0830,0,New Unique Individual
PL-NJ-002_video_01.mp4,7/27/2026 14:30,"72F, Cloudy",2.74,High - milkweed,8m to brush edge,15,"1.0m height, 45-deg downward",31,3685,3884,6.68,bee_crops/PL-NJ-002_video_01_track_31.jpg,BEE_EVENT_0831,0,New Unique Individual
WW-NJ-005_video_08.mp4,9/2/2026 10:32,"84F, Partly Cloudy",0.9,High - coneflower,10m to woodland edge,15,"0.8m height, 45-deg downward",48,4914,5063,5.01,bee_crops/WW-NJ-005_video_08_track_48.jpg,BEE_EVENT_0832,0,New Unique Individual
WW-NJ-005_video_08.mp4,8/25/2026 14:24,"82F, Cloudy",2.74,High - mountain mint,10m to woodland edge,15,"1.0m height, 45-deg downward",61,4386,4457,2.41,bee_crops/WW-NJ-005_video_08_track_61.jpg,BEE_EVENT_0833,0,New Unique Individual
PL-NJ-003_video_06.mp4,8/18/2026 10:21,"76F, Clear",1.66,High - mountain mint,3m to bare soil,15,"1.0m height, 45-deg downward",73,5154,5417,8.8,bee_crops/PL-NJ-003_video_06_track_73.jpg,BEE_EVENT_0834,0.469,New Unique Individual
PL-NJ-001_video_09.mp4,8/27/2026 15:22,"72F, Partly Cloudy",2.71,High - milkweed,8m to brush edge,15,"1.2m height, 50-deg downward",70,2162,2442,9.38,bee_crops/PL-NJ-001_video_09_track_70.jpg,BEE_EVENT_0835,0,New Unique Individual
WW-NJ-004_video_08.mp4,8/21/2026 11:12,"78F, Cloudy",2.84,High - milkweed,3m to bare soil,15,"1.0m height, 45-deg downward",51,2388,2537,5.01,bee_crops/WW-NJ-004_video_08_track_51.jpg,BEE_EVENT_0836,0,New Unique Individual
WW-NJ-005_video_10.mp4,8/13/2026 14:14,"70F, Cloudy",2.74,High - mountain mint,1m to bare soil,15,"0.8m height, 45-deg downward",25,2087,2579,16.43,bee_crops/WW-NJ-005_video_10_track_25.jpg,BEE_EVENT_0837,0,New Unique Individual
WW-NJ-005_video_08.mp4,8/13/2026 13:37,"68F, Cloudy",2.15,High - mountain mint,6m to dead stems,15,"0.8m height, 45-deg downward",61,4649,4896,8.28,bee_crops/WW-NJ-005_video_08_track_61.jpg,BEE_EVENT_0838,0,New Unique Individual
PL-NJ-001_video_02.mp4,7/23/2026 11:12,"68F, Clear",3.23,High - goldenrod,1m to bare soil,15,"1.2m height, 50-deg downward",17,2961,3114,5.15,bee_crops/PL-NJ-001_video_02_track_17.jpg,BEE_EVENT_0839,0,New Unique Individual
PL-NJ-002_video_04.mp4,7/17/2026 9:05,"76F, Cloudy",1.88,Low - mixed lawn flowers,2m to bare soil,15,"1.0m height, 45-deg downward",29,913,1004,3.05,bee_crops/PL-NJ-002_video_04_track_29.jpg,BEE_EVENT_0840,0,New Unique Individual
PL-NJ-005_video_05.mp4,8/19/2026 14:58,"78F, Partly Cloudy",1.29,Medium - mixed native wildflowers,10m to woodland edge,15,"0.9m height, 40-deg downward",27,1937,2227,9.71,bee_crops/PL-NJ-005_video_05_track_27.jpg,BEE_EVENT_0841,0,New Unique Individual
WW-NJ-001_video_03.mp4,7/20/2026 13:56,"80F, Partly Cloudy",1.2,High - milkweed,4m to wood pile,15,"1.0m height, 45-deg downward",23,3984,4324,11.37,bee_crops/WW-NJ-001_video_03_track_23.jpg,BEE_EVENT_0842,0,New Unique Individual
WW-NJ-005_video_02.mp4,7/15/2026 12:47,"80F, Partly Cloudy",2.19,Low - mixed lawn flowers,2m to bare soil,15,"0.8m height, 45-deg downward",11,2528,2706,5.97,bee_crops/WW-NJ-005_video_02_track_11.jpg,BEE_EVENT_0843,0,New Unique Individual
PL-NJ-003_video_08.mp4,7/24/2026 15:59,"84F, Partly Cloudy",3.2,High - goldenrod,8m to brush edge,15,"0.9m height, 40-deg downward",56,5039,5307,8.98,bee_crops/PL-NJ-003_video_08_track_56.jpg,BEE_EVENT_0844,0,New Unique Individual
PL-NJ-004_video_06.mp4,8/4/2026 9:36,"74F, Partly Cloudy",2.77,Medium - aster,8m to brush edge,15,"0.8m height, 45-deg downward",77,4158,4856,23.29,bee_crops/PL-NJ-004_video_06_track_77.jpg,BEE_EVENT_0845,0,New Unique Individual
PL-NJ-002_video_03.mp4,9/3/2026 15:18,"76F, Clear",1.81,Medium - black-eyed Susan,2m to bare soil,15,"0.9m height, 40-deg downward",77,1786,2224,14.63,bee_crops/PL-NJ-002_video_03_track_77.jpg,BEE_EVENT_0846,0,New Unique Individual
WW-NJ-001_video_10.mp4,7/30/2026 10:33,"78F, Sunny",2.04,Medium - clover,4m to wood pile,15,"0.9m height, 40-deg downward",58,180,240,2.02,bee_crops/WW-NJ-001_video_10_track_58.jpg,BEE_EVENT_0847,0,New Unique Individual
WW-NJ-002_video_07.mp4,7/31/2026 14:19,"82F, Partly Cloudy",1.97,High - mountain mint,2m to bare soil,15,"1.0m height, 45-deg downward",5,2205,2358,5.12,bee_crops/WW-NJ-002_video_07_track_5.jpg,BEE_EVENT_0848,0,New Unique Individual
PL-NJ-001_video_01.mp4,9/1/2026 12:10,"68F, Sunny",1.1,Medium - mixed native wildflowers,6m to dead stems,15,"1.2m height, 50-deg downward",58,1301,1525,7.5,bee_crops/PL-NJ-001_video_01_track_58.jpg,BEE_EVENT_0848,0.713,Re-entry (P=71%)
WW-NJ-003_video_04.mp4,8/10/2026 13:15,"68F, Clear",1.01,High - coneflower,6m to dead stems,15,"0.9m height, 40-deg downward",55,4265,4521,8.58,bee_crops/WW-NJ-003_video_04_track_55.jpg,BEE_EVENT_0849,0,New Unique Individual
WW-NJ-004_video_01.mp4,9/4/2026 12:43,"76F, Sunny",1.02,High - coneflower,10m to woodland edge,15,"0.9m height, 40-deg downward",71,632,904,9.11,bee_crops/WW-NJ-004_video_01_track_71.jpg,BEE_EVENT_0850,0,New Unique Individual
WW-NJ-003_video_03.mp4,8/18/2026 11:20,"76F, Sunny",1.84,High - bee balm,4m to wood pile,15,"1.0m height, 45-deg downward",22,72,397,10.88,bee_crops/WW-NJ-003_video_03_track_22.jpg,BEE_EVENT_0850,0.825,Re-entry (P=82%)
PL-NJ-005_video_06.mp4,8/20/2026 13:34,"74F, Sunny",2.26,High - coneflower,1m to bare soil,15,"0.9m height, 40-deg downward",18,2014,2243,7.66,bee_crops/PL-NJ-005_video_06_track_18.jpg,BEE_EVENT_0851,0.481,New Unique Individual
PL-NJ-002_video_09.mp4,8/18/2026 15:38,"78F, Clear",3.88,Medium - mixed native wildflowers,6m to dead stems,15,"0.9m height, 40-deg downward",22,3823,4070,8.27,bee_crops/PL-NJ-002_video_09_track_22.jpg,BEE_EVENT_0852,0,New Unique Individual
PL-NJ-003_video_03.mp4,9/4/2026 9:18,"76F, Cloudy",2.72,Medium - clover,4m to wood pile,15,"0.9m height, 40-deg downward",39,602,1056,15.17,bee_crops/PL-NJ-003_video_03_track_39.jpg,BEE_EVENT_0853,0,New Unique Individual
PL-NJ-001_video_08.mp4,7/27/2026 9:18,"82F, Clear",3.28,High - bee balm,4m to wood pile,15,"1.0m height, 45-deg downward",19,3568,3862,9.84,bee_crops/PL-NJ-001_video_08_track_19.jpg,BEE_EVENT_0853,0.673,Re-entry (P=67%)
PL-NJ-003_video_07.mp4,8/13/2026 16:28,"68F, Partly Cloudy",2.28,Medium - black-eyed Susan,8m to brush edge,15,"0.8m height, 45-deg downward",38,1677,1792,3.88,bee_crops/PL-NJ-003_video_07_track_38.jpg,BEE_EVENT_0854,0,New Unique Individual
PL-NJ-001_video_08.mp4,8/8/2026 15:09,"84F, Sunny",1.74,Medium - mixed native wildflowers,10m to woodland edge,15,"0.9m height, 40-deg downward",9,4901,5163,8.76,bee_crops/PL-NJ-001_video_08_track_9.jpg,BEE_EVENT_0855,0,New Unique Individual
WW-NJ-004_video_05.mp4,8/16/2026 11:05,"76F, Sunny",1.27,Medium - mixed native wildflowers,6m to dead stems,15,"1.0m height, 45-deg downward",81,830,1054,7.51,bee_crops/WW-NJ-004_video_05_track_81.jpg,BEE_EVENT_0856,0,New Unique Individual
WW-NJ-001_video_08.mp4,8/9/2026 14:56,"78F, Clear",2.27,Low - mixed lawn flowers,1m to bare soil,15,"0.8m height, 45-deg downward",57,5022,5093,2.4,bee_crops/WW-NJ-001_video_08_track_57.jpg,BEE_EVENT_0857,0,New Unique Individual
PL-NJ-002_video_09.mp4,7/17/2026 10:14,"76F, Partly Cloudy",1.86,Medium - aster,10m to woodland edge,15,"1.0m height, 45-deg downward",12,3096,3367,9.06,bee_crops/PL-NJ-002_video_09_track_12.jpg,BEE_EVENT_0858,0,New Unique Individual
WW-NJ-005_video_07.mp4,7/29/2026 9:07,"74F, Partly Cloudy",0.84,High - bee balm,4m to wood pile,15,"1.0m height, 45-deg downward",55,2482,2607,4.19,bee_crops/WW-NJ-005_video_07_track_55.jpg,BEE_EVENT_0859,0,New Unique Individual
WW-NJ-005_video_04.mp4,7/15/2026 10:15,"70F, Cloudy",1.65,Medium - aster,2m to bare soil,15,"0.9m height, 40-deg downward",15,307,766,15.34,bee_crops/WW-NJ-005_video_04_track_15.jpg,BEE_EVENT_0860,0.457,New Unique Individual
PL-NJ-005_video_06.mp4,9/7/2026 16:21,"78F, Clear",2.59,Medium - clover,10m to woodland edge,15,"1.0m height, 45-deg downward",29,4728,5050,10.78,bee_crops/PL-NJ-005_video_06_track_29.jpg,BEE_EVENT_0861,0,New Unique Individual
PL-NJ-002_video_08.mp4,8/1/2026 14:37,"68F, Clear",2.4,Medium - black-eyed Susan,1m to bare soil,15,"1.0m height, 45-deg downward",72,2463,2575,3.76,bee_crops/PL-NJ-002_video_08_track_72.jpg,BEE_EVENT_0862,0.374,New Unique Individual
WW-NJ-004_video_08.mp4,7/24/2026 10:49,"80F, Clear",2.42,Medium - black-eyed Susan,3m to bare soil,15,"0.8m height, 45-deg downward",32,4442,4886,14.84,bee_crops/WW-NJ-004_video_08_track_32.jpg,BEE_EVENT_0863,0.444,New Unique Individual
WW-NJ-002_video_06.mp4,7/18/2026 15:30,"68F, Clear",1.29,Medium - aster,1m to bare soil,15,"1.2m height, 50-deg downward",31,3541,4146,20.19,bee_crops/WW-NJ-002_video_06_track_31.jpg,BEE_EVENT_0864,0,New Unique Individual
PL-NJ-003_video_07.mp4,8/21/2026 12:30,"74F, Clear",3.52,High - mountain mint,2m to bare soil,15,"1.2m height, 50-deg downward",76,3524,3731,6.94,bee_crops/PL-NJ-003_video_07_track_76.jpg,BEE_EVENT_0865,0,New Unique Individual
WW-NJ-002_video_02.mp4,7/20/2026 10:55,"82F, Partly Cloudy",1.28,Medium - black-eyed Susan,1m to bare soil,15,"0.8m height, 45-deg downward",61,70,293,7.48,bee_crops/WW-NJ-002_video_02_track_61.jpg,BEE_EVENT_0865,0.542,Re-entry (P=54%)
PL-NJ-001_video_06.mp4,8/26/2026 10:07,"70F, Sunny",3.66,Medium - clover,1m to bare soil,15,"0.8m height, 45-deg downward",25,1354,1768,13.83,bee_crops/PL-NJ-001_video_06_track_25.jpg,BEE_EVENT_0866,0,New Unique Individual
PL-NJ-002_video_08.mp4,7/21/2026 13:42,"70F, Partly Cloudy",2.77,Medium - mixed native wildflowers,1m to bare soil,15,"0.9m height, 40-deg downward",78,2388,2959,19.06,bee_crops/PL-NJ-002_video_08_track_78.jpg,BEE_EVENT_0867,0,New Unique Individual
WW-NJ-003_video_09.mp4,7/21/2026 16:43,"80F, Partly Cloudy",3,High - goldenrod,8m to brush edge,15,"0.9m height, 40-deg downward",58,1834,1916,2.77,bee_crops/WW-NJ-003_video_09_track_58.jpg,BEE_EVENT_0868,0,New Unique Individual
PL-NJ-004_video_05.mp4,8/2/2026 15:31,"78F, Partly Cloudy",3.34,High - mountain mint,4m to wood pile,15,"1.0m height, 45-deg downward",20,1927,2047,4.02,bee_crops/PL-NJ-004_video_05_track_20.jpg,BEE_EVENT_0868,0.602,Re-entry (P=60%)
WW-NJ-003_video_02.mp4,8/12/2026 11:14,"78F, Cloudy",1.7,Medium - clover,4m to wood pile,15,"0.9m height, 40-deg downward",16,602,789,6.25,bee_crops/WW-NJ-003_video_02_track_16.jpg,BEE_EVENT_0869,0,New Unique Individual
PL-NJ-004_video_10.mp4,8/3/2026 12:35,"80F, Clear",0.91,High - bee balm,1m to bare soil,15,"0.8m height, 45-deg downward",5,5376,5575,6.68,bee_crops/PL-NJ-004_video_10_track_5.jpg,BEE_EVENT_0870,0,New Unique Individual
WW-NJ-005_video_07.mp4,7/26/2026 16:34,"82F, Clear",3.89,Medium - clover,8m to brush edge,15,"0.9m height, 40-deg downward",85,5394,5800,13.56,bee_crops/WW-NJ-005_video_07_track_85.jpg,BEE_EVENT_0871,0,New Unique Individual
PL-NJ-005_video_03.mp4,7/15/2026 11:21,"72F, Partly Cloudy",1.1,Medium - clover,2m to bare soil,15,"0.9m height, 40-deg downward",36,3407,3980,19.14,bee_crops/PL-NJ-005_video_03_track_36.jpg,BEE_EVENT_0872,0,New Unique Individual
WW-NJ-003_video_07.mp4,7/17/2026 9:45,"78F, Sunny",3.08,Low - mixed lawn flowers,1m to bare soil,15,"0.9m height, 40-deg downward",65,2956,3562,20.23,bee_crops/WW-NJ-003_video_07_track_65.jpg,BEE_EVENT_0872,0.627,Re-entry (P=63%)
PL-NJ-004_video_05.mp4,8/17/2026 15:38,"74F, Sunny",2.76,Low - mixed lawn flowers,4m to wood pile,15,"1.2m height, 50-deg downward",69,4838,4919,2.73,bee_crops/PL-NJ-004_video_05_track_69.jpg,BEE_EVENT_0873,0,New Unique Individual
PL-NJ-003_video_01.mp4,8/2/2026 14:06,"82F, Cloudy",2.69,High - coneflower,6m to dead stems,15,"1.0m height, 45-deg downward",41,3337,3481,4.84,bee_crops/PL-NJ-003_video_01_track_41.jpg,BEE_EVENT_0874,0,New Unique Individual
WW-NJ-004_video_08.mp4,7/31/2026 13:46,"76F, Clear",3.41,Low - mixed lawn flowers,1m to bare soil,15,"1.0m height, 45-deg downward",6,318,427,3.66,bee_crops/WW-NJ-004_video_08_track_6.jpg,BEE_EVENT_0874,0.506,Re-entry (P=51%)
WW-NJ-001_video_07.mp4,7/18/2026 10:56,"80F, Clear",2.51,Medium - mixed native wildflowers,10m to woodland edge,15,"0.8m height, 45-deg downward",64,2242,2408,5.56,bee_crops/WW-NJ-001_video_07_track_64.jpg,BEE_EVENT_0875,0,New Unique Individual
WW-NJ-004_video_09.mp4,8/26/2026 13:54,"84F, Partly Cloudy",3.54,Medium - black-eyed Susan,6m to dead stems,15,"1.0m height, 45-deg downward",2,950,1094,4.82,bee_crops/WW-NJ-004_video_09_track_2.jpg,BEE_EVENT_0876,0,New Unique Individual
WW-NJ-002_video_06.mp4,8/25/2026 12:35,"72F, Clear",1.12,High - mountain mint,4m to wood pile,15,"1.0m height, 45-deg downward",55,170,492,10.76,bee_crops/WW-NJ-002_video_06_track_55.jpg,BEE_EVENT_0876,0.835,Re-entry (P=84%)
WW-NJ-005_video_05.mp4,8/18/2026 10:09,"74F, Clear",3.59,High - goldenrod,2m to bare soil,15,"0.8m height, 45-deg downward",58,1275,1624,11.65,bee_crops/WW-NJ-005_video_05_track_58.jpg,BEE_EVENT_0877,0,New Unique Individual
PL-NJ-004_video_09.mp4,8/13/2026 10:35,"78F, Clear",1.69,High - coneflower,2m to bare soil,15,"0.9m height, 40-deg downward",25,5033,5278,8.2,bee_crops/PL-NJ-004_video_09_track_25.jpg,BEE_EVENT_0878,0,New Unique Individual
WW-NJ-005_video_01.mp4,8/23/2026 10:09,"84F, Cloudy",1.27,High - bee balm,10m to woodland edge,15,"1.2m height, 50-deg downward",4,1330,1560,7.71,bee_crops/WW-NJ-005_video_01_track_4.jpg,BEE_EVENT_0879,0,New Unique Individual
PL-NJ-002_video_07.mp4,7/21/2026 15:18,"70F, Cloudy",1.41,Medium - aster,6m to dead stems,15,"0.9m height, 40-deg downward",50,1373,1565,6.42,bee_crops/PL-NJ-002_video_07_track_50.jpg,BEE_EVENT_0880,0,New Unique Individual
PL-NJ-001_video_04.mp4,7/17/2026 9:33,"68F, Clear",0.81,Medium - clover,4m to wood pile,15,"0.8m height, 45-deg downward",41,1541,1747,6.9,bee_crops/PL-NJ-001_video_04_track_41.jpg,BEE_EVENT_0881,0,New Unique Individual
WW-NJ-002_video_03.mp4,9/6/2026 10:43,"72F, Cloudy",2.6,High - coneflower,6m to dead stems,15,"1.2m height, 50-deg downward",16,4265,4956,23.08,bee_crops/WW-NJ-002_video_03_track_16.jpg,BEE_EVENT_0882,0,New Unique Individual
WW-NJ-001_video_06.mp4,7/30/2026 13:39,"68F, Partly Cloudy",1.74,High - coneflower,8m to brush edge,15,"1.2m height, 50-deg downward",49,3487,3872,12.85,bee_crops/WW-NJ-001_video_06_track_49.jpg,BEE_EVENT_0883,0,New Unique Individual
WW-NJ-005_video_06.mp4,9/7/2026 15:09,"76F, Cloudy",1.96,Medium - aster,1m to bare soil,15,"0.8m height, 45-deg downward",37,4350,4546,6.57,bee_crops/WW-NJ-005_video_06_track_37.jpg,BEE_EVENT_0884,0,New Unique Individual
WW-NJ-002_video_03.mp4,8/17/2026 10:28,"78F, Sunny",1.1,High - mountain mint,2m to bare soil,15,"1.0m height, 45-deg downward",75,929,1157,7.62,bee_crops/WW-NJ-002_video_03_track_75.jpg,BEE_EVENT_0885,0,New Unique Individual
WW-NJ-004_video_01.mp4,8/1/2026 13:58,"84F, Clear",3.22,High - coneflower,1m to bare soil,15,"0.9m height, 40-deg downward",6,4508,4835,10.92,bee_crops/WW-NJ-004_video_01_track_6.jpg,BEE_EVENT_0886,0,New Unique Individual
PL-NJ-002_video_02.mp4,8/26/2026 14:22,"68F, Cloudy",1.24,High - coneflower,1m to bare soil,15,"0.9m height, 40-deg downward",47,427,539,3.76,bee_crops/PL-NJ-002_video_02_track_47.jpg,BEE_EVENT_0887,0,New Unique Individual
WW-NJ-002_video_05.mp4,7/25/2026 12:10,"70F, Cloudy",1.34,Low - mixed lawn flowers,2m to bare soil,15,"1.0m height, 45-deg downward",22,2737,3005,8.96,bee_crops/WW-NJ-002_video_05_track_22.jpg,BEE_EVENT_0888,0,New Unique Individual
PL-NJ-004_video_04.mp4,8/10/2026 9:48,"74F, Partly Cloudy",3.6,Low - mixed lawn flowers,1m to bare soil,15,"0.9m height, 40-deg downward",28,4285,4655,12.36,bee_crops/PL-NJ-004_video_04_track_28.jpg,BEE_EVENT_0889,0,New Unique Individual
PL-NJ-002_video_04.mp4,9/5/2026 13:27,"80F, Clear",2.09,Low - mixed lawn flowers,2m to bare soil,15,"0.8m height, 45-deg downward",54,1116,1454,11.31,bee_crops/PL-NJ-002_video_04_track_54.jpg,BEE_EVENT_0889,0.657,Re-entry (P=66%)
WW-NJ-002_video_07.mp4,8/21/2026 12:52,"72F, Partly Cloudy",3.01,Low - mixed lawn flowers,2m to bare soil,15,"0.8m height, 45-deg downward",30,2073,2219,4.89,bee_crops/WW-NJ-002_video_07_track_30.jpg,BEE_EVENT_0890,0,New Unique Individual
WW-NJ-001_video_02.mp4,8/27/2026 15:13,"68F, Sunny",1.68,High - coneflower,10m to woodland edge,15,"0.8m height, 45-deg downward",53,1787,1950,5.45,bee_crops/WW-NJ-001_video_02_track_53.jpg,BEE_EVENT_0890,0.793,Re-entry (P=79%)
WW-NJ-002_video_06.mp4,8/4/2026 15:29,"74F, Partly Cloudy",2.98,Medium - aster,4m to wood pile,15,"1.2m height, 50-deg downward",25,4251,4318,2.26,bee_crops/WW-NJ-002_video_06_track_25.jpg,BEE_EVENT_0891,0,New Unique Individual
WW-NJ-004_video_08.mp4,8/15/2026 13:32,"82F, Sunny",1.61,Medium - black-eyed Susan,10m to woodland edge,15,"0.8m height, 45-deg downward",59,401,798,13.28,bee_crops/WW-NJ-004_video_08_track_59.jpg,BEE_EVENT_0892,0,New Unique Individual
WW-NJ-004_video_07.mp4,7/22/2026 13:14,"68F, Sunny",1.69,Medium - black-eyed Susan,6m to dead stems,15,"0.9m height, 40-deg downward",45,2322,3264,31.44,bee_crops/WW-NJ-004_video_07_track_45.jpg,BEE_EVENT_0893,0,New Unique Individual
WW-NJ-004_video_08.mp4,7/27/2026 13:58,"72F, Partly Cloudy",3.88,High - mountain mint,4m to wood pile,15,"1.0m height, 45-deg downward",3,3907,4041,4.49,bee_crops/WW-NJ-004_video_08_track_3.jpg,BEE_EVENT_0894,0,New Unique Individual
PL-NJ-003_video_07.mp4,7/29/2026 11:12,"76F, Clear",3.11,Medium - mixed native wildflowers,10m to woodland edge,15,"1.2m height, 50-deg downward",52,2193,2693,16.7,bee_crops/PL-NJ-003_video_07_track_52.jpg,BEE_EVENT_0895,0.43,New Unique Individual
WW-NJ-004_video_05.mp4,7/31/2026 12:53,"84F, Cloudy",3.54,Low - mixed lawn flowers,6m to dead stems,15,"0.8m height, 45-deg downward",20,4555,5429,29.16,bee_crops/WW-NJ-004_video_05_track_20.jpg,BEE_EVENT_0896,0,New Unique Individual
PL-NJ-001_video_09.mp4,8/10/2026 14:05,"76F, Clear",1.42,High - coneflower,8m to brush edge,15,"1.2m height, 50-deg downward",76,3941,4121,6.03,bee_crops/PL-NJ-001_video_09_track_76.jpg,BEE_EVENT_0897,0.489,New Unique Individual
PL-NJ-005_video_10.mp4,8/20/2026 14:11,"74F, Sunny",2.31,High - milkweed,10m to woodland edge,15,"1.2m height, 50-deg downward",46,3113,3341,7.62,bee_crops/PL-NJ-005_video_10_track_46.jpg,BEE_EVENT_0898,0,New Unique Individual
WW-NJ-004_video_09.mp4,8/5/2026 16:19,"70F, Partly Cloudy",3.86,High - goldenrod,2m to bare soil,15,"0.9m height, 40-deg downward",6,3530,3818,9.63,bee_crops/WW-NJ-004_video_09_track_6.jpg,BEE_EVENT_0899,0.449,New Unique Individual
WW-NJ-002_video_02.mp4,8/27/2026 16:50,"74F, Sunny",1.51,High - milkweed,1m to bare soil,15,"1.2m height, 50-deg downward",2,1112,1443,11.07,bee_crops/WW-NJ-002_video_02_track_2.jpg,BEE_EVENT_0900,0,New Unique Individual
PL-NJ-002_video_02.mp4,8/1/2026 16:18,"70F, Clear",1.89,High - milkweed,10m to woodland edge,15,"1.0m height, 45-deg downward",6,766,1064,9.98,bee_crops/PL-NJ-002_video_02_track_6.jpg,BEE_EVENT_0901,0,New Unique Individual
WW-NJ-005_video_09.mp4,7/25/2026 9:58,"80F, Sunny",3.41,High - milkweed,1m to bare soil,15,"1.0m height, 45-deg downward",74,4011,4200,6.33,bee_crops/WW-NJ-005_video_09_track_74.jpg,BEE_EVENT_0902,0,New Unique Individual
PL-NJ-002_video_06.mp4,8/6/2026 16:40,"68F, Partly Cloudy",0.89,High - coneflower,2m to bare soil,15,"1.0m height, 45-deg downward",30,1346,1712,12.23,bee_crops/PL-NJ-002_video_06_track_30.jpg,BEE_EVENT_0903,0,New Unique Individual
WW-NJ-003_video_04.mp4,9/5/2026 12:17,"82F, Partly Cloudy",1.74,High - goldenrod,1m to bare soil,15,"0.8m height, 45-deg downward",27,1087,1279,6.42,bee_crops/WW-NJ-003_video_04_track_27.jpg,BEE_EVENT_0904,0,New Unique Individual
WW-NJ-005_video_07.mp4,7/24/2026 10:58,"72F, Sunny",2.32,High - goldenrod,6m to dead stems,15,"1.0m height, 45-deg downward",54,1304,1616,10.43,bee_crops/WW-NJ-005_video_07_track_54.jpg,BEE_EVENT_0904,0.532,Re-entry (P=53%)
WW-NJ-003_video_07.mp4,7/21/2026 15:19,"84F, Cloudy",1.65,Medium - mixed native wildflowers,2m to bare soil,15,"1.0m height, 45-deg downward",58,1362,1601,8.01,bee_crops/WW-NJ-003_video_07_track_58.jpg,BEE_EVENT_0905,0,New Unique Individual
PL-NJ-005_video_08.mp4,8/1/2026 14:21,"74F, Clear",1.49,High - goldenrod,4m to wood pile,15,"0.9m height, 40-deg downward",12,4967,5043,2.58,bee_crops/PL-NJ-005_video_08_track_12.jpg,BEE_EVENT_0906,0,New Unique Individual
WW-NJ-002_video_03.mp4,7/18/2026 12:52,"84F, Cloudy",3.84,High - coneflower,8m to brush edge,15,"1.0m height, 45-deg downward",7,4371,4926,18.55,bee_crops/WW-NJ-002_video_03_track_7.jpg,BEE_EVENT_0907,0,New Unique Individual
PL-NJ-004_video_04.mp4,9/4/2026 11:20,"84F, Partly Cloudy",2.43,Low - mixed lawn flowers,6m to dead stems,15,"0.8m height, 45-deg downward",44,416,581,5.54,bee_crops/PL-NJ-004_video_04_track_44.jpg,BEE_EVENT_0908,0,New Unique Individual
WW-NJ-002_video_05.mp4,7/31/2026 14:40,"80F, Partly Cloudy",3.45,High - goldenrod,2m to bare soil,15,"1.0m height, 45-deg downward",82,1116,1713,19.95,bee_crops/WW-NJ-002_video_05_track_82.jpg,BEE_EVENT_0908,0.708,Re-entry (P=71%)
PL-NJ-002_video_09.mp4,7/20/2026 14:34,"68F, Sunny",2.98,Medium - clover,10m to woodland edge,15,"0.8m height, 45-deg downward",4,1349,1835,16.22,bee_crops/PL-NJ-002_video_09_track_4.jpg,BEE_EVENT_0909,0,New Unique Individual
WW-NJ-001_video_02.mp4,8/4/2026 11:53,"74F, Sunny",2.67,High - coneflower,4m to wood pile,15,"1.2m height, 50-deg downward",8,5219,5501,9.44,bee_crops/WW-NJ-001_video_02_track_8.jpg,BEE_EVENT_0910,0,New Unique Individual
PL-NJ-005_video_01.mp4,8/30/2026 11:27,"84F, Clear",2.01,High - coneflower,3m to bare soil,15,"1.0m height, 45-deg downward",11,2563,2906,11.46,bee_crops/PL-NJ-005_video_01_track_11.jpg,BEE_EVENT_0911,0,New Unique Individual
WW-NJ-003_video_10.mp4,8/26/2026 16:23,"72F, Clear",2.47,High - coneflower,6m to dead stems,15,"0.8m height, 45-deg downward",41,4024,4396,12.42,bee_crops/WW-NJ-003_video_10_track_41.jpg,BEE_EVENT_0912,0,New Unique Individual
WW-NJ-001_video_09.mp4,8/11/2026 16:06,"76F, Cloudy",2.72,High - goldenrod,3m to bare soil,15,"1.2m height, 50-deg downward",12,362,576,7.18,bee_crops/WW-NJ-001_video_09_track_12.jpg,BEE_EVENT_0913,0,New Unique Individual
PL-NJ-004_video_05.mp4,8/17/2026 11:30,"80F, Clear",2.6,High - milkweed,6m to dead stems,15,"1.0m height, 45-deg downward",42,3095,3316,7.4,bee_crops/PL-NJ-004_video_05_track_42.jpg,BEE_EVENT_0914,0,New Unique Individual
WW-NJ-001_video_06.mp4,8/3/2026 11:55,"84F, Cloudy",2,High - goldenrod,1m to bare soil,15,"0.9m height, 40-deg downward",27,4726,5085,12.01,bee_crops/WW-NJ-001_video_06_track_27.jpg,BEE_EVENT_0915,0.482,New Unique Individual
PL-NJ-003_video_10.mp4,8/6/2026 9:54,"72F, Sunny",3.29,Medium - mixed native wildflowers,1m to bare soil,15,"1.2m height, 50-deg downward",7,5116,5151,1.21,bee_crops/PL-NJ-003_video_10_track_7.jpg,BEE_EVENT_0916,0,New Unique Individual
PL-NJ-002_video_05.mp4,9/6/2026 10:40,"76F, Cloudy",3.16,High - mountain mint,4m to wood pile,15,"1.0m height, 45-deg downward",67,4336,4577,8.07,bee_crops/PL-NJ-002_video_05_track_67.jpg,BEE_EVENT_0916,0.555,Re-entry (P=56%)
WW-NJ-002_video_07.mp4,8/1/2026 12:14,"76F, Clear",1.25,Medium - black-eyed Susan,4m to wood pile,15,"1.2m height, 50-deg downward",21,537,726,6.34,bee_crops/WW-NJ-002_video_07_track_21.jpg,BEE_EVENT_0917,0.374,New Unique Individual
WW-NJ-003_video_06.mp4,8/30/2026 15:18,"70F, Sunny",1.79,High - mountain mint,10m to woodland edge,15,"0.9m height, 40-deg downward",38,853,1000,4.94,bee_crops/WW-NJ-003_video_06_track_38.jpg,BEE_EVENT_0918,0,New Unique Individual
PL-NJ-002_video_03.mp4,8/6/2026 14:53,"72F, Partly Cloudy",3.57,High - goldenrod,8m to brush edge,15,"1.2m height, 50-deg downward",44,2381,2699,10.64,bee_crops/PL-NJ-002_video_03_track_44.jpg,BEE_EVENT_0919,0,New Unique Individual
WW-NJ-003_video_05.mp4,7/27/2026 9:47,"80F, Clear",2.3,High - mountain mint,6m to dead stems,15,"0.8m height, 45-deg downward",29,694,856,5.43,bee_crops/WW-NJ-003_video_05_track_29.jpg,BEE_EVENT_0920,0,New Unique Individual
PL-NJ-001_video_04.mp4,8/19/2026 11:58,"82F, Clear",1.86,High - bee balm,1m to bare soil,15,"1.2m height, 50-deg downward",82,2257,2685,14.3,bee_crops/PL-NJ-001_video_04_track_82.jpg,BEE_EVENT_0921,0.495,New Unique Individual
WW-NJ-004_video_04.mp4,9/1/2026 14:17,"70F, Partly Cloudy",1.62,Medium - clover,10m to woodland edge,15,"1.0m height, 45-deg downward",14,4311,4765,15.17,bee_crops/WW-NJ-004_video_04_track_14.jpg,BEE_EVENT_0922,0.487,New Unique Individual
PL-NJ-003_video_02.mp4,8/18/2026 9:43,"74F, Partly Cloudy",1.57,High - coneflower,2m to bare soil,15,"0.9m height, 40-deg downward",83,1628,1969,11.4,bee_crops/PL-NJ-003_video_02_track_83.jpg,BEE_EVENT_0923,0,New Unique Individual
WW-NJ-004_video_01.mp4,8/10/2026 9:51,"84F, Clear",3.86,Low - mixed lawn flowers,4m to wood pile,15,"0.8m height, 45-deg downward",60,630,1021,13.08,bee_crops/WW-NJ-004_video_01_track_60.jpg,BEE_EVENT_0924,0,New Unique Individual
PL-NJ-002_video_09.mp4,8/30/2026 9:05,"68F, Clear",1.47,High - goldenrod,10m to woodland edge,15,"0.9m height, 40-deg downward",15,1515,1857,11.42,bee_crops/PL-NJ-002_video_09_track_15.jpg,BEE_EVENT_0925,0,New Unique Individual
PL-NJ-005_video_09.mp4,7/15/2026 12:49,"76F, Sunny",1.87,Medium - aster,8m to brush edge,15,"0.9m height, 40-deg downward",1,3091,3502,13.74,bee_crops/PL-NJ-005_video_09_track_1.jpg,BEE_EVENT_0926,0,New Unique Individual
WW-NJ-004_video_07.mp4,8/7/2026 14:13,"70F, Clear",1.04,Low - mixed lawn flowers,1m to bare soil,15,"1.2m height, 50-deg downward",29,475,874,13.33,bee_crops/WW-NJ-004_video_07_track_29.jpg,BEE_EVENT_0926,0.58,Re-entry (P=58%)
WW-NJ-001_video_10.mp4,7/23/2026 15:17,"74F, Sunny",3.41,High - bee balm,2m to bare soil,15,"0.9m height, 40-deg downward",36,1398,1705,10.26,bee_crops/WW-NJ-001_video_10_track_36.jpg,BEE_EVENT_0927,0,New Unique Individual
PL-NJ-002_video_02.mp4,7/20/2026 13:07,"80F, Clear",1.22,Medium - mixed native wildflowers,8m to brush edge,15,"0.8m height, 45-deg downward",44,2409,2899,16.37,bee_crops/PL-NJ-002_video_02_track_44.jpg,BEE_EVENT_0928,0.426,New Unique Individual
WW-NJ-001_video_09.mp4,8/28/2026 10:12,"68F, Sunny",2.16,High - goldenrod,6m to dead stems,15,"1.0m height, 45-deg downward",47,1056,1275,7.34,bee_crops/WW-NJ-001_video_09_track_47.jpg,BEE_EVENT_0929,0,New Unique Individual
PL-NJ-005_video_02.mp4,9/5/2026 9:29,"78F, Sunny",2.99,High - coneflower,2m to bare soil,15,"1.0m height, 45-deg downward",33,1262,1412,5.03,bee_crops/PL-NJ-005_video_02_track_33.jpg,BEE_EVENT_0930,0,New Unique Individual
PL-NJ-001_video_01.mp4,9/5/2026 15:37,"70F, Cloudy",1.39,Low - mixed lawn flowers,4m to wood pile,15,"1.0m height, 45-deg downward",80,4508,4653,4.88,bee_crops/PL-NJ-001_video_01_track_80.jpg,BEE_EVENT_0930,0.606,Re-entry (P=61%)
WW-NJ-001_video_02.mp4,7/30/2026 13:40,"74F, Clear",3.34,Medium - aster,2m to bare soil,15,"0.9m height, 40-deg downward",71,41,240,6.68,bee_crops/WW-NJ-001_video_02_track_71.jpg,BEE_EVENT_0931,0,New Unique Individual
PL-NJ-004_video_03.mp4,8/10/2026 9:18,"70F, Sunny",2.86,Low - mixed lawn flowers,8m to brush edge,15,"1.2m height, 50-deg downward",58,1915,1985,2.38,bee_crops/PL-NJ-004_video_03_track_58.jpg,BEE_EVENT_0932,0,New Unique Individual
WW-NJ-001_video_10.mp4,9/5/2026 9:37,"70F, Clear",3.98,Low - mixed lawn flowers,6m to dead stems,15,"1.0m height, 45-deg downward",3,3017,3297,9.38,bee_crops/WW-NJ-001_video_10_track_3.jpg,BEE_EVENT_0933,0,New Unique Individual
PL-NJ-003_video_05.mp4,8/21/2026 11:30,"80F, Clear",3.06,Low - mixed lawn flowers,10m to woodland edge,15,"0.9m height, 40-deg downward",12,4898,5273,12.53,bee_crops/PL-NJ-003_video_05_track_12.jpg,BEE_EVENT_0934,0,New Unique Individual
WW-NJ-005_video_03.mp4,8/18/2026 14:42,"74F, Clear",2.84,Low - mixed lawn flowers,6m to dead stems,15,"0.8m height, 45-deg downward",38,3147,3597,15.02,bee_crops/WW-NJ-005_video_03_track_38.jpg,BEE_EVENT_0934,0.602,Re-entry (P=60%)
PL-NJ-005_video_04.mp4,7/26/2026 12:11,"76F, Cloudy",3.49,High - milkweed,4m to wood pile,15,"0.8m height, 45-deg downward",53,1516,1601,2.87,bee_crops/PL-NJ-005_video_04_track_53.jpg,BEE_EVENT_0935,0,New Unique Individual
WW-NJ-001_video_09.mp4,8/14/2026 11:30,"68F, Partly Cloudy",1.18,Medium - black-eyed Susan,8m to brush edge,15,"1.0m height, 45-deg downward",40,5245,5393,4.97,bee_crops/WW-NJ-001_video_09_track_40.jpg,BEE_EVENT_0936,0,New Unique Individual
WW-NJ-004_video_09.mp4,8/22/2026 12:25,"84F, Sunny",3.71,High - milkweed,10m to woodland edge,15,"1.2m height, 50-deg downward",1,4935,5354,14,bee_crops/WW-NJ-004_video_09_track_1.jpg,BEE_EVENT_0937,0,New Unique Individual
PL-NJ-002_video_02.mp4,7/24/2026 15:26,"80F, Partly Cloudy",2.56,High - bee balm,4m to wood pile,15,"1.2m height, 50-deg downward",12,246,461,7.2,bee_crops/PL-NJ-002_video_02_track_12.jpg,BEE_EVENT_0938,0,New Unique Individual
PL-NJ-002_video_10.mp4,8/8/2026 14:31,"68F, Cloudy",1.03,High - milkweed,1m to bare soil,15,"1.0m height, 45-deg downward",25,5164,5533,12.34,bee_crops/PL-NJ-002_video_10_track_25.jpg,BEE_EVENT_0939,0,New Unique Individual
PL-NJ-001_video_10.mp4,8/5/2026 10:21,"84F, Partly Cloudy",3.29,Medium - black-eyed Susan,6m to dead stems,15,"1.2m height, 50-deg downward",66,1574,1683,3.65,bee_crops/PL-NJ-001_video_10_track_66.jpg,BEE_EVENT_0940,0,New Unique Individual
WW-NJ-001_video_01.mp4,9/6/2026 11:35,"80F, Cloudy",0.8,Medium - mixed native wildflowers,1m to bare soil,15,"0.8m height, 45-deg downward",15,1833,2425,19.78,bee_crops/WW-NJ-001_video_01_track_15.jpg,BEE_EVENT_0941,0,New Unique Individual
PL-NJ-002_video_09.mp4,7/27/2026 10:10,"68F, Sunny",3.41,Medium - clover,4m to wood pile,15,"0.8m height, 45-deg downward",79,1584,1688,3.49,bee_crops/PL-NJ-002_video_09_track_79.jpg,BEE_EVENT_0942,0,New Unique Individual
WW-NJ-002_video_05.mp4,8/24/2026 10:59,"72F, Cloudy",0.97,Medium - black-eyed Susan,8m to brush edge,15,"0.9m height, 40-deg downward",81,2633,2666,1.15,bee_crops/WW-NJ-002_video_05_track_81.jpg,BEE_EVENT_0942,0.542,Re-entry (P=54%)
WW-NJ-005_video_05.mp4,7/16/2026 16:33,"72F, Cloudy",2.72,Medium - black-eyed Susan,2m to bare soil,15,"0.9m height, 40-deg downward",53,3627,3902,9.2,bee_crops/WW-NJ-005_video_05_track_53.jpg,BEE_EVENT_0943,0,New Unique Individual
PL-NJ-005_video_03.mp4,8/6/2026 9:40,"82F, Sunny",3.19,Medium - aster,2m to bare soil,15,"0.8m height, 45-deg downward",34,755,1035,9.36,bee_crops/PL-NJ-005_video_03_track_34.jpg,BEE_EVENT_0944,0.376,New Unique Individual
WW-NJ-005_video_02.mp4,7/27/2026 12:17,"78F, Partly Cloudy",1.54,High - bee balm,2m to bare soil,15,"1.2m height, 50-deg downward",52,3719,3896,5.93,bee_crops/WW-NJ-005_video_02_track_52.jpg,BEE_EVENT_0944,0.657,Re-entry (P=66%)
WW-NJ-001_video_04.mp4,9/7/2026 11:48,"68F, Sunny",1.05,High - bee balm,2m to bare soil,15,"0.9m height, 40-deg downward",31,833,1166,11.13,bee_crops/WW-NJ-001_video_04_track_31.jpg,BEE_EVENT_0945,0,New Unique Individual
PL-NJ-001_video_03.mp4,8/13/2026 16:39,"70F, Partly Cloudy",3.92,Medium - black-eyed Susan,4m to wood pile,15,"0.8m height, 45-deg downward",70,4698,5037,11.34,bee_crops/PL-NJ-001_video_03_track_70.jpg,BEE_EVENT_0946,0,New Unique Individual
WW-NJ-005_video_10.mp4,7/18/2026 12:00,"80F, Sunny",1.83,High - bee balm,10m to woodland edge,15,"0.8m height, 45-deg downward",56,4742,5057,10.54,bee_crops/WW-NJ-005_video_10_track_56.jpg,BEE_EVENT_0947,0,New Unique Individual
WW-NJ-001_video_04.mp4,8/12/2026 12:48,"82F, Partly Cloudy",3.46,Medium - black-eyed Susan,4m to wood pile,15,"0.9m height, 40-deg downward",66,2050,2225,5.87,bee_crops/WW-NJ-001_video_04_track_66.jpg,BEE_EVENT_0947,0.859,Re-entry (P=86%)
WW-NJ-003_video_02.mp4,8/15/2026 11:11,"80F, Clear",1.42,Medium - mixed native wildflowers,8m to brush edge,15,"0.9m height, 40-deg downward",78,5147,5302,5.2,bee_crops/WW-NJ-003_video_02_track_78.jpg,BEE_EVENT_0948,0,New Unique Individual
PL-NJ-002_video_04.mp4,9/8/2026 12:12,"80F, Clear",1.37,Medium - clover,2m to bare soil,15,"0.9m height, 40-deg downward",3,4222,4409,6.26,bee_crops/PL-NJ-002_video_04_track_3.jpg,BEE_EVENT_0949,0,New Unique Individual
PL-NJ-005_video_09.mp4,8/30/2026 15:30,"80F, Partly Cloudy",2.25,High - goldenrod,4m to wood pile,15,"1.0m height, 45-deg downward",2,975,1117,4.78,bee_crops/PL-NJ-005_video_09_track_2.jpg,BEE_EVENT_0950,0,New Unique Individual
WW-NJ-001_video_07.mp4,8/18/2026 11:10,"74F, Clear",3.49,High - bee balm,8m to brush edge,15,"1.0m height, 45-deg downward",12,5398,5905,16.92,bee_crops/WW-NJ-001_video_07_track_12.jpg,BEE_EVENT_0951,0,New Unique Individual
PL-NJ-001_video_01.mp4,9/2/2026 14:39,"80F, Sunny",3.8,High - mountain mint,6m to dead stems,15,"1.0m height, 45-deg downward",10,3665,3862,6.6,bee_crops/PL-NJ-001_video_01_track_10.jpg,BEE_EVENT_0952,0,New Unique Individual
WW-NJ-003_video_06.mp4,8/20/2026 15:34,"84F, Partly Cloudy",3.86,Medium - mixed native wildflowers,4m to wood pile,15,"1.2m height, 50-deg downward",70,4868,5138,9.03,bee_crops/WW-NJ-003_video_06_track_70.jpg,BEE_EVENT_0953,0,New Unique Individual
WW-NJ-003_video_03.mp4,7/17/2026 14:56,"84F, Clear",3.84,High - milkweed,6m to dead stems,15,"1.2m height, 50-deg downward",83,278,696,13.96,bee_crops/WW-NJ-003_video_03_track_83.jpg,BEE_EVENT_0954,0.462,New Unique Individual
PL-NJ-005_video_09.mp4,8/19/2026 10:46,"84F, Sunny",1.71,Medium - aster,8m to brush edge,15,"0.9m height, 40-deg downward",12,689,828,4.65,bee_crops/PL-NJ-005_video_09_track_12.jpg,BEE_EVENT_0955,0,New Unique Individual
WW-NJ-003_video_04.mp4,8/18/2026 15:33,"72F, Cloudy",2.33,Medium - mixed native wildflowers,3m to bare soil,15,"0.9m height, 40-deg downward",10,3199,3300,3.4,bee_crops/WW-NJ-003_video_04_track_10.jpg,BEE_EVENT_0956,0,New Unique Individual
WW-NJ-002_video_08.mp4,8/15/2026 16:29,"80F, Partly Cloudy",1.28,Low - mixed lawn flowers,10m to woodland edge,15,"1.0m height, 45-deg downward",41,4440,4583,4.79,bee_crops/WW-NJ-002_video_08_track_41.jpg,BEE_EVENT_0957,0,New Unique Individual
WW-NJ-004_video_08.mp4,8/31/2026 9:55,"68F, Partly Cloudy",2.5,Medium - mixed native wildflowers,8m to brush edge,15,"1.0m height, 45-deg downward",48,5270,5560,9.69,bee_crops/WW-NJ-004_video_08_track_48.jpg,BEE_EVENT_0957,0.807,Re-entry (P=81%)
PL-NJ-001_video_07.mp4,8/8/2026 14:48,"70F, Clear",2.62,High - goldenrod,6m to dead stems,15,"1.0m height, 45-deg downward",44,3741,4018,9.26,bee_crops/PL-NJ-001_video_07_track_44.jpg,BEE_EVENT_0958,0,New Unique Individual
WW-NJ-005_video_05.mp4,7/26/2026 15:34,"78F, Partly Cloudy",2.06,High - bee balm,8m to brush edge,15,"1.0m height, 45-deg downward",82,4863,5178,10.53,bee_crops/WW-NJ-005_video_05_track_82.jpg,BEE_EVENT_0959,0,New Unique Individual
PL-NJ-004_video_10.mp4,9/7/2026 13:55,"74F, Clear",3.46,High - milkweed,4m to wood pile,15,"1.0m height, 45-deg downward",34,3207,3435,7.64,bee_crops/PL-NJ-004_video_10_track_34.jpg,BEE_EVENT_0959,0.53,Re-entry (P=53%)
PL-NJ-004_video_06.mp4,8/30/2026 16:16,"72F, Partly Cloudy",2.05,Low - mixed lawn flowers,10m to woodland edge,15,"1.0m height, 45-deg downward",44,2813,2862,1.67,bee_crops/PL-NJ-004_video_06_track_44.jpg,BEE_EVENT_0960,0,New Unique Individual
PL-NJ-001_video_02.mp4,7/29/2026 10:40,"82F, Cloudy",1.98,High - goldenrod,10m to woodland edge,15,"1.2m height, 50-deg downward",3,3205,3428,7.48,bee_crops/PL-NJ-001_video_02_track_3.jpg,BEE_EVENT_0961,0,New Unique Individual
PL-NJ-003_video_05.mp4,9/5/2026 13:19,"70F, Sunny",1.42,Low - mixed lawn flowers,4m to wood pile,15,"0.9m height, 40-deg downward",22,63,521,15.29,bee_crops/PL-NJ-003_video_05_track_22.jpg,BEE_EVENT_0962,0.485,New Unique Individual
PL-NJ-005_video_04.mp4,8/1/2026 9:10,"70F, Clear",1.47,High - mountain mint,4m to wood pile,15,"0.8m height, 45-deg downward",42,2984,3530,18.24,bee_crops/PL-NJ-005_video_04_track_42.jpg,BEE_EVENT_0963,0,New Unique Individual
WW-NJ-004_video_02.mp4,7/28/2026 11:28,"82F, Partly Cloudy",3.64,Medium - black-eyed Susan,10m to woodland edge,15,"0.9m height, 40-deg downward",58,5074,5333,8.65,bee_crops/WW-NJ-004_video_02_track_58.jpg,BEE_EVENT_0964,0,New Unique Individual
WW-NJ-001_video_01.mp4,8/23/2026 13:59,"76F, Sunny",3.03,High - coneflower,10m to woodland edge,15,"1.2m height, 50-deg downward",23,1227,1504,9.28,bee_crops/WW-NJ-001_video_01_track_23.jpg,BEE_EVENT_0965,0,New Unique Individual
PL-NJ-005_video_09.mp4,7/22/2026 16:40,"82F, Clear",2.74,High - bee balm,3m to bare soil,15,"1.0m height, 45-deg downward",31,493,858,12.19,bee_crops/PL-NJ-005_video_09_track_31.jpg,BEE_EVENT_0966,0,New Unique Individual
PL-NJ-004_video_09.mp4,9/7/2026 14:30,"84F, Cloudy",3.65,Medium - clover,1m to bare soil,15,"1.2m height, 50-deg downward",75,1334,1869,17.86,bee_crops/PL-NJ-004_video_09_track_75.jpg,BEE_EVENT_0967,0,New Unique Individual
PL-NJ-003_video_09.mp4,8/12/2026 13:24,"84F, Clear",1.24,Medium - clover,6m to dead stems,15,"1.2m height, 50-deg downward",76,1373,1617,8.17,bee_crops/PL-NJ-003_video_09_track_76.jpg,BEE_EVENT_0968,0,New Unique Individual
PL-NJ-001_video_06.mp4,9/3/2026 13:16,"70F, Cloudy",1.21,Low - mixed lawn flowers,3m to bare soil,15,"0.8m height, 45-deg downward",18,4113,4474,12.07,bee_crops/PL-NJ-001_video_06_track_18.jpg,BEE_EVENT_0969,0,New Unique Individual
WW-NJ-001_video_01.mp4,7/17/2026 11:56,"74F, Partly Cloudy",1.99,High - milkweed,2m to bare soil,15,"0.8m height, 45-deg downward",42,2514,2684,5.71,bee_crops/WW-NJ-001_video_01_track_42.jpg,BEE_EVENT_0970,0,New Unique Individual
WW-NJ-002_video_04.mp4,7/15/2026 14:26,"80F, Sunny",0.91,High - milkweed,3m to bare soil,15,"1.2m height, 50-deg downward",37,3937,4047,3.69,bee_crops/WW-NJ-002_video_04_track_37.jpg,BEE_EVENT_0971,0,New Unique Individual
PL-NJ-004_video_10.mp4,8/8/2026 15:42,"72F, Partly Cloudy",3.98,Medium - aster,4m to wood pile,15,"0.9m height, 40-deg downward",82,5079,5260,6.08,bee_crops/PL-NJ-004_video_10_track_82.jpg,BEE_EVENT_0972,0,New Unique Individual
WW-NJ-005_video_07.mp4,7/24/2026 9:13,"78F, Partly Cloudy",3.51,High - bee balm,1m to bare soil,15,"1.0m height, 45-deg downward",23,3001,3630,20.99,bee_crops/WW-NJ-005_video_07_track_23.jpg,BEE_EVENT_0973,0,New Unique Individual
WW-NJ-002_video_03.mp4,7/27/2026 10:13,"76F, Sunny",2.74,High - goldenrod,4m to wood pile,15,"0.8m height, 45-deg downward",12,1640,2006,12.24,bee_crops/WW-NJ-002_video_03_track_12.jpg,BEE_EVENT_0974,0,New Unique Individual
PL-NJ-002_video_05.mp4,8/15/2026 11:18,"84F, Cloudy",2.28,High - goldenrod,4m to wood pile,15,"0.8m height, 45-deg downward",59,4529,4645,3.9,bee_crops/PL-NJ-002_video_05_track_59.jpg,BEE_EVENT_0974,0.726,Re-entry (P=73%)
PL-NJ-003_video_06.mp4,7/31/2026 14:40,"80F, Sunny",1.65,High - bee balm,3m to bare soil,15,"1.0m height, 45-deg downward",80,5143,5521,12.63,bee_crops/PL-NJ-003_video_06_track_80.jpg,BEE_EVENT_0975,0.371,New Unique Individual
PL-NJ-003_video_07.mp4,8/26/2026 12:51,"72F, Sunny",2.06,Medium - mixed native wildflowers,8m to brush edge,15,"0.9m height, 40-deg downward",23,838,959,4.07,bee_crops/PL-NJ-003_video_07_track_23.jpg,BEE_EVENT_0975,0.563,Re-entry (P=56%)
WW-NJ-004_video_10.mp4,8/25/2026 11:58,"72F, Cloudy",1.84,High - bee balm,2m to bare soil,15,"0.8m height, 45-deg downward",55,240,552,10.43,bee_crops/WW-NJ-004_video_10_track_55.jpg,BEE_EVENT_0976,0,New Unique Individual
PL-NJ-005_video_02.mp4,8/24/2026 13:20,"72F, Clear",2.56,High - milkweed,8m to brush edge,15,"1.0m height, 45-deg downward",74,4532,4667,4.54,bee_crops/PL-NJ-005_video_02_track_74.jpg,BEE_EVENT_0977,0,New Unique Individual
PL-NJ-004_video_04.mp4,8/4/2026 13:22,"82F, Partly Cloudy",1.19,Medium - aster,10m to woodland edge,15,"0.9m height, 40-deg downward",38,3424,3536,3.77,bee_crops/PL-NJ-004_video_04_track_38.jpg,BEE_EVENT_0977,0.814,Re-entry (P=81%)
WW-NJ-005_video_10.mp4,9/4/2026 16:44,"82F, Partly Cloudy",1.38,Medium - aster,6m to dead stems,15,"1.0m height, 45-deg downward",57,955,1666,23.75,bee_crops/WW-NJ-005_video_10_track_57.jpg,BEE_EVENT_0977,0.831,Re-entry (P=83%)
PL-NJ-005_video_08.mp4,9/1/2026 16:51,"72F, Partly Cloudy",1.49,Medium - clover,2m to bare soil,15,"0.8m height, 45-deg downward",13,922,1119,6.6,bee_crops/PL-NJ-005_video_08_track_13.jpg,BEE_EVENT_0977,0.531,Re-entry (P=53%)
WW-NJ-001_video_09.mp4,7/27/2026 11:07,"82F, Cloudy",1.65,Medium - mixed native wildflowers,3m to bare soil,15,"1.0m height, 45-deg downward",48,365,727,12.09,bee_crops/WW-NJ-001_video_09_track_48.jpg,BEE_EVENT_0978,0,New Unique Individual
PL-NJ-001_video_03.mp4,7/30/2026 15:08,"76F, Cloudy",1.45,High - mountain mint,8m to brush edge,15,"0.8m height, 45-deg downward",74,332,583,8.39,bee_crops/PL-NJ-001_video_03_track_74.jpg,BEE_EVENT_0979,0,New Unique Individual
PL-NJ-005_video_06.mp4,7/22/2026 16:09,"74F, Sunny",3.47,High - bee balm,10m to woodland edge,15,"1.0m height, 45-deg downward",83,2842,2969,4.26,bee_crops/PL-NJ-005_video_06_track_83.jpg,BEE_EVENT_0980,0,New Unique Individual
PL-NJ-005_video_06.mp4,8/26/2026 9:10,"84F, Sunny",1.44,High - mountain mint,6m to dead stems,15,"1.0m height, 45-deg downward",1,2481,2691,7.04,bee_crops/PL-NJ-005_video_06_track_1.jpg,BEE_EVENT_0981,0,New Unique Individual
PL-NJ-003_video_02.mp4,7/28/2026 16:10,"80F, Partly Cloudy",3.9,High - bee balm,8m to brush edge,15,"1.0m height, 45-deg downward",15,4987,5114,4.28,bee_crops/PL-NJ-003_video_02_track_15.jpg,BEE_EVENT_0981,0.637,Re-entry (P=64%)
PL-NJ-003_video_07.mp4,8/13/2026 11:08,"70F, Cloudy",2.74,High - coneflower,4m to wood pile,15,"0.8m height, 45-deg downward",17,944,2118,39.18,bee_crops/PL-NJ-003_video_07_track_17.jpg,BEE_EVENT_0982,0,New Unique Individual
WW-NJ-001_video_02.mp4,8/23/2026 9:33,"82F, Partly Cloudy",3.11,Medium - mixed native wildflowers,6m to dead stems,15,"1.0m height, 45-deg downward",5,1115,1522,13.6,bee_crops/WW-NJ-001_video_02_track_5.jpg,BEE_EVENT_0983,0,New Unique Individual
WW-NJ-004_video_07.mp4,8/8/2026 14:18,"82F, Sunny",0.84,High - bee balm,2m to bare soil,15,"1.2m height, 50-deg downward",23,4393,4641,8.29,bee_crops/WW-NJ-004_video_07_track_23.jpg,BEE_EVENT_0983,0.542,Re-entry (P=54%)
PL-NJ-002_video_09.mp4,7/23/2026 15:00,"72F, Clear",2.64,Medium - clover,4m to wood pile,15,"1.0m height, 45-deg downward",3,72,421,11.65,bee_crops/PL-NJ-002_video_09_track_3.jpg,BEE_EVENT_0984,0,New Unique Individual
PL-NJ-005_video_04.mp4,8/28/2026 14:27,"68F, Clear",3.49,High - coneflower,2m to bare soil,15,"0.9m height, 40-deg downward",3,3118,3507,13,bee_crops/PL-NJ-005_video_04_track_3.jpg,BEE_EVENT_0985,0,New Unique Individual
WW-NJ-004_video_08.mp4,7/22/2026 11:22,"84F, Clear",2.16,Medium - clover,4m to wood pile,15,"1.2m height, 50-deg downward",17,1563,1953,13.02,bee_crops/WW-NJ-004_video_08_track_17.jpg,BEE_EVENT_0985,0.594,Re-entry (P=59%)
WW-NJ-003_video_01.mp4,7/24/2026 16:08,"72F, Partly Cloudy",1.19,Low - mixed lawn flowers,6m to dead stems,15,"0.9m height, 40-deg downward",36,3461,3840,12.65,bee_crops/WW-NJ-003_video_01_track_36.jpg,BEE_EVENT_0985,0.64,Re-entry (P=64%)
WW-NJ-002_video_07.mp4,8/11/2026 9:31,"84F, Clear",1.22,High - mountain mint,3m to bare soil,15,"1.2m height, 50-deg downward",21,1870,2229,12,bee_crops/WW-NJ-002_video_07_track_21.jpg,BEE_EVENT_0986,0,New Unique Individual
WW-NJ-001_video_04.mp4,8/28/2026 13:07,"78F, Cloudy",0.99,High - goldenrod,6m to dead stems,15,"0.9m height, 40-deg downward",48,2046,2307,8.73,bee_crops/WW-NJ-001_video_04_track_48.jpg,BEE_EVENT_0987,0,New Unique Individual
WW-NJ-005_video_10.mp4,7/19/2026 14:33,"78F, Cloudy",2.97,Medium - clover,10m to woodland edge,15,"1.0m height, 45-deg downward",32,4835,5504,22.35,bee_crops/WW-NJ-005_video_10_track_32.jpg,BEE_EVENT_0987,0.526,Re-entry (P=53%)
WW-NJ-005_video_08.mp4,8/11/2026 9:12,"84F, Sunny",2.58,High - coneflower,2m to bare soil,15,"0.8m height, 45-deg downward",53,362,634,9.09,bee_crops/WW-NJ-005_video_08_track_53.jpg,BEE_EVENT_0988,0,New Unique Individual
WW-NJ-002_video_08.mp4,8/9/2026 13:53,"84F, Sunny",2.36,Medium - black-eyed Susan,6m to dead stems,15,"0.8m height, 45-deg downward",47,738,990,8.44,bee_crops/WW-NJ-002_video_08_track_47.jpg,BEE_EVENT_0989,0,New Unique Individual
WW-NJ-003_video_10.mp4,7/16/2026 10:26,"84F, Cloudy",2.28,High - milkweed,4m to wood pile,15,"0.8m height, 45-deg downward",32,499,772,9.14,bee_crops/WW-NJ-003_video_10_track_32.jpg,BEE_EVENT_0989,0.518,Re-entry (P=52%)
WW-NJ-001_video_05.mp4,8/7/2026 13:36,"72F, Partly Cloudy",1.44,Medium - black-eyed Susan,1m to bare soil,15,"0.8m height, 45-deg downward",73,2460,2746,9.57,bee_crops/WW-NJ-001_video_05_track_73.jpg,BEE_EVENT_0990,0,New Unique Individual
PL-NJ-001_video_09.mp4,9/8/2026 14:33,"76F, Sunny",3.05,Low - mixed lawn flowers,2m to bare soil,15,"0.8m height, 45-deg downward",72,3490,3575,2.88,bee_crops/PL-NJ-001_video_09_track_72.jpg,BEE_EVENT_0990,0.609,Re-entry (P=61%)
WW-NJ-004_video_10.mp4,8/9/2026 11:57,"80F, Partly Cloudy",3.75,Medium - black-eyed Susan,1m to bare soil,15,"1.2m height, 50-deg downward",75,3601,3743,4.77,bee_crops/WW-NJ-004_video_10_track_75.jpg,BEE_EVENT_0990,0.778,Re-entry (P=78%)
PL-NJ-003_video_01.mp4,7/17/2026 9:22,"76F, Sunny",2.13,High - coneflower,10m to woodland edge,15,"0.8m height, 45-deg downward",15,3302,3530,7.64,bee_crops/PL-NJ-003_video_01_track_15.jpg,BEE_EVENT_0991,0.473,New Unique Individual
WW-NJ-002_video_05.mp4,7/17/2026 9:52,"84F, Clear",1.64,High - milkweed,6m to dead stems,15,"0.8m height, 45-deg downward",41,5367,5450,2.81,bee_crops/WW-NJ-002_video_05_track_41.jpg,BEE_EVENT_0992,0.492,New Unique Individual
WW-NJ-003_video_01.mp4,7/31/2026 9:56,"82F, Cloudy",1.75,Low - mixed lawn flowers,8m to brush edge,15,"1.0m height, 45-deg downward",83,4831,5078,8.28,bee_crops/WW-NJ-003_video_01_track_83.jpg,BEE_EVENT_0992,0.577,Re-entry (P=58%)
WW-NJ-002_video_07.mp4,8/8/2026 13:11,"72F, Cloudy",3.71,High - coneflower,3m to bare soil,15,"0.8m height, 45-deg downward",63,3366,3650,9.49,bee_crops/WW-NJ-002_video_07_track_63.jpg,BEE_EVENT_0993,0,New Unique Individual
WW-NJ-005_video_04.mp4,7/29/2026 11:53,"84F, Sunny",2.2,High - milkweed,6m to dead stems,15,"0.9m height, 40-deg downward",2,2641,2748,3.6,bee_crops/WW-NJ-005_video_04_track_2.jpg,BEE_EVENT_0994,0.499,New Unique Individual
PL-NJ-002_video_03.mp4,7/16/2026 12:34,"72F, Sunny",2.45,Medium - mixed native wildflowers,4m to wood pile,15,"0.8m height, 45-deg downward",21,418,581,5.47,bee_crops/PL-NJ-002_video_03_track_21.jpg,BEE_EVENT_0995,0,New Unique Individual
WW-NJ-001_video_05.mp4,7/21/2026 10:20,"84F, Partly Cloudy",2.99,Low - mixed lawn flowers,1m to bare soil,15,"0.8m height, 45-deg downward",57,3026,3589,18.79,bee_crops/WW-NJ-001_video_05_track_57.jpg,BEE_EVENT_0996,0,New Unique Individual
PL-NJ-004_video_09.mp4,8/24/2026 13:47,"84F, Clear",0.9,High - coneflower,3m to bare soil,15,"1.0m height, 45-deg downward",21,4164,4515,11.73,bee_crops/PL-NJ-004_video_09_track_21.jpg,BEE_EVENT_0997,0,New Unique Individual
PL-NJ-003_video_06.mp4,8/17/2026 12:41,"82F, Partly Cloudy",3.91,Medium - clover,1m to bare soil,15,"0.8m height, 45-deg downward",34,3608,3946,11.29,bee_crops/PL-NJ-003_video_06_track_34.jpg,BEE_EVENT_0998,0,New Unique Individual
PL-NJ-002_video_08.mp4,8/4/2026 16:47,"74F, Sunny",3.45,High - bee balm,3m to bare soil,15,"0.9m height, 40-deg downward",12,768,1281,17.13,bee_crops/PL-NJ-002_video_08_track_12.jpg,BEE_EVENT_0999,0,New Unique Individual
WW-NJ-002_video_03.mp4,8/16/2026 16:48,"80F, Cloudy",1.67,High - bee balm,8m to brush edge,15,"0.9m height, 40-deg downward",75,4837,4981,4.82,bee_crops/WW-NJ-002_video_03_track_75.jpg,BEE_EVENT_1000,0,New Unique Individual
PL-NJ-003_video_01.mp4,8/1/2026 9:42,"76F, Cloudy",1.53,High - coneflower,1m to bare soil,15,"1.2m height, 50-deg downward",55,2906,3013,3.61,bee_crops/PL-NJ-003_video_01_track_55.jpg,BEE_EVENT_1001,0.391,New Unique Individual
WW-NJ-003_video_08.mp4,8/2/2026 12:26,"80F, Clear",1.93,Medium - aster,8m to brush edge,15,"0.8m height, 45-deg downward",78,3092,3556,15.51,bee_crops/WW-NJ-003_video_08_track_78.jpg,BEE_EVENT_1002,0,New Unique Individual
WW-NJ-005_video_10.mp4,8/8/2026 15:39,"80F, Clear",3.11,Low - mixed lawn flowers,4m to wood pile,15,"1.2m height, 50-deg downward",20,2037,2269,7.77,bee_crops/WW-NJ-005_video_10_track_20.jpg,BEE_EVENT_1002,0.728,Re-entry (P=73%)
WW-NJ-002_video_07.mp4,7/24/2026 11:27,"76F, Sunny",3.23,Medium - black-eyed Susan,6m to dead stems,15,"1.0m height, 45-deg downward",35,4752,4893,4.75,bee_crops/WW-NJ-002_video_07_track_35.jpg,BEE_EVENT_1003,0,New Unique Individual
PL-NJ-004_video_09.mp4,7/29/2026 9:32,"82F, Cloudy",3.95,Medium - black-eyed Susan,6m to dead stems,15,"0.8m height, 45-deg downward",55,1127,2079,31.76,bee_crops/PL-NJ-004_video_09_track_55.jpg,BEE_EVENT_1003,0.542,Re-entry (P=54%)
WW-NJ-002_video_04.mp4,9/6/2026 10:42,"72F, Cloudy",1.94,Low - mixed lawn flowers,1m to bare soil,15,"1.0m height, 45-deg downward",28,2034,2119,2.87,bee_crops/WW-NJ-002_video_04_track_28.jpg,BEE_EVENT_1004,0,New Unique Individual
PL-NJ-002_video_01.mp4,8/5/2026 11:20,"84F, Cloudy",3.74,Medium - clover,3m to bare soil,15,"0.8m height, 45-deg downward",22,359,634,9.21,bee_crops/PL-NJ-002_video_01_track_22.jpg,BEE_EVENT_1005,0,New Unique Individual
WW-NJ-005_video_05.mp4,8/15/2026 11:21,"78F, Partly Cloudy",2.77,Medium - black-eyed Susan,8m to brush edge,15,"1.2m height, 50-deg downward",36,1021,1237,7.22,bee_crops/WW-NJ-005_video_05_track_36.jpg,BEE_EVENT_1005,0.549,Re-entry (P=55%)
WW-NJ-002_video_08.mp4,9/1/2026 16:52,"76F, Sunny",3.27,High - bee balm,10m to woodland edge,15,"0.9m height, 40-deg downward",60,536,729,6.47,bee_crops/WW-NJ-002_video_08_track_60.jpg,BEE_EVENT_1006,0,New Unique Individual
WW-NJ-003_video_02.mp4,8/1/2026 10:33,"74F, Partly Cloudy",2.12,High - coneflower,4m to wood pile,15,"0.9m height, 40-deg downward",34,2219,2276,1.94,bee_crops/WW-NJ-003_video_02_track_34.jpg,BEE_EVENT_1007,0,New Unique Individual
PL-NJ-005_video_09.mp4,8/23/2026 12:49,"84F, Clear",2.07,Low - mixed lawn flowers,6m to dead stems,15,"0.9m height, 40-deg downward",73,4766,5429,22.13,bee_crops/PL-NJ-005_video_09_track_73.jpg,BEE_EVENT_1008,0,New Unique Individual
WW-NJ-002_video_06.mp4,8/5/2026 13:25,"72F, Sunny",1.15,Low - mixed lawn flowers,10m to woodland edge,15,"0.9m height, 40-deg downward",47,404,500,3.24,bee_crops/WW-NJ-002_video_06_track_47.jpg,BEE_EVENT_1009,0.338,New Unique Individual
WW-NJ-001_video_06.mp4,7/22/2026 10:35,"74F, Partly Cloudy",2.15,High - goldenrod,4m to wood pile,15,"1.2m height, 50-deg downward",32,644,849,6.87,bee_crops/WW-NJ-001_video_06_track_32.jpg,BEE_EVENT_1010,0,New Unique Individual
WW-NJ-003_video_02.mp4,8/16/2026 13:25,"82F, Sunny",2.72,Medium - black-eyed Susan,1m to bare soil,15,"1.2m height, 50-deg downward",18,3051,3235,6.18,bee_crops/WW-NJ-003_video_02_track_18.jpg,BEE_EVENT_1011,0,New Unique Individual
PL-NJ-005_video_05.mp4,7/26/2026 9:23,"84F, Cloudy",4,High - mountain mint,4m to wood pile,15,"0.9m height, 40-deg downward",7,3083,3441,11.97,bee_crops/PL-NJ-005_video_05_track_7.jpg,BEE_EVENT_1012,0,New Unique Individual
PL-NJ-002_video_05.mp4,7/25/2026 9:57,"82F, Clear",1.81,Medium - clover,6m to dead stems,15,"0.8m height, 45-deg downward",74,2546,2632,2.89,bee_crops/PL-NJ-002_video_05_track_74.jpg,BEE_EVENT_1013,0,New Unique Individual
WW-NJ-005_video_06.mp4,7/29/2026 12:55,"80F, Partly Cloudy",3.38,High - goldenrod,10m to woodland edge,15,"1.2m height, 50-deg downward",34,4149,4479,11.03,bee_crops/WW-NJ-005_video_06_track_34.jpg,BEE_EVENT_1014,0,New Unique Individual
PL-NJ-002_video_03.mp4,9/7/2026 11:54,"68F, Cloudy",1.88,High - mountain mint,8m to brush edge,15,"1.2m height, 50-deg downward",78,3431,3707,9.24,bee_crops/PL-NJ-002_video_03_track_78.jpg,BEE_EVENT_1015,0,New Unique Individual
WW-NJ-004_video_01.mp4,7/15/2026 15:15,"76F, Cloudy",1.18,High - bee balm,4m to wood pile,15,"0.9m height, 40-deg downward",85,1530,1688,5.31,bee_crops/WW-NJ-004_video_01_track_85.jpg,BEE_EVENT_1016,0,New Unique Individual
PL-NJ-002_video_03.mp4,9/1/2026 14:44,"70F, Clear",2.05,High - coneflower,8m to brush edge,15,"0.8m height, 45-deg downward",12,552,874,10.77,bee_crops/PL-NJ-002_video_03_track_12.jpg,BEE_EVENT_1017,0,New Unique Individual
PL-NJ-004_video_05.mp4,8/18/2026 15:08,"68F, Cloudy",3.23,Medium - mixed native wildflowers,6m to dead stems,15,"0.9m height, 40-deg downward",62,51,298,8.27,bee_crops/PL-NJ-004_video_05_track_62.jpg,BEE_EVENT_1018,0,New Unique Individual
PL-NJ-004_video_03.mp4,7/27/2026 10:16,"82F, Clear",2.71,Medium - clover,4m to wood pile,15,"1.0m height, 45-deg downward",53,4734,5525,26.39,bee_crops/PL-NJ-004_video_03_track_53.jpg,BEE_EVENT_1019,0,New Unique Individual
WW-NJ-003_video_07.mp4,7/19/2026 11:51,"74F, Partly Cloudy",3.74,High - goldenrod,8m to brush edge,15,"0.9m height, 40-deg downward",44,909,1124,7.21,bee_crops/WW-NJ-003_video_07_track_44.jpg,BEE_EVENT_1019,0.577,Re-entry (P=58%)
PL-NJ-002_video_09.mp4,7/18/2026 16:40,"78F, Partly Cloudy",3.92,High - bee balm,3m to bare soil,15,"1.0m height, 45-deg downward",16,2871,3002,4.39,bee_crops/PL-NJ-002_video_09_track_16.jpg,BEE_EVENT_1020,0,New Unique Individual
WW-NJ-004_video_09.mp4,8/4/2026 13:28,"76F, Clear",0.95,Medium - black-eyed Susan,3m to bare soil,15,"0.9m height, 40-deg downward",44,2199,2531,11.1,bee_crops/WW-NJ-004_video_09_track_44.jpg,BEE_EVENT_1021,0,New Unique Individual
WW-NJ-004_video_02.mp4,7/22/2026 11:17,"76F, Sunny",3.79,Medium - aster,4m to wood pile,15,"0.9m height, 40-deg downward",51,1263,1462,6.66,bee_crops/WW-NJ-004_video_02_track_51.jpg,BEE_EVENT_1022,0,New Unique Individual
WW-NJ-004_video_05.mp4,8/25/2026 11:36,"84F, Partly Cloudy",0.9,Medium - mixed native wildflowers,10m to woodland edge,15,"0.8m height, 45-deg downward",61,1391,1635,8.16,bee_crops/WW-NJ-004_video_05_track_61.jpg,BEE_EVENT_1023,0,New Unique Individual
WW-NJ-001_video_09.mp4,7/18/2026 10:43,"76F, Partly Cloudy",3.88,High - goldenrod,1m to bare soil,15,"0.9m height, 40-deg downward",78,3171,3279,3.62,bee_crops/WW-NJ-001_video_09_track_78.jpg,BEE_EVENT_1024,0,New Unique Individual
WW-NJ-004_video_06.mp4,8/30/2026 11:22,"74F, Sunny",3.66,Medium - clover,1m to bare soil,15,"0.8m height, 45-deg downward",66,5113,5475,12.1,bee_crops/WW-NJ-004_video_06_track_66.jpg,BEE_EVENT_1025,0.441,New Unique Individual
PL-NJ-004_video_05.mp4,8/16/2026 10:58,"76F, Clear",1.91,High - bee balm,8m to brush edge,15,"1.2m height, 50-deg downward",34,3482,3662,6.02,bee_crops/PL-NJ-004_video_05_track_34.jpg,BEE_EVENT_1025,0.719,Re-entry (P=72%)
PL-NJ-004_video_06.mp4,8/28/2026 10:35,"84F, Sunny",2.78,Medium - aster,8m to brush edge,15,"1.2m height, 50-deg downward",31,4938,5228,9.71,bee_crops/PL-NJ-004_video_06_track_31.jpg,BEE_EVENT_1026,0,New Unique Individual
WW-NJ-002_video_03.mp4,8/18/2026 16:37,"80F, Partly Cloudy",2.92,Medium - mixed native wildflowers,10m to woodland edge,15,"0.8m height, 45-deg downward",40,4199,5157,31.97,bee_crops/WW-NJ-002_video_03_track_40.jpg,BEE_EVENT_1027,0,New Unique Individual
PL-NJ-001_video_08.mp4,8/21/2026 11:58,"72F, Cloudy",1.13,Medium - aster,2m to bare soil,15,"0.8m height, 45-deg downward",12,3927,4134,6.95,bee_crops/PL-NJ-001_video_08_track_12.jpg,BEE_EVENT_1028,0,New Unique Individual
PL-NJ-005_video_09.mp4,8/31/2026 15:50,"74F, Cloudy",1.36,High - bee balm,2m to bare soil,15,"1.0m height, 45-deg downward",31,2070,2467,13.25,bee_crops/PL-NJ-005_video_09_track_31.jpg,BEE_EVENT_1029,0,New Unique Individual
WW-NJ-002_video_03.mp4,7/22/2026 16:06,"74F, Sunny",3.74,High - bee balm,8m to brush edge,15,"1.0m height, 45-deg downward",22,3211,3428,7.26,bee_crops/WW-NJ-002_video_03_track_22.jpg,BEE_EVENT_1029,0.894,Re-entry (P=89%)
WW-NJ-003_video_04.mp4,7/26/2026 9:06,"82F, Cloudy",3.01,Medium - black-eyed Susan,1m to bare soil,15,"0.8m height, 45-deg downward",4,517,676,5.35,bee_crops/WW-NJ-003_video_04_track_4.jpg,BEE_EVENT_1030,0,New Unique Individual
PL-NJ-005_video_09.mp4,9/4/2026 16:50,"70F, Partly Cloudy",1.19,Medium - mixed native wildflowers,3m to bare soil,15,"0.9m height, 40-deg downward",12,3165,3742,19.28,bee_crops/PL-NJ-005_video_09_track_12.jpg,BEE_EVENT_1031,0,New Unique Individual
WW-NJ-004_video_09.mp4,8/2/2026 14:46,"84F, Cloudy",2.85,High - coneflower,3m to bare soil,15,"0.9m height, 40-deg downward",71,1999,2071,2.43,bee_crops/WW-NJ-004_video_09_track_71.jpg,BEE_EVENT_1032,0,New Unique Individual
WW-NJ-004_video_06.mp4,8/3/2026 16:00,"68F, Partly Cloudy",1.81,High - coneflower,8m to brush edge,15,"0.8m height, 45-deg downward",59,4823,5294,15.72,bee_crops/WW-NJ-004_video_06_track_59.jpg,BEE_EVENT_1033,0,New Unique Individual
PL-NJ-002_video_03.mp4,7/15/2026 14:57,"80F, Sunny",3.82,Low - mixed lawn flowers,3m to bare soil,15,"0.8m height, 45-deg downward",6,2286,2353,2.27,bee_crops/PL-NJ-002_video_03_track_6.jpg,BEE_EVENT_1034,0,New Unique Individual
PL-NJ-002_video_07.mp4,8/1/2026 10:09,"78F, Sunny",3.7,Medium - black-eyed Susan,8m to brush edge,15,"0.8m height, 45-deg downward",29,107,544,14.59,bee_crops/PL-NJ-002_video_07_track_29.jpg,BEE_EVENT_1035,0,New Unique Individual
WW-NJ-001_video_08.mp4,8/18/2026 14:11,"76F, Sunny",2.77,Low - mixed lawn flowers,6m to dead stems,15,"0.8m height, 45-deg downward",48,3268,3514,8.24,bee_crops/WW-NJ-001_video_08_track_48.jpg,BEE_EVENT_1036,0,New Unique Individual
WW-NJ-004_video_07.mp4,8/10/2026 12:23,"80F, Cloudy",1.25,Medium - mixed native wildflowers,6m to dead stems,15,"0.9m height, 40-deg downward",2,4539,4670,4.39,bee_crops/WW-NJ-004_video_07_track_2.jpg,BEE_EVENT_1037,0,New Unique Individual
PL-NJ-004_video_07.mp4,8/19/2026 10:35,"70F, Sunny",3.98,Medium - aster,3m to bare soil,15,"0.9m height, 40-deg downward",24,4335,4522,6.27,bee_crops/PL-NJ-004_video_07_track_24.jpg,BEE_EVENT_1038,0,New Unique Individual
WW-NJ-002_video_10.mp4,8/13/2026 15:06,"70F, Cloudy",1.56,High - goldenrod,8m to brush edge,15,"1.2m height, 50-deg downward",59,4872,5254,12.76,bee_crops/WW-NJ-002_video_10_track_59.jpg,BEE_EVENT_1039,0,New Unique Individual
PL-NJ-004_video_10.mp4,8/19/2026 11:29,"84F, Clear",1.77,High - coneflower,2m to bare soil,15,"0.8m height, 45-deg downward",60,121,1005,29.51,bee_crops/PL-NJ-004_video_10_track_60.jpg,BEE_EVENT_1040,0,New Unique Individual
PL-NJ-004_video_06.mp4,7/22/2026 16:36,"72F, Clear",1.73,High - coneflower,4m to wood pile,15,"1.0m height, 45-deg downward",10,3744,3831,2.95,bee_crops/PL-NJ-004_video_06_track_10.jpg,BEE_EVENT_1041,0.411,New Unique Individual
PL-NJ-004_video_03.mp4,8/1/2026 10:43,"80F, Partly Cloudy",2.09,High - bee balm,2m to bare soil,15,"1.0m height, 45-deg downward",78,4852,4987,4.55,bee_crops/PL-NJ-004_video_03_track_78.jpg,BEE_EVENT_1042,0,New Unique Individual
PL-NJ-001_video_09.mp4,8/21/2026 10:33,"78F, Partly Cloudy",3.4,High - mountain mint,1m to bare soil,15,"1.2m height, 50-deg downward",38,438,540,3.44,bee_crops/PL-NJ-001_video_09_track_38.jpg,BEE_EVENT_1043,0,New Unique Individual
WW-NJ-001_video_06.mp4,8/11/2026 11:05,"82F, Sunny",1.25,Medium - clover,8m to brush edge,15,"0.8m height, 45-deg downward",9,4735,4951,7.22,bee_crops/WW-NJ-001_video_06_track_9.jpg,BEE_EVENT_1044,0,New Unique Individual
WW-NJ-004_video_06.mp4,8/10/2026 13:08,"76F, Partly Cloudy",1.35,High - bee balm,6m to dead stems,15,"1.0m height, 45-deg downward",72,3764,4209,14.87,bee_crops/WW-NJ-004_video_06_track_72.jpg,BEE_EVENT_1045,0,New Unique Individual
WW-NJ-005_video_01.mp4,7/18/2026 10:36,"72F, Clear",2.89,Medium - mixed native wildflowers,8m to brush edge,15,"0.9m height, 40-deg downward",31,4262,4356,3.18,bee_crops/WW-NJ-005_video_01_track_31.jpg,BEE_EVENT_1046,0.492,New Unique Individual
PL-NJ-004_video_06.mp4,7/15/2026 16:09,"68F, Sunny",3.32,Medium - mixed native wildflowers,6m to dead stems,15,"1.2m height, 50-deg downward",1,483,725,8.1,bee_crops/PL-NJ-004_video_06_track_1.jpg,BEE_EVENT_1047,0,New Unique Individual
PL-NJ-003_video_02.mp4,9/5/2026 10:25,"78F, Cloudy",2.17,High - goldenrod,1m to bare soil,15,"1.0m height, 45-deg downward",26,1524,1959,14.53,bee_crops/PL-NJ-003_video_02_track_26.jpg,BEE_EVENT_1048,0.478,New Unique Individual
PL-NJ-005_video_06.mp4,8/27/2026 9:05,"84F, Clear",1.62,High - coneflower,8m to brush edge,15,"1.2m height, 50-deg downward",30,3964,4149,6.21,bee_crops/PL-NJ-005_video_06_track_30.jpg,BEE_EVENT_1049,0,New Unique Individual
WW-NJ-003_video_10.mp4,8/17/2026 16:31,"80F, Partly Cloudy",2.58,High - milkweed,6m to dead stems,15,"1.2m height, 50-deg downward",36,4859,4903,1.5,bee_crops/WW-NJ-003_video_10_track_36.jpg,BEE_EVENT_1050,0,New Unique Individual
WW-NJ-002_video_07.mp4,9/6/2026 10:44,"74F, Sunny",3.76,Medium - aster,2m to bare soil,15,"0.8m height, 45-deg downward",5,4217,4495,9.29,bee_crops/WW-NJ-002_video_07_track_5.jpg,BEE_EVENT_1050,0.793,Re-entry (P=79%)
PL-NJ-004_video_10.mp4,8/9/2026 12:48,"74F, Cloudy",1.02,High - mountain mint,3m to bare soil,15,"1.0m height, 45-deg downward",44,1501,2047,18.23,bee_crops/PL-NJ-004_video_10_track_44.jpg,BEE_EVENT_1051,0,New Unique Individual
WW-NJ-003_video_07.mp4,8/17/2026 9:30,"68F, Cloudy",3.93,Medium - black-eyed Susan,2m to bare soil,15,"1.0m height, 45-deg downward",33,2237,2358,4.07,bee_crops/WW-NJ-003_video_07_track_33.jpg,BEE_EVENT_1052,0,New Unique Individual
PL-NJ-004_video_09.mp4,7/27/2026 13:16,"76F, Partly Cloudy",3.36,Medium - black-eyed Susan,6m to dead stems,15,"0.8m height, 45-deg downward",43,2605,2681,2.57,bee_crops/PL-NJ-004_video_09_track_43.jpg,BEE_EVENT_1053,0,New Unique Individual
PL-NJ-003_video_08.mp4,8/1/2026 9:30,"78F, Clear",2.24,Medium - clover,4m to wood pile,15,"1.0m height, 45-deg downward",27,2950,3251,10.05,bee_crops/PL-NJ-003_video_08_track_27.jpg,BEE_EVENT_1054,0,New Unique Individual
WW-NJ-001_video_10.mp4,7/17/2026 14:54,"76F, Sunny",1.14,Medium - aster,2m to bare soil,15,"0.8m height, 45-deg downward",11,2659,2965,10.24,bee_crops/WW-NJ-001_video_10_track_11.jpg,BEE_EVENT_1055,0,New Unique Individual
PL-NJ-003_video_09.mp4,8/8/2026 10:43,"82F, Sunny",1.26,High - mountain mint,8m to brush edge,15,"1.0m height, 45-deg downward",22,157,334,5.95,bee_crops/PL-NJ-003_video_09_track_22.jpg,BEE_EVENT_1056,0,New Unique Individual
PL-NJ-002_video_10.mp4,8/7/2026 12:25,"72F, Sunny",3.04,High - coneflower,8m to brush edge,15,"1.0m height, 45-deg downward",24,2196,2353,5.26,bee_crops/PL-NJ-002_video_10_track_24.jpg,BEE_EVENT_1057,0,New Unique Individual
PL-NJ-001_video_10.mp4,8/6/2026 9:05,"70F, Sunny",3.55,High - goldenrod,3m to bare soil,15,"1.0m height, 45-deg downward",24,1294,1543,8.35,bee_crops/PL-NJ-001_video_10_track_24.jpg,BEE_EVENT_1058,0,New Unique Individual
PL-NJ-001_video_10.mp4,7/31/2026 16:45,"76F, Cloudy",1.89,Medium - aster,1m to bare soil,15,"0.9m height, 40-deg downward",25,5060,5180,4.03,bee_crops/PL-NJ-001_video_10_track_25.jpg,BEE_EVENT_1059,0,New Unique Individual
PL-NJ-003_video_10.mp4,8/19/2026 9:27,"74F, Sunny",2.96,High - goldenrod,1m to bare soil,15,"0.9m height, 40-deg downward",37,4833,4953,4.03,bee_crops/PL-NJ-003_video_10_track_37.jpg,BEE_EVENT_1060,0,New Unique Individual
PL-NJ-005_video_04.mp4,8/3/2026 9:18,"78F, Sunny",1.18,High - mountain mint,2m to bare soil,15,"0.9m height, 40-deg downward",6,4743,5123,12.7,bee_crops/PL-NJ-005_video_04_track_6.jpg,BEE_EVENT_1061,0,New Unique Individual
WW-NJ-005_video_02.mp4,7/19/2026 13:45,"78F, Clear",3.71,High - milkweed,3m to bare soil,15,"1.0m height, 45-deg downward",48,5026,5141,3.87,bee_crops/WW-NJ-005_video_02_track_48.jpg,BEE_EVENT_1062,0,New Unique Individual
PL-NJ-001_video_03.mp4,7/17/2026 14:29,"82F, Sunny",0.91,Medium - black-eyed Susan,4m to wood pile,15,"0.9m height, 40-deg downward",71,579,658,2.66,bee_crops/PL-NJ-001_video_03_track_71.jpg,BEE_EVENT_1063,0.474,New Unique Individual
PL-NJ-003_video_05.mp4,7/17/2026 12:35,"74F, Clear",1.65,High - bee balm,3m to bare soil,15,"1.2m height, 50-deg downward",29,4104,4261,5.26,bee_crops/PL-NJ-003_video_05_track_29.jpg,BEE_EVENT_1063,0.598,Re-entry (P=60%)
WW-NJ-003_video_06.mp4,8/4/2026 9:18,"70F, Partly Cloudy",2.83,High - goldenrod,4m to wood pile,15,"1.2m height, 50-deg downward",33,1317,1497,6.04,bee_crops/WW-NJ-003_video_06_track_33.jpg,BEE_EVENT_1063,0.654,Re-entry (P=65%)
PL-NJ-003_video_09.mp4,7/31/2026 11:42,"72F, Partly Cloudy",2.81,Low - mixed lawn flowers,3m to bare soil,15,"1.2m height, 50-deg downward",13,501,831,11.03,bee_crops/PL-NJ-003_video_09_track_13.jpg,BEE_EVENT_1063,0.594,Re-entry (P=59%)
WW-NJ-001_video_07.mp4,9/6/2026 9:27,"84F, Clear",0.82,Medium - mixed native wildflowers,2m to bare soil,15,"0.8m height, 45-deg downward",20,2002,2167,5.54,bee_crops/WW-NJ-001_video_07_track_20.jpg,BEE_EVENT_1064,0,New Unique Individual
WW-NJ-002_video_02.mp4,8/8/2026 15:33,"68F, Clear",3.34,Low - mixed lawn flowers,4m to wood pile,15,"1.2m height, 50-deg downward",73,1802,2418,20.58,bee_crops/WW-NJ-002_video_02_track_73.jpg,BEE_EVENT_1065,0,New Unique Individual
PL-NJ-004_video_08.mp4,8/4/2026 11:10,"80F, Partly Cloudy",2.7,Low - mixed lawn flowers,4m to wood pile,15,"0.8m height, 45-deg downward",30,1401,1659,8.63,bee_crops/PL-NJ-004_video_08_track_30.jpg,BEE_EVENT_1066,0,New Unique Individual
WW-NJ-004_video_07.mp4,8/26/2026 11:56,"82F, Clear",3.63,High - bee balm,6m to dead stems,15,"1.0m height, 45-deg downward",10,70,214,4.83,bee_crops/WW-NJ-004_video_07_track_10.jpg,BEE_EVENT_1067,0.326,New Unique Individual
PL-NJ-005_video_03.mp4,7/15/2026 16:12,"74F, Partly Cloudy",3.36,High - bee balm,2m to bare soil,15,"0.9m height, 40-deg downward",22,745,1066,10.72,bee_crops/PL-NJ-005_video_03_track_22.jpg,BEE_EVENT_1068,0.401,New Unique Individual
WW-NJ-003_video_02.mp4,8/6/2026 10:38,"78F, Cloudy",3.71,High - goldenrod,1m to bare soil,15,"0.8m height, 45-deg downward",65,4693,5301,20.31,bee_crops/WW-NJ-003_video_02_track_65.jpg,BEE_EVENT_1069,0,New Unique Individual
PL-NJ-004_video_06.mp4,8/5/2026 10:51,"82F, Partly Cloudy",3.62,Low - mixed lawn flowers,8m to brush edge,15,"0.8m height, 45-deg downward",49,4822,5195,12.46,bee_crops/PL-NJ-004_video_06_track_49.jpg,BEE_EVENT_1070,0,New Unique Individual
WW-NJ-001_video_01.mp4,9/1/2026 14:20,"74F, Cloudy",2.51,Low - mixed lawn flowers,6m to dead stems,15,"1.0m height, 45-deg downward",66,3922,4013,3.07,bee_crops/WW-NJ-001_video_01_track_66.jpg,BEE_EVENT_1071,0,New Unique Individual
PL-NJ-003_video_03.mp4,9/4/2026 13:26,"84F, Partly Cloudy",3.57,High - coneflower,8m to brush edge,15,"0.9m height, 40-deg downward",21,2548,2738,6.36,bee_crops/PL-NJ-003_video_03_track_21.jpg,BEE_EVENT_1071,0.78,Re-entry (P=78%)
WW-NJ-005_video_09.mp4,7/23/2026 12:13,"76F, Cloudy",0.99,High - coneflower,3m to bare soil,15,"1.0m height, 45-deg downward",17,1274,1561,9.61,bee_crops/WW-NJ-005_video_09_track_17.jpg,BEE_EVENT_1072,0,New Unique Individual
PL-NJ-004_video_02.mp4,7/19/2026 15:28,"68F, Sunny",2.73,High - milkweed,2m to bare soil,15,"0.8m height, 45-deg downward",82,4730,5092,12.11,bee_crops/PL-NJ-004_video_02_track_82.jpg,BEE_EVENT_1072,0.586,Re-entry (P=59%)
WW-NJ-003_video_04.mp4,9/7/2026 11:13,"70F, Clear",2.39,High - bee balm,8m to brush edge,15,"1.0m height, 45-deg downward",6,3596,3813,7.25,bee_crops/WW-NJ-003_video_04_track_6.jpg,BEE_EVENT_1073,0,New Unique Individual
WW-NJ-003_video_09.mp4,7/20/2026 15:26,"74F, Sunny",2.1,Medium - black-eyed Susan,3m to bare soil,15,"1.0m height, 45-deg downward",57,386,584,6.63,bee_crops/WW-NJ-003_video_09_track_57.jpg,BEE_EVENT_1074,0,New Unique Individual
PL-NJ-001_video_07.mp4,8/21/2026 10:44,"68F, Sunny",1.52,High - coneflower,4m to wood pile,15,"0.8m height, 45-deg downward",61,4402,5188,26.23,bee_crops/PL-NJ-001_video_07_track_61.jpg,BEE_EVENT_1075,0,New Unique Individual
PL-NJ-005_video_01.mp4,9/8/2026 11:42,"76F, Clear",1.5,High - goldenrod,1m to bare soil,15,"0.9m height, 40-deg downward",51,4350,4727,12.59,bee_crops/PL-NJ-005_video_01_track_51.jpg,BEE_EVENT_1076,0.448,New Unique Individual
WW-NJ-004_video_02.mp4,8/10/2026 16:05,"84F, Cloudy",0.98,Medium - black-eyed Susan,10m to woodland edge,15,"0.9m height, 40-deg downward",59,4105,4426,10.74,bee_crops/WW-NJ-004_video_02_track_59.jpg,BEE_EVENT_1077,0,New Unique Individual
WW-NJ-001_video_07.mp4,7/29/2026 15:14,"78F, Sunny",2.63,Medium - black-eyed Susan,3m to bare soil,15,"1.2m height, 50-deg downward",33,690,859,5.68,bee_crops/WW-NJ-001_video_07_track_33.jpg,BEE_EVENT_1078,0,New Unique Individual
WW-NJ-001_video_08.mp4,8/11/2026 15:17,"74F, Clear",2.73,High - milkweed,1m to bare soil,15,"1.2m height, 50-deg downward",83,2509,2628,3.99,bee_crops/WW-NJ-001_video_08_track_83.jpg,BEE_EVENT_1079,0,New Unique Individual
WW-NJ-003_video_08.mp4,7/27/2026 11:59,"70F, Clear",2.03,Medium - black-eyed Susan,2m to bare soil,15,"1.2m height, 50-deg downward",28,1384,1709,10.87,bee_crops/WW-NJ-003_video_08_track_28.jpg,BEE_EVENT_1080,0,New Unique Individual
WW-NJ-003_video_06.mp4,8/25/2026 14:22,"84F, Cloudy",1.12,Medium - mixed native wildflowers,6m to dead stems,15,"0.8m height, 45-deg downward",80,1240,1645,13.55,bee_crops/WW-NJ-003_video_06_track_80.jpg,BEE_EVENT_1081,0,New Unique Individual
WW-NJ-003_video_04.mp4,8/30/2026 13:57,"80F, Partly Cloudy",2.91,Low - mixed lawn flowers,2m to bare soil,15,"1.2m height, 50-deg downward",31,694,937,8.14,bee_crops/WW-NJ-003_video_04_track_31.jpg,BEE_EVENT_1082,0,New Unique Individual
WW-NJ-005_video_08.mp4,7/26/2026 14:47,"74F, Clear",1.97,High - milkweed,2m to bare soil,15,"0.8m height, 45-deg downward",31,472,849,12.61,bee_crops/WW-NJ-005_video_08_track_31.jpg,BEE_EVENT_1082,0.511,Re-entry (P=51%)
PL-NJ-004_video_08.mp4,8/9/2026 9:28,"80F, Cloudy",1.98,Medium - aster,3m to bare soil,15,"0.9m height, 40-deg downward",52,2188,2572,12.83,bee_crops/PL-NJ-004_video_08_track_52.jpg,BEE_EVENT_1083,0,New Unique Individual
WW-NJ-005_video_06.mp4,7/27/2026 14:20,"76F, Cloudy",1.99,Medium - aster,8m to brush edge,15,"0.9m height, 40-deg downward",9,3577,4001,14.18,bee_crops/WW-NJ-005_video_06_track_9.jpg,BEE_EVENT_1084,0,New Unique Individual
WW-NJ-005_video_03.mp4,7/20/2026 11:26,"68F, Clear",1.98,Medium - mixed native wildflowers,6m to dead stems,15,"0.8m height, 45-deg downward",44,2340,2430,3.04,bee_crops/WW-NJ-005_video_03_track_44.jpg,BEE_EVENT_1084,0.7,Re-entry (P=70%)
PL-NJ-001_video_10.mp4,8/8/2026 15:24,"68F, Clear",1.38,High - milkweed,2m to bare soil,15,"1.0m height, 45-deg downward",48,3660,3853,6.47,bee_crops/PL-NJ-001_video_10_track_48.jpg,BEE_EVENT_1085,0,New Unique Individual
PL-NJ-005_video_02.mp4,8/1/2026 11:29,"68F, Partly Cloudy",3.79,High - mountain mint,2m to bare soil,15,"1.0m height, 45-deg downward",54,1004,1342,11.31,bee_crops/PL-NJ-005_video_02_track_54.jpg,BEE_EVENT_1086,0,New Unique Individual
WW-NJ-005_video_06.mp4,8/3/2026 12:50,"74F, Partly Cloudy",2.25,Medium - black-eyed Susan,1m to bare soil,15,"0.8m height, 45-deg downward",4,458,710,8.43,bee_crops/WW-NJ-005_video_06_track_4.jpg,BEE_EVENT_1087,0,New Unique Individual
WW-NJ-002_video_08.mp4,8/17/2026 14:15,"78F, Sunny",3.78,High - coneflower,6m to dead stems,15,"1.2m height, 50-deg downward",41,1164,1549,12.86,bee_crops/WW-NJ-002_video_08_track_41.jpg,BEE_EVENT_1088,0.47,New Unique Individual
WW-NJ-005_video_03.mp4,8/11/2026 16:21,"68F, Cloudy",3.5,Medium - aster,2m to bare soil,15,"1.0m height, 45-deg downward",83,2188,2509,10.74,bee_crops/WW-NJ-005_video_03_track_83.jpg,BEE_EVENT_1089,0,New Unique Individual
WW-NJ-001_video_09.mp4,8/10/2026 14:52,"82F, Partly Cloudy",1.51,Medium - aster,6m to dead stems,15,"0.9m height, 40-deg downward",52,1210,1269,2.01,bee_crops/WW-NJ-001_video_09_track_52.jpg,BEE_EVENT_1090,0,New Unique Individual
PL-NJ-002_video_04.mp4,7/27/2026 16:05,"68F, Partly Cloudy",1.69,High - goldenrod,10m to woodland edge,15,"0.9m height, 40-deg downward",69,914,1413,16.66,bee_crops/PL-NJ-002_video_04_track_69.jpg,BEE_EVENT_1091,0.442,New Unique Individual
PL-NJ-004_video_01.mp4,7/17/2026 9:14,"72F, Clear",3.54,High - bee balm,2m to bare soil,15,"1.2m height, 50-deg downward",60,3964,4142,5.98,bee_crops/PL-NJ-004_video_01_track_60.jpg,BEE_EVENT_1092,0,New Unique Individual
WW-NJ-004_video_02.mp4,8/11/2026 9:43,"70F, Cloudy",1.53,Low - mixed lawn flowers,6m to dead stems,15,"0.8m height, 45-deg downward",64,2467,2606,4.66,bee_crops/WW-NJ-004_video_02_track_64.jpg,BEE_EVENT_1093,0,New Unique Individual
WW-NJ-001_video_04.mp4,7/22/2026 12:29,"84F, Partly Cloudy",1.91,High - bee balm,8m to brush edge,15,"0.8m height, 45-deg downward",77,5099,5586,16.26,bee_crops/WW-NJ-001_video_04_track_77.jpg,BEE_EVENT_1094,0,New Unique Individual
PL-NJ-005_video_08.mp4,9/3/2026 12:27,"78F, Partly Cloudy",3.1,Low - mixed lawn flowers,2m to bare soil,15,"1.0m height, 45-deg downward",20,1048,1413,12.2,bee_crops/PL-NJ-005_video_08_track_20.jpg,BEE_EVENT_1095,0,New Unique Individual
PL-NJ-003_video_04.mp4,8/28/2026 12:38,"76F, Cloudy",2.75,High - goldenrod,8m to brush edge,15,"1.0m height, 45-deg downward",46,4943,5480,17.95,bee_crops/PL-NJ-003_video_04_track_46.jpg,BEE_EVENT_1095,0.678,Re-entry (P=68%)
PL-NJ-004_video_06.mp4,7/17/2026 16:30,"82F, Partly Cloudy",3.7,Medium - mixed native wildflowers,4m to wood pile,15,"0.9m height, 40-deg downward",16,751,1040,9.68,bee_crops/PL-NJ-004_video_06_track_16.jpg,BEE_EVENT_1096,0,New Unique Individual
WW-NJ-003_video_04.mp4,8/8/2026 9:11,"80F, Clear",2.37,High - bee balm,8m to brush edge,15,"1.0m height, 45-deg downward",72,116,308,6.42,bee_crops/WW-NJ-003_video_04_track_72.jpg,BEE_EVENT_1097,0,New Unique Individual
WW-NJ-003_video_02.mp4,9/7/2026 16:47,"84F, Cloudy",2.19,High - mountain mint,4m to wood pile,15,"1.0m height, 45-deg downward",42,5164,5432,8.96,bee_crops/WW-NJ-003_video_02_track_42.jpg,BEE_EVENT_1098,0,New Unique Individual
WW-NJ-005_video_03.mp4,7/24/2026 12:18,"84F, Sunny",1.25,High - bee balm,10m to woodland edge,15,"1.2m height, 50-deg downward",33,1252,1376,4.18,bee_crops/WW-NJ-005_video_03_track_33.jpg,BEE_EVENT_1099,0,New Unique Individual
PL-NJ-001_video_09.mp4,8/26/2026 11:50,"78F, Sunny",3.55,High - bee balm,4m to wood pile,15,"1.0m height, 45-deg downward",80,5172,5273,3.39,bee_crops/PL-NJ-001_video_09_track_80.jpg,BEE_EVENT_1100,0,New Unique Individual
PL-NJ-001_video_04.mp4,8/7/2026 9:29,"74F, Sunny",3.47,Medium - aster,6m to dead stems,15,"0.8m height, 45-deg downward",35,1985,2147,5.42,bee_crops/PL-NJ-001_video_04_track_35.jpg,BEE_EVENT_1101,0,New Unique Individual
PL-NJ-003_video_05.mp4,7/21/2026 12:05,"84F, Sunny",2.94,High - milkweed,8m to brush edge,15,"1.2m height, 50-deg downward",20,3978,4641,22.13,bee_crops/PL-NJ-003_video_05_track_20.jpg,BEE_EVENT_1101,0.567,Re-entry (P=57%)
PL-NJ-002_video_03.mp4,8/9/2026 9:37,"82F, Cloudy",2.92,High - milkweed,1m to bare soil,15,"1.2m height, 50-deg downward",36,2350,2522,5.76,bee_crops/PL-NJ-002_video_03_track_36.jpg,BEE_EVENT_1102,0,New Unique Individual
WW-NJ-001_video_06.mp4,8/4/2026 13:41,"78F, Cloudy",3.36,High - coneflower,8m to brush edge,15,"1.2m height, 50-deg downward",10,596,676,2.69,bee_crops/WW-NJ-001_video_06_track_10.jpg,BEE_EVENT_1103,0.42,New Unique Individual
PL-NJ-001_video_07.mp4,8/1/2026 9:41,"74F, Cloudy",2.64,Medium - black-eyed Susan,6m to dead stems,15,"0.9m height, 40-deg downward",46,749,969,7.38,bee_crops/PL-NJ-001_video_07_track_46.jpg,BEE_EVENT_1104,0,New Unique Individual
WW-NJ-001_video_08.mp4,9/4/2026 9:56,"80F, Sunny",0.86,High - bee balm,1m to bare soil,15,"0.9m height, 40-deg downward",13,1124,1295,5.72,bee_crops/WW-NJ-001_video_08_track_13.jpg,BEE_EVENT_1104,0.587,Re-entry (P=59%)
WW-NJ-002_video_04.mp4,8/20/2026 12:53,"80F, Cloudy",3.7,Low - mixed lawn flowers,4m to wood pile,15,"0.8m height, 45-deg downward",73,3523,4028,16.88,bee_crops/WW-NJ-002_video_04_track_73.jpg,BEE_EVENT_1105,0,New Unique Individual
PL-NJ-003_video_04.mp4,7/19/2026 11:32,"70F, Partly Cloudy",3.66,High - milkweed,4m to wood pile,15,"0.9m height, 40-deg downward",4,4019,4646,20.94,bee_crops/PL-NJ-003_video_04_track_4.jpg,BEE_EVENT_1106,0,New Unique Individual
PL-NJ-001_video_10.mp4,8/17/2026 16:46,"74F, Partly Cloudy",2.15,High - milkweed,1m to bare soil,15,"0.8m height, 45-deg downward",81,4463,4649,6.24,bee_crops/PL-NJ-001_video_10_track_81.jpg,BEE_EVENT_1107,0,New Unique Individual
PL-NJ-001_video_05.mp4,7/27/2026 9:37,"74F, Partly Cloudy",2.84,High - bee balm,1m to bare soil,15,"1.0m height, 45-deg downward",16,4737,5026,9.67,bee_crops/PL-NJ-001_video_05_track_16.jpg,BEE_EVENT_1108,0,New Unique Individual
PL-NJ-001_video_01.mp4,9/2/2026 14:36,"82F, Cloudy",1.67,High - mountain mint,1m to bare soil,15,"0.8m height, 45-deg downward",1,3098,3403,10.21,bee_crops/PL-NJ-001_video_01_track_1.jpg,BEE_EVENT_1109,0.41,New Unique Individual
WW-NJ-005_video_05.mp4,8/18/2026 15:36,"82F, Sunny",1.75,Medium - aster,4m to wood pile,15,"1.0m height, 45-deg downward",50,3285,3521,7.91,bee_crops/WW-NJ-005_video_05_track_50.jpg,BEE_EVENT_1110,0,New Unique Individual
PL-NJ-002_video_01.mp4,7/31/2026 14:07,"78F, Cloudy",2.1,Medium - clover,2m to bare soil,15,"0.8m height, 45-deg downward",76,189,399,7.03,bee_crops/PL-NJ-002_video_01_track_76.jpg,BEE_EVENT_1111,0,New Unique Individual
WW-NJ-005_video_10.mp4,8/11/2026 11:34,"78F, Cloudy",1.05,Low - mixed lawn flowers,2m to bare soil,15,"1.2m height, 50-deg downward",27,3616,3749,4.48,bee_crops/WW-NJ-005_video_10_track_27.jpg,BEE_EVENT_1111,0.605,Re-entry (P=60%)
WW-NJ-001_video_03.mp4,8/7/2026 14:12,"80F, Cloudy",2.49,Medium - aster,3m to bare soil,15,"1.0m height, 45-deg downward",11,1324,1397,2.46,bee_crops/WW-NJ-001_video_03_track_11.jpg,BEE_EVENT_1112,0,New Unique Individual
PL-NJ-005_video_05.mp4,8/17/2026 14:44,"80F, Partly Cloudy",1.92,High - mountain mint,3m to bare soil,15,"1.2m height, 50-deg downward",34,3224,3357,4.46,bee_crops/PL-NJ-005_video_05_track_34.jpg,BEE_EVENT_1113,0,New Unique Individual
WW-NJ-005_video_04.mp4,8/3/2026 13:55,"70F, Partly Cloudy",3.33,High - mountain mint,10m to woodland edge,15,"1.0m height, 45-deg downward",34,598,829,7.74,bee_crops/WW-NJ-005_video_04_track_34.jpg,BEE_EVENT_1114,0,New Unique Individual
PL-NJ-003_video_05.mp4,7/29/2026 13:31,"72F, Partly Cloudy",0.85,Medium - mixed native wildflowers,1m to bare soil,15,"1.2m height, 50-deg downward",65,2162,2256,3.18,bee_crops/PL-NJ-003_video_05_track_65.jpg,BEE_EVENT_1115,0,New Unique Individual
PL-NJ-005_video_08.mp4,8/30/2026 12:41,"76F, Partly Cloudy",2.86,Medium - mixed native wildflowers,2m to bare soil,15,"0.8m height, 45-deg downward",2,4368,4647,9.34,bee_crops/PL-NJ-005_video_08_track_2.jpg,BEE_EVENT_1116,0,New Unique Individual
PL-NJ-005_video_08.mp4,7/23/2026 9:49,"68F, Clear",1.17,Medium - aster,3m to bare soil,15,"1.2m height, 50-deg downward",25,1420,1675,8.54,bee_crops/PL-NJ-005_video_08_track_25.jpg,BEE_EVENT_1117,0,New Unique Individual
PL-NJ-002_video_06.mp4,8/5/2026 16:56,"68F, Sunny",1.22,High - bee balm,1m to bare soil,15,"1.2m height, 50-deg downward",36,4798,4969,5.72,bee_crops/PL-NJ-002_video_06_track_36.jpg,BEE_EVENT_1118,0,New Unique Individual
WW-NJ-005_video_07.mp4,7/19/2026 11:51,"68F, Clear",1.52,High - goldenrod,1m to bare soil,15,"1.0m height, 45-deg downward",15,5005,5209,6.84,bee_crops/WW-NJ-005_video_07_track_15.jpg,BEE_EVENT_1119,0.469,New Unique Individual
PL-NJ-002_video_06.mp4,8/17/2026 15:17,"68F, Sunny",2.66,Medium - aster,6m to dead stems,15,"1.0m height, 45-deg downward",9,2710,2814,3.51,bee_crops/PL-NJ-002_video_06_track_9.jpg,BEE_EVENT_1119,0.663,Re-entry (P=66%)
WW-NJ-005_video_06.mp4,8/9/2026 15:19,"84F, Sunny",1.03,Medium - mixed native wildflowers,2m to bare soil,15,"1.2m height, 50-deg downward",24,694,1113,14,bee_crops/WW-NJ-005_video_06_track_24.jpg,BEE_EVENT_1120,0.465,New Unique Individual
WW-NJ-003_video_01.mp4,9/7/2026 12:17,"76F, Partly Cloudy",2.26,High - bee balm,8m to brush edge,15,"0.8m height, 45-deg downward",3,2540,2954,13.84,bee_crops/WW-NJ-003_video_01_track_3.jpg,BEE_EVENT_1121,0,New Unique Individual
PL-NJ-003_video_10.mp4,8/10/2026 15:55,"84F, Partly Cloudy",3.46,High - goldenrod,6m to dead stems,15,"1.2m height, 50-deg downward",49,4426,4541,3.87,bee_crops/PL-NJ-003_video_10_track_49.jpg,BEE_EVENT_1122,0,New Unique Individual
WW-NJ-001_video_03.mp4,9/4/2026 10:46,"70F, Clear",2.2,High - mountain mint,2m to bare soil,15,"0.8m height, 45-deg downward",39,3992,4109,3.94,bee_crops/WW-NJ-001_video_03_track_39.jpg,BEE_EVENT_1122,0.733,Re-entry (P=73%)
PL-NJ-004_video_06.mp4,7/18/2026 11:15,"80F, Clear",2.75,High - mountain mint,2m to bare soil,15,"0.9m height, 40-deg downward",44,4581,4715,4.5,bee_crops/PL-NJ-004_video_06_track_44.jpg,BEE_EVENT_1123,0,New Unique Individual
WW-NJ-003_video_04.mp4,7/27/2026 11:38,"68F, Sunny",2.8,High - milkweed,2m to bare soil,15,"1.2m height, 50-deg downward",52,1256,1606,11.69,bee_crops/WW-NJ-003_video_04_track_52.jpg,BEE_EVENT_1124,0,New Unique Individual
WW-NJ-002_video_04.mp4,7/28/2026 9:19,"80F, Cloudy",1.5,High - mountain mint,1m to bare soil,15,"0.8m height, 45-deg downward",55,180,485,10.19,bee_crops/WW-NJ-002_video_04_track_55.jpg,BEE_EVENT_1125,0,New Unique Individual
PL-NJ-001_video_01.mp4,8/12/2026 15:14,"78F, Sunny",2.75,Medium - clover,2m to bare soil,15,"1.2m height, 50-deg downward",83,3919,4402,16.13,bee_crops/PL-NJ-001_video_01_track_83.jpg,BEE_EVENT_1126,0,New Unique Individual
WW-NJ-001_video_02.mp4,7/26/2026 12:52,"82F, Partly Cloudy",2.58,High - mountain mint,1m to bare soil,15,"1.0m height, 45-deg downward",35,4766,5289,17.47,bee_crops/WW-NJ-001_video_02_track_35.jpg,BEE_EVENT_1127,0,New Unique Individual
WW-NJ-003_video_01.mp4,7/23/2026 13:34,"68F, Cloudy",3.83,Low - mixed lawn flowers,8m to brush edge,15,"1.0m height, 45-deg downward",21,558,648,3.02,bee_crops/WW-NJ-003_video_01_track_21.jpg,BEE_EVENT_1128,0,New Unique Individual
WW-NJ-003_video_05.mp4,7/18/2026 14:08,"76F, Sunny",3.41,Medium - black-eyed Susan,10m to woodland edge,15,"0.9m height, 40-deg downward",83,3600,3941,11.41,bee_crops/WW-NJ-003_video_05_track_83.jpg,BEE_EVENT_1129,0,New Unique Individual
PL-NJ-003_video_06.mp4,9/5/2026 13:31,"72F, Sunny",2.79,Low - mixed lawn flowers,4m to wood pile,15,"1.2m height, 50-deg downward",82,868,1376,16.96,bee_crops/PL-NJ-003_video_06_track_82.jpg,BEE_EVENT_1130,0,New Unique Individual
PL-NJ-004_video_08.mp4,7/24/2026 16:45,"72F, Clear",1.89,High - coneflower,6m to dead stems,15,"0.8m height, 45-deg downward",75,1216,1412,6.57,bee_crops/PL-NJ-004_video_08_track_75.jpg,BEE_EVENT_1131,0,New Unique Individual
PL-NJ-001_video_07.mp4,8/9/2026 13:50,"74F, Partly Cloudy",3.73,High - bee balm,8m to brush edge,15,"1.0m height, 45-deg downward",58,2087,2327,8.04,bee_crops/PL-NJ-001_video_07_track_58.jpg,BEE_EVENT_1132,0,New Unique Individual
WW-NJ-002_video_03.mp4,7/21/2026 11:10,"84F, Sunny",3.93,High - coneflower,2m to bare soil,15,"1.2m height, 50-deg downward",71,705,923,7.29,bee_crops/WW-NJ-002_video_03_track_71.jpg,BEE_EVENT_1133,0,New Unique Individual
PL-NJ-005_video_01.mp4,8/26/2026 10:34,"76F, Partly Cloudy",3.56,Medium - aster,6m to dead stems,15,"1.0m height, 45-deg downward",46,406,630,7.5,bee_crops/PL-NJ-005_video_01_track_46.jpg,BEE_EVENT_1134,0.378,New Unique Individual
PL-NJ-001_video_03.mp4,8/22/2026 14:52,"72F, Cloudy",2.38,High - bee balm,4m to wood pile,15,"1.2m height, 50-deg downward",32,897,1315,13.97,bee_crops/PL-NJ-001_video_03_track_32.jpg,BEE_EVENT_1134,0.668,Re-entry (P=67%)
PL-NJ-001_video_05.mp4,7/24/2026 11:12,"76F, Partly Cloudy",1.36,Medium - clover,2m to bare soil,15,"0.8m height, 45-deg downward",70,3078,3841,25.46,bee_crops/PL-NJ-001_video_05_track_70.jpg,BEE_EVENT_1135,0,New Unique Individual
WW-NJ-004_video_05.mp4,8/2/2026 13:33,"82F, Sunny",1.78,Medium - mixed native wildflowers,3m to bare soil,15,"0.9m height, 40-deg downward",3,152,752,20.04,bee_crops/WW-NJ-004_video_05_track_3.jpg,BEE_EVENT_1136,0,New Unique Individual
WW-NJ-001_video_06.mp4,8/23/2026 15:54,"78F, Cloudy",2.99,High - coneflower,4m to wood pile,15,"1.2m height, 50-deg downward",80,4158,4334,5.89,bee_crops/WW-NJ-001_video_06_track_80.jpg,BEE_EVENT_1137,0,New Unique Individual
WW-NJ-003_video_07.mp4,8/11/2026 12:15,"74F, Partly Cloudy",3.17,Medium - black-eyed Susan,4m to wood pile,15,"0.9m height, 40-deg downward",61,4897,5187,9.69,bee_crops/WW-NJ-003_video_07_track_61.jpg,BEE_EVENT_1138,0,New Unique Individual
WW-NJ-003_video_03.mp4,8/6/2026 11:06,"78F, Partly Cloudy",1.06,Medium - black-eyed Susan,10m to woodland edge,15,"1.0m height, 45-deg downward",4,3428,3574,4.91,bee_crops/WW-NJ-003_video_03_track_4.jpg,BEE_EVENT_1139,0,New Unique Individual
PL-NJ-005_video_03.mp4,7/24/2026 13:12,"74F, Partly Cloudy",1.83,Medium - black-eyed Susan,6m to dead stems,15,"1.2m height, 50-deg downward",41,585,740,5.21,bee_crops/PL-NJ-005_video_03_track_41.jpg,BEE_EVENT_1140,0,New Unique Individual
PL-NJ-005_video_07.mp4,7/29/2026 15:20,"80F, Clear",2.94,High - bee balm,8m to brush edge,15,"1.0m height, 45-deg downward",6,3796,4030,7.82,bee_crops/PL-NJ-005_video_07_track_6.jpg,BEE_EVENT_1141,0,New Unique Individual
WW-NJ-002_video_06.mp4,8/26/2026 13:44,"78F, Partly Cloudy",0.89,Medium - mixed native wildflowers,2m to bare soil,15,"0.8m height, 45-deg downward",29,4214,4367,5.13,bee_crops/WW-NJ-002_video_06_track_29.jpg,BEE_EVENT_1142,0,New Unique Individual
WW-NJ-001_video_01.mp4,8/1/2026 12:50,"72F, Sunny",1.01,High - coneflower,10m to woodland edge,15,"1.0m height, 45-deg downward",10,1287,1454,5.6,bee_crops/WW-NJ-001_video_01_track_10.jpg,BEE_EVENT_1143,0,New Unique Individual
WW-NJ-005_video_09.mp4,8/26/2026 10:50,"84F, Cloudy",2.52,Medium - black-eyed Susan,4m to wood pile,15,"1.2m height, 50-deg downward",2,3052,3337,9.54,bee_crops/WW-NJ-005_video_09_track_2.jpg,BEE_EVENT_1143,0.509,Re-entry (P=51%)
WW-NJ-005_video_09.mp4,8/18/2026 9:29,"68F, Cloudy",3.96,High - bee balm,2m to bare soil,15,"0.9m height, 40-deg downward",57,2534,2872,11.3,bee_crops/WW-NJ-005_video_09_track_57.jpg,BEE_EVENT_1144,0,New Unique Individual
PL-NJ-003_video_04.mp4,9/6/2026 14:38,"80F, Cloudy",3.28,Medium - black-eyed Susan,8m to brush edge,15,"1.2m height, 50-deg downward",16,2682,3014,11.1,bee_crops/PL-NJ-003_video_04_track_16.jpg,BEE_EVENT_1145,0,New Unique Individual
WW-NJ-003_video_04.mp4,8/2/2026 11:12,"72F, Sunny",1.25,Medium - black-eyed Susan,2m to bare soil,15,"1.0m height, 45-deg downward",3,5002,5336,11.17,bee_crops/WW-NJ-003_video_04_track_3.jpg,BEE_EVENT_1146,0,New Unique Individual
WW-NJ-002_video_01.mp4,8/2/2026 11:44,"76F, Sunny",2.5,High - coneflower,1m to bare soil,15,"0.9m height, 40-deg downward",79,2073,2182,3.65,bee_crops/WW-NJ-002_video_01_track_79.jpg,BEE_EVENT_1147,0,New Unique Individual
PL-NJ-002_video_10.mp4,8/23/2026 13:41,"84F, Sunny",1.11,High - bee balm,8m to brush edge,15,"0.8m height, 45-deg downward",8,4316,4464,4.97,bee_crops/PL-NJ-002_video_10_track_8.jpg,BEE_EVENT_1147,0.598,Re-entry (P=60%)
WW-NJ-003_video_01.mp4,7/18/2026 9:27,"78F, Cloudy",3.19,Medium - mixed native wildflowers,2m to bare soil,15,"0.8m height, 45-deg downward",1,1612,1862,8.37,bee_crops/WW-NJ-003_video_01_track_1.jpg,BEE_EVENT_1148,0,New Unique Individual
WW-NJ-001_video_06.mp4,9/4/2026 11:22,"84F, Clear",3.64,High - milkweed,6m to dead stems,15,"1.0m height, 45-deg downward",54,2002,2493,16.4,bee_crops/WW-NJ-001_video_06_track_54.jpg,BEE_EVENT_1149,0,New Unique Individual
PL-NJ-005_video_03.mp4,8/26/2026 9:08,"72F, Cloudy",2.07,Medium - black-eyed Susan,2m to bare soil,15,"1.0m height, 45-deg downward",23,3696,4834,37.96,bee_crops/PL-NJ-005_video_03_track_23.jpg,BEE_EVENT_1150,0,New Unique Individual
WW-NJ-004_video_09.mp4,8/23/2026 15:48,"80F, Clear",1.49,Medium - aster,8m to brush edge,15,"0.8m height, 45-deg downward",81,1670,1967,9.95,bee_crops/WW-NJ-004_video_09_track_81.jpg,BEE_EVENT_1151,0,New Unique Individual
PL-NJ-002_video_03.mp4,8/9/2026 16:11,"70F, Sunny",2.19,High - mountain mint,2m to bare soil,15,"1.0m height, 45-deg downward",85,2031,2422,13.05,bee_crops/PL-NJ-002_video_03_track_85.jpg,BEE_EVENT_1152,0,New Unique Individual
WW-NJ-003_video_04.mp4,7/29/2026 11:11,"78F, Cloudy",3.52,High - milkweed,8m to brush edge,15,"0.8m height, 45-deg downward",68,4429,4531,3.42,bee_crops/WW-NJ-003_video_04_track_68.jpg,BEE_EVENT_1153,0,New Unique Individual
WW-NJ-001_video_07.mp4,8/14/2026 16:29,"78F, Sunny",2.88,Medium - black-eyed Susan,8m to brush edge,15,"0.8m height, 45-deg downward",84,779,1162,12.81,bee_crops/WW-NJ-001_video_07_track_84.jpg,BEE_EVENT_1154,0,New Unique Individual
WW-NJ-004_video_02.mp4,8/23/2026 11:34,"70F, Sunny",2.22,Medium - black-eyed Susan,3m to bare soil,15,"0.9m height, 40-deg downward",75,4971,5865,29.82,bee_crops/WW-NJ-004_video_02_track_75.jpg,BEE_EVENT_1155,0,New Unique Individual
WW-NJ-004_video_09.mp4,8/28/2026 13:27,"72F, Cloudy",1.37,High - goldenrod,3m to bare soil,15,"0.9m height, 40-deg downward",69,4076,4224,4.96,bee_crops/WW-NJ-004_video_09_track_69.jpg,BEE_EVENT_1156,0,New Unique Individual
WW-NJ-003_video_10.mp4,9/8/2026 14:41,"74F, Partly Cloudy",1.24,Medium - aster,3m to bare soil,15,"1.2m height, 50-deg downward",29,772,942,5.71,bee_crops/WW-NJ-003_video_10_track_29.jpg,BEE_EVENT_1157,0,New Unique Individual
PL-NJ-002_video_01.mp4,9/1/2026 16:52,"68F, Clear",3.64,Low - mixed lawn flowers,8m to brush edge,15,"0.9m height, 40-deg downward",19,2441,2868,14.28,bee_crops/PL-NJ-002_video_01_track_19.jpg,BEE_EVENT_1158,0,New Unique Individual
PL-NJ-002_video_07.mp4,8/21/2026 13:09,"82F, Sunny",2.64,Medium - black-eyed Susan,6m to dead stems,15,"0.9m height, 40-deg downward",40,3588,3836,8.3,bee_crops/PL-NJ-002_video_07_track_40.jpg,BEE_EVENT_1159,0,New Unique Individual
PL-NJ-003_video_05.mp4,8/19/2026 14:48,"80F, Sunny",3.52,High - mountain mint,6m to dead stems,15,"1.0m height, 45-deg downward",78,5062,5131,2.34,bee_crops/PL-NJ-003_video_05_track_78.jpg,BEE_EVENT_1160,0,New Unique Individual
WW-NJ-005_video_02.mp4,8/10/2026 16:20,"78F, Cloudy",3.48,Medium - mixed native wildflowers,8m to brush edge,15,"0.8m height, 45-deg downward",49,2368,2545,5.93,bee_crops/WW-NJ-005_video_02_track_49.jpg,BEE_EVENT_1161,0,New Unique Individual
PL-NJ-005_video_09.mp4,7/16/2026 13:23,"72F, Sunny",0.83,Low - mixed lawn flowers,3m to bare soil,15,"1.0m height, 45-deg downward",16,2589,3214,20.87,bee_crops/PL-NJ-005_video_09_track_16.jpg,BEE_EVENT_1162,0,New Unique Individual
WW-NJ-001_video_03.mp4,8/9/2026 11:34,"84F, Sunny",2.07,High - mountain mint,10m to woodland edge,15,"1.0m height, 45-deg downward",35,321,524,6.81,bee_crops/WW-NJ-001_video_03_track_35.jpg,BEE_EVENT_1163,0,New Unique Individual
WW-NJ-005_video_06.mp4,8/17/2026 10:54,"84F, Sunny",0.8,Medium - mixed native wildflowers,3m to bare soil,15,"0.9m height, 40-deg downward",40,1815,2018,6.81,bee_crops/WW-NJ-005_video_06_track_40.jpg,BEE_EVENT_1164,0,New Unique Individual
PL-NJ-004_video_09.mp4,7/30/2026 16:21,"74F, Partly Cloudy",2.57,Medium - black-eyed Susan,4m to wood pile,15,"1.2m height, 50-deg downward",2,869,1278,13.65,bee_crops/PL-NJ-004_video_09_track_2.jpg,BEE_EVENT_1164,0.601,Re-entry (P=60%)
PL-NJ-002_video_07.mp4,7/21/2026 14:46,"80F, Sunny",0.86,Medium - clover,6m to dead stems,15,"1.2m height, 50-deg downward",73,1666,1971,10.19,bee_crops/PL-NJ-002_video_07_track_73.jpg,BEE_EVENT_1164,0.557,Re-entry (P=56%)
WW-NJ-005_video_07.mp4,8/12/2026 9:37,"70F, Partly Cloudy",3.72,High - goldenrod,4m to wood pile,15,"0.8m height, 45-deg downward",4,3931,4127,6.58,bee_crops/WW-NJ-005_video_07_track_4.jpg,BEE_EVENT_1165,0.481,New Unique Individual
WW-NJ-002_video_01.mp4,7/29/2026 13:23,"72F, Cloudy",3.84,High - mountain mint,4m to wood pile,15,"1.2m height, 50-deg downward",44,2483,2647,5.49,bee_crops/WW-NJ-002_video_01_track_44.jpg,BEE_EVENT_1166,0,New Unique Individual
PL-NJ-004_video_07.mp4,9/5/2026 14:15,"72F, Sunny",3.81,Medium - black-eyed Susan,3m to bare soil,15,"1.2m height, 50-deg downward",79,2465,4130,55.53,bee_crops/PL-NJ-004_video_07_track_79.jpg,BEE_EVENT_1167,0,New Unique Individual
PL-NJ-003_video_03.mp4,8/4/2026 15:54,"70F, Clear",1.39,High - bee balm,2m to bare soil,15,"1.0m height, 45-deg downward",82,1461,2010,18.34,bee_crops/PL-NJ-003_video_03_track_82.jpg,BEE_EVENT_1168,0,New Unique Individual
WW-NJ-005_video_08.mp4,9/3/2026 9:21,"76F, Clear",1.78,Medium - black-eyed Susan,3m to bare soil,15,"1.0m height, 45-deg downward",77,4088,4422,11.17,bee_crops/WW-NJ-005_video_08_track_77.jpg,BEE_EVENT_1169,0,New Unique Individual
WW-NJ-003_video_02.mp4,9/7/2026 12:39,"70F, Clear",1.8,Medium - aster,3m to bare soil,15,"1.2m height, 50-deg downward",28,1846,2195,11.65,bee_crops/WW-NJ-003_video_02_track_28.jpg,BEE_EVENT_1170,0.398,New Unique Individual
PL-NJ-005_video_01.mp4,7/15/2026 12:30,"70F, Partly Cloudy",2.91,High - coneflower,10m to woodland edge,15,"1.0m height, 45-deg downward",82,1047,1272,7.53,bee_crops/PL-NJ-005_video_01_track_82.jpg,BEE_EVENT_1171,0,New Unique Individual
PL-NJ-003_video_03.mp4,8/11/2026 13:39,"78F, Clear",2.55,High - milkweed,6m to dead stems,15,"1.2m height, 50-deg downward",22,5264,5566,10.11,bee_crops/PL-NJ-003_video_03_track_22.jpg,BEE_EVENT_1171,0.579,Re-entry (P=58%)
PL-NJ-001_video_03.mp4,8/29/2026 14:11,"78F, Clear",1.17,Medium - mixed native wildflowers,6m to dead stems,15,"0.8m height, 45-deg downward",58,3327,3537,7.03,bee_crops/PL-NJ-001_video_03_track_58.jpg,BEE_EVENT_1171,0.764,Re-entry (P=76%)
WW-NJ-001_video_06.mp4,8/3/2026 10:21,"82F, Clear",2.25,High - mountain mint,8m to brush edge,15,"1.0m height, 45-deg downward",46,3672,3812,4.7,bee_crops/WW-NJ-001_video_06_track_46.jpg,BEE_EVENT_1172,0,New Unique Individual
WW-NJ-005_video_08.mp4,9/8/2026 13:12,"76F, Partly Cloudy",1.18,Low - mixed lawn flowers,3m to bare soil,15,"1.2m height, 50-deg downward",78,3779,4089,10.37,bee_crops/WW-NJ-005_video_08_track_78.jpg,BEE_EVENT_1172,0.613,Re-entry (P=61%)
PL-NJ-004_video_01.mp4,7/29/2026 12:12,"70F, Partly Cloudy",1.5,High - coneflower,10m to woodland edge,15,"1.0m height, 45-deg downward",55,4341,4540,6.66,bee_crops/PL-NJ-004_video_01_track_55.jpg,BEE_EVENT_1173,0,New Unique Individual
PL-NJ-004_video_08.mp4,8/16/2026 11:56,"82F, Partly Cloudy",1.02,High - bee balm,1m to bare soil,15,"1.2m height, 50-deg downward",72,4562,4883,10.73,bee_crops/PL-NJ-004_video_08_track_72.jpg,BEE_EVENT_1174,0,New Unique Individual
PL-NJ-001_video_02.mp4,8/4/2026 11:12,"78F, Clear",3.01,Medium - black-eyed Susan,8m to brush edge,15,"1.0m height, 45-deg downward",62,3647,4010,12.12,bee_crops/PL-NJ-001_video_02_track_62.jpg,BEE_EVENT_1175,0,New Unique Individual
PL-NJ-004_video_01.mp4,7/21/2026 10:27,"76F, Cloudy",2.99,High - milkweed,4m to wood pile,15,"0.8m height, 45-deg downward",62,3481,3813,11.11,bee_crops/PL-NJ-004_video_01_track_62.jpg,BEE_EVENT_1176,0,New Unique Individual
PL-NJ-002_video_03.mp4,8/21/2026 15:42,"74F, Partly Cloudy",3.96,High - milkweed,6m to dead stems,15,"1.2m height, 50-deg downward",49,535,668,4.47,bee_crops/PL-NJ-002_video_03_track_49.jpg,BEE_EVENT_1177,0,New Unique Individual
PL-NJ-002_video_05.mp4,8/5/2026 9:44,"68F, Sunny",2.64,High - goldenrod,6m to dead stems,15,"1.2m height, 50-deg downward",62,4814,5000,6.23,bee_crops/PL-NJ-002_video_05_track_62.jpg,BEE_EVENT_1177,0.609,Re-entry (P=61%)
PL-NJ-001_video_03.mp4,7/21/2026 10:39,"76F, Partly Cloudy",2.11,Medium - mixed native wildflowers,8m to brush edge,15,"1.2m height, 50-deg downward",50,4870,5071,6.74,bee_crops/PL-NJ-001_video_03_track_50.jpg,BEE_EVENT_1178,0,New Unique Individual
PL-NJ-004_video_09.mp4,8/3/2026 16:42,"78F, Clear",2.2,Medium - mixed native wildflowers,8m to brush edge,15,"1.2m height, 50-deg downward",67,3037,3498,15.4,bee_crops/PL-NJ-004_video_09_track_67.jpg,BEE_EVENT_1178,0.658,Re-entry (P=66%)
PL-NJ-005_video_01.mp4,7/26/2026 11:09,"84F, Partly Cloudy",3.18,Medium - aster,3m to bare soil,15,"1.0m height, 45-deg downward",82,3614,4058,14.84,bee_crops/PL-NJ-005_video_01_track_82.jpg,BEE_EVENT_1179,0,New Unique Individual
PL-NJ-003_video_02.mp4,8/13/2026 9:26,"78F, Clear",2.49,High - mountain mint,10m to woodland edge,15,"1.0m height, 45-deg downward",55,4757,4910,5.15,bee_crops/PL-NJ-003_video_02_track_55.jpg,BEE_EVENT_1180,0,New Unique Individual
WW-NJ-003_video_09.mp4,8/9/2026 10:10,"74F, Cloudy",3.12,High - goldenrod,10m to woodland edge,15,"0.8m height, 45-deg downward",11,1493,1600,3.6,bee_crops/WW-NJ-003_video_09_track_11.jpg,BEE_EVENT_1181,0,New Unique Individual
PL-NJ-005_video_08.mp4,9/6/2026 10:22,"72F, Cloudy",2.64,High - goldenrod,4m to wood pile,15,"0.8m height, 45-deg downward",48,2758,3943,39.54,bee_crops/PL-NJ-005_video_08_track_48.jpg,BEE_EVENT_1182,0,New Unique Individual
PL-NJ-004_video_07.mp4,8/11/2026 12:19,"84F, Cloudy",1.09,Medium - clover,8m to brush edge,15,"0.8m height, 45-deg downward",41,3062,3386,10.82,bee_crops/PL-NJ-004_video_07_track_41.jpg,BEE_EVENT_1182,0.623,Re-entry (P=62%)
WW-NJ-002_video_02.mp4,8/20/2026 12:55,"84F, Cloudy",1.06,High - milkweed,3m to bare soil,15,"1.0m height, 45-deg downward",83,4789,4888,3.34,bee_crops/WW-NJ-002_video_02_track_83.jpg,BEE_EVENT_1183,0,New Unique Individual
PL-NJ-001_video_02.mp4,7/30/2026 15:07,"78F, Sunny",0.99,Medium - mixed native wildflowers,1m to bare soil,15,"1.2m height, 50-deg downward",42,4702,4871,5.66,bee_crops/PL-NJ-001_video_02_track_42.jpg,BEE_EVENT_1183,0.802,Re-entry (P=80%)
PL-NJ-003_video_04.mp4,8/9/2026 10:26,"80F, Cloudy",2.39,Medium - black-eyed Susan,1m to bare soil,15,"1.0m height, 45-deg downward",45,4350,4825,15.86,bee_crops/PL-NJ-003_video_04_track_45.jpg,BEE_EVENT_1184,0,New Unique Individual
PL-NJ-005_video_07.mp4,8/20/2026 12:18,"68F, Clear",1.57,Low - mixed lawn flowers,6m to dead stems,15,"1.2m height, 50-deg downward",56,2894,3845,31.74,bee_crops/PL-NJ-005_video_07_track_56.jpg,BEE_EVENT_1184,0.557,Re-entry (P=56%)
WW-NJ-004_video_02.mp4,8/25/2026 15:00,"82F, Clear",3.43,High - milkweed,3m to bare soil,15,"0.8m height, 45-deg downward",13,3161,3986,27.55,bee_crops/WW-NJ-004_video_02_track_13.jpg,BEE_EVENT_1185,0,New Unique Individual
WW-NJ-004_video_07.mp4,8/27/2026 9:47,"82F, Partly Cloudy",3.48,High - milkweed,4m to wood pile,15,"0.8m height, 45-deg downward",21,1098,1413,10.52,bee_crops/WW-NJ-004_video_07_track_21.jpg,BEE_EVENT_1186,0,New Unique Individual
PL-NJ-002_video_07.mp4,8/10/2026 9:26,"70F, Clear",1.74,Medium - mixed native wildflowers,3m to bare soil,15,"0.8m height, 45-deg downward",53,2043,2086,1.47,bee_crops/PL-NJ-002_video_07_track_53.jpg,BEE_EVENT_1187,0.397,New Unique Individual
PL-NJ-003_video_06.mp4,8/24/2026 12:26,"80F, Sunny",3.59,High - mountain mint,3m to bare soil,15,"0.8m height, 45-deg downward",5,4387,4631,8.18,bee_crops/PL-NJ-003_video_06_track_5.jpg,BEE_EVENT_1187,0.677,Re-entry (P=68%)
PL-NJ-003_video_04.mp4,7/15/2026 13:14,"72F, Clear",2.14,Medium - black-eyed Susan,8m to brush edge,15,"1.2m height, 50-deg downward",35,3987,4113,4.22,bee_crops/PL-NJ-003_video_04_track_35.jpg,BEE_EVENT_1188,0,New Unique Individual
PL-NJ-004_video_10.mp4,7/29/2026 14:55,"80F, Cloudy",3.77,Low - mixed lawn flowers,4m to wood pile,15,"0.9m height, 40-deg downward",34,1732,1990,8.63,bee_crops/PL-NJ-004_video_10_track_34.jpg,BEE_EVENT_1189,0,New Unique Individual
PL-NJ-005_video_01.mp4,8/20/2026 11:16,"84F, Clear",2.52,High - mountain mint,10m to woodland edge,15,"1.2m height, 50-deg downward",45,4143,4279,4.56,bee_crops/PL-NJ-005_video_01_track_45.jpg,BEE_EVENT_1190,0.403,New Unique Individual
PL-NJ-001_video_09.mp4,8/31/2026 16:13,"74F, Cloudy",1.19,High - mountain mint,10m to woodland edge,15,"0.8m height, 45-deg downward",14,4022,4209,6.26,bee_crops/PL-NJ-001_video_09_track_14.jpg,BEE_EVENT_1191,0,New Unique Individual
WW-NJ-005_video_01.mp4,7/27/2026 13:18,"70F, Partly Cloudy",2.41,Medium - mixed native wildflowers,6m to dead stems,15,"0.9m height, 40-deg downward",57,4839,5266,14.27,bee_crops/WW-NJ-005_video_01_track_57.jpg,BEE_EVENT_1192,0,New Unique Individual
PL-NJ-001_video_09.mp4,7/29/2026 12:18,"82F, Clear",1.71,Medium - aster,1m to bare soil,15,"1.0m height, 45-deg downward",2,3316,3525,7.01,bee_crops/PL-NJ-001_video_09_track_2.jpg,BEE_EVENT_1193,0,New Unique Individual
PL-NJ-005_video_02.mp4,8/6/2026 12:37,"72F, Cloudy",3.59,High - goldenrod,2m to bare soil,15,"1.2m height, 50-deg downward",34,5218,5419,6.72,bee_crops/PL-NJ-005_video_02_track_34.jpg,BEE_EVENT_1194,0,New Unique Individual
WW-NJ-001_video_05.mp4,7/19/2026 12:00,"68F, Cloudy",3.66,Low - mixed lawn flowers,4m to wood pile,15,"1.0m height, 45-deg downward",1,1906,2142,7.9,bee_crops/WW-NJ-001_video_05_track_1.jpg,BEE_EVENT_1194,0.806,Re-entry (P=81%)
PL-NJ-003_video_10.mp4,9/6/2026 13:11,"78F, Sunny",1.49,High - mountain mint,1m to bare soil,15,"0.9m height, 40-deg downward",79,4629,5974,44.86,bee_crops/PL-NJ-003_video_10_track_79.jpg,BEE_EVENT_1195,0,New Unique Individual
WW-NJ-003_video_03.mp4,9/1/2026 13:39,"82F, Cloudy",0.89,Medium - mixed native wildflowers,3m to bare soil,15,"0.9m height, 40-deg downward",27,3815,3933,3.96,bee_crops/WW-NJ-003_video_03_track_27.jpg,BEE_EVENT_1196,0.462,New Unique Individual
WW-NJ-005_video_03.mp4,7/26/2026 13:05,"72F, Sunny",3.46,High - milkweed,1m to bare soil,15,"0.8m height, 45-deg downward",5,2172,2465,9.8,bee_crops/WW-NJ-005_video_03_track_5.jpg,BEE_EVENT_1196,0.611,Re-entry (P=61%)
PL-NJ-002_video_04.mp4,7/18/2026 16:05,"72F, Partly Cloudy",2.55,Medium - aster,10m to woodland edge,15,"0.8m height, 45-deg downward",5,1224,1991,25.61,bee_crops/PL-NJ-002_video_04_track_5.jpg,BEE_EVENT_1197,0,New Unique Individual
WW-NJ-004_video_07.mp4,9/4/2026 15:51,"74F, Sunny",1.02,Medium - clover,1m to bare soil,15,"1.2m height, 50-deg downward",60,1111,1347,7.89,bee_crops/WW-NJ-004_video_07_track_60.jpg,BEE_EVENT_1198,0,New Unique Individual
PL-NJ-001_video_01.mp4,7/18/2026 10:36,"68F, Cloudy",1.24,Low - mixed lawn flowers,2m to bare soil,15,"0.9m height, 40-deg downward",12,1994,2536,18.09,bee_crops/PL-NJ-001_video_01_track_12.jpg,BEE_EVENT_1199,0.421,New Unique Individual
WW-NJ-003_video_03.mp4,7/20/2026 10:18,"68F, Sunny",3.4,Low - mixed lawn flowers,8m to brush edge,15,"0.9m height, 40-deg downward",64,4429,4532,3.46,bee_crops/WW-NJ-003_video_03_track_64.jpg,BEE_EVENT_1199,0.599,Re-entry (P=60%)
WW-NJ-005_video_06.mp4,9/8/2026 13:52,"70F, Sunny",3.34,Medium - aster,4m to wood pile,15,"0.8m height, 45-deg downward",59,3339,3553,7.16,bee_crops/WW-NJ-005_video_06_track_59.jpg,BEE_EVENT_1199,0.81,Re-entry (P=81%)
WW-NJ-003_video_04.mp4,9/1/2026 13:23,"70F, Sunny",1.39,High - bee balm,2m to bare soil,15,"1.2m height, 50-deg downward",24,1080,1225,4.85,bee_crops/WW-NJ-003_video_04_track_24.jpg,BEE_EVENT_1200,0.453,New Unique Individual
WW-NJ-003_video_01.mp4,8/21/2026 13:24,"72F, Sunny",3.35,Medium - aster,2m to bare soil,15,"1.0m height, 45-deg downward",54,3655,3889,7.84,bee_crops/WW-NJ-003_video_01_track_54.jpg,BEE_EVENT_1201,0,New Unique Individual
PL-NJ-001_video_06.mp4,7/21/2026 12:13,"76F, Partly Cloudy",2.11,Medium - aster,3m to bare soil,15,"1.2m height, 50-deg downward",46,3853,4090,7.94,bee_crops/PL-NJ-001_video_06_track_46.jpg,BEE_EVENT_1202,0,New Unique Individual
PL-NJ-001_video_02.mp4,8/8/2026 9:13,"78F, Partly Cloudy",1.14,High - coneflower,10m to woodland edge,15,"0.9m height, 40-deg downward",70,867,1120,8.48,bee_crops/PL-NJ-001_video_02_track_70.jpg,BEE_EVENT_1203,0,New Unique Individual
WW-NJ-005_video_10.mp4,9/4/2026 15:21,"80F, Partly Cloudy",2.58,Medium - mixed native wildflowers,4m to wood pile,15,"0.9m height, 40-deg downward",8,3924,4348,14.18,bee_crops/WW-NJ-005_video_10_track_8.jpg,BEE_EVENT_1204,0,New Unique Individual
PL-NJ-004_video_09.mp4,8/1/2026 13:34,"82F, Sunny",0.88,High - milkweed,6m to dead stems,15,"0.8m height, 45-deg downward",63,2121,2177,1.9,bee_crops/PL-NJ-004_video_09_track_63.jpg,BEE_EVENT_1205,0,New Unique Individual
PL-NJ-005_video_03.mp4,7/20/2026 15:24,"84F, Cloudy",0.96,Low - mixed lawn flowers,6m to dead stems,15,"1.0m height, 45-deg downward",26,358,522,5.5,bee_crops/PL-NJ-005_video_03_track_26.jpg,BEE_EVENT_1206,0,New Unique Individual
WW-NJ-004_video_05.mp4,8/18/2026 13:37,"84F, Sunny",1.67,High - goldenrod,2m to bare soil,15,"0.9m height, 40-deg downward",41,3581,3861,9.37,bee_crops/WW-NJ-004_video_05_track_41.jpg,BEE_EVENT_1207,0,New Unique Individual
WW-NJ-003_video_03.mp4,8/29/2026 9:15,"82F, Sunny",3.99,High - milkweed,3m to bare soil,15,"1.2m height, 50-deg downward",1,541,612,2.41,bee_crops/WW-NJ-003_video_03_track_1.jpg,BEE_EVENT_1208,0,New Unique Individual
WW-NJ-004_video_01.mp4,7/18/2026 9:06,"76F, Cloudy",2.46,High - milkweed,2m to bare soil,15,"0.8m height, 45-deg downward",79,4494,4860,12.22,bee_crops/WW-NJ-004_video_01_track_79.jpg,BEE_EVENT_1208,0.521,Re-entry (P=52%)
PL-NJ-005_video_02.mp4,7/22/2026 13:12,"70F, Partly Cloudy",3.35,High - goldenrod,10m to woodland edge,15,"1.0m height, 45-deg downward",18,3328,3490,5.44,bee_crops/PL-NJ-005_video_02_track_18.jpg,BEE_EVENT_1209,0,New Unique Individual
WW-NJ-004_video_08.mp4,8/31/2026 16:52,"84F, Clear",0.94,High - goldenrod,6m to dead stems,15,"0.8m height, 45-deg downward",71,5061,5277,7.24,bee_crops/WW-NJ-004_video_08_track_71.jpg,BEE_EVENT_1210,0,New Unique Individual
WW-NJ-005_video_07.mp4,7/30/2026 9:08,"84F, Partly Cloudy",3.75,Low - mixed lawn flowers,2m to bare soil,15,"0.9m height, 40-deg downward",16,189,627,14.63,bee_crops/WW-NJ-005_video_07_track_16.jpg,BEE_EVENT_1211,0,New Unique Individual
WW-NJ-004_video_08.mp4,7/20/2026 10:38,"84F, Clear",1.82,Low - mixed lawn flowers,3m to bare soil,15,"1.0m height, 45-deg downward",74,698,1258,18.7,bee_crops/WW-NJ-004_video_08_track_74.jpg,BEE_EVENT_1212,0,New Unique Individual
WW-NJ-005_video_03.mp4,7/16/2026 12:45,"70F, Partly Cloudy",3.38,High - goldenrod,3m to bare soil,15,"1.0m height, 45-deg downward",36,2129,2502,12.47,bee_crops/WW-NJ-005_video_03_track_36.jpg,BEE_EVENT_1213,0,New Unique Individual
WW-NJ-001_video_08.mp4,8/4/2026 15:41,"76F, Cloudy",2.71,High - mountain mint,4m to wood pile,15,"1.0m height, 45-deg downward",7,4975,5091,3.9,bee_crops/WW-NJ-001_video_08_track_7.jpg,BEE_EVENT_1213,0.595,Re-entry (P=60%)
WW-NJ-001_video_03.mp4,8/29/2026 10:49,"74F, Clear",1.29,High - bee balm,1m to bare soil,15,"1.0m height, 45-deg downward",51,4154,4515,12.05,bee_crops/WW-NJ-001_video_03_track_51.jpg,BEE_EVENT_1213,0.535,Re-entry (P=53%)
WW-NJ-002_video_08.mp4,7/31/2026 14:13,"74F, Clear",1.53,Medium - clover,2m to bare soil,15,"1.0m height, 45-deg downward",45,3831,4208,12.61,bee_crops/WW-NJ-002_video_08_track_45.jpg,BEE_EVENT_1214,0,New Unique Individual
WW-NJ-001_video_01.mp4,8/2/2026 10:15,"72F, Sunny",1.1,Medium - mixed native wildflowers,6m to dead stems,15,"0.8m height, 45-deg downward",54,5078,5407,10.99,bee_crops/WW-NJ-001_video_01_track_54.jpg,BEE_EVENT_1215,0,New Unique Individual
WW-NJ-003_video_06.mp4,8/6/2026 9:23,"68F, Partly Cloudy",1.17,High - goldenrod,2m to bare soil,15,"0.8m height, 45-deg downward",34,3257,3887,21.04,bee_crops/WW-NJ-003_video_06_track_34.jpg,BEE_EVENT_1216,0,New Unique Individual
WW-NJ-001_video_01.mp4,7/20/2026 11:40,"70F, Sunny",2.47,Medium - aster,8m to brush edge,15,"1.0m height, 45-deg downward",26,1985,2243,8.62,bee_crops/WW-NJ-001_video_01_track_26.jpg,BEE_EVENT_1217,0,New Unique Individual
WW-NJ-003_video_10.mp4,8/31/2026 15:09,"76F, Sunny",1.09,High - goldenrod,4m to wood pile,15,"0.9m height, 40-deg downward",56,2875,3487,20.43,bee_crops/WW-NJ-003_video_10_track_56.jpg,BEE_EVENT_1218,0,New Unique Individual
WW-NJ-004_video_05.mp4,8/3/2026 15:51,"72F, Cloudy",3.91,High - mountain mint,4m to wood pile,15,"1.0m height, 45-deg downward",82,377,986,20.33,bee_crops/WW-NJ-004_video_05_track_82.jpg,BEE_EVENT_1219,0,New Unique Individual
WW-NJ-001_video_02.mp4,8/23/2026 10:26,"74F, Cloudy",0.82,Medium - aster,10m to woodland edge,15,"1.0m height, 45-deg downward",34,1939,2324,12.85,bee_crops/WW-NJ-001_video_02_track_34.jpg,BEE_EVENT_1219,0.547,Re-entry (P=55%)
PL-NJ-003_video_07.mp4,8/18/2026 11:15,"82F, Cloudy",3.22,High - bee balm,4m to wood pile,15,"0.8m height, 45-deg downward",66,2604,2900,9.9,bee_crops/PL-NJ-003_video_07_track_66.jpg,BEE_EVENT_1220,0,New Unique Individual
PL-NJ-002_video_07.mp4,8/6/2026 15:14,"82F, Cloudy",1.68,High - coneflower,6m to dead stems,15,"1.2m height, 50-deg downward",80,1066,1396,11.03,bee_crops/PL-NJ-002_video_07_track_80.jpg,BEE_EVENT_1221,0,New Unique Individual
PL-NJ-003_video_02.mp4,8/26/2026 11:42,"68F, Cloudy",2.85,Medium - clover,1m to bare soil,15,"1.2m height, 50-deg downward",65,493,1232,24.65,bee_crops/PL-NJ-003_video_02_track_65.jpg,BEE_EVENT_1222,0,New Unique Individual
WW-NJ-005_video_03.mp4,7/23/2026 12:25,"68F, Cloudy",3.4,High - mountain mint,8m to brush edge,15,"0.9m height, 40-deg downward",71,2228,2719,16.39,bee_crops/WW-NJ-005_video_03_track_71.jpg,BEE_EVENT_1222,0.87,Re-entry (P=87%)
PL-NJ-002_video_05.mp4,8/22/2026 14:15,"68F, Clear",1.62,High - bee balm,10m to woodland edge,15,"1.2m height, 50-deg downward",83,2924,3048,4.17,bee_crops/PL-NJ-002_video_05_track_83.jpg,BEE_EVENT_1223,0,New Unique Individual
WW-NJ-002_video_02.mp4,8/26/2026 16:54,"84F, Cloudy",2.55,High - coneflower,2m to bare soil,15,"0.8m height, 45-deg downward",55,1603,1919,10.58,bee_crops/WW-NJ-002_video_02_track_55.jpg,BEE_EVENT_1223,0.597,Re-entry (P=60%)
WW-NJ-005_video_09.mp4,9/8/2026 11:51,"80F, Cloudy",2.49,High - mountain mint,4m to wood pile,15,"1.2m height, 50-deg downward",3,531,671,4.71,bee_crops/WW-NJ-005_video_09_track_3.jpg,BEE_EVENT_1224,0,New Unique Individual
WW-NJ-002_video_02.mp4,7/17/2026 11:10,"76F, Clear",3.41,Medium - clover,1m to bare soil,15,"1.0m height, 45-deg downward",32,1319,1478,5.34,bee_crops/WW-NJ-002_video_02_track_32.jpg,BEE_EVENT_1225,0,New Unique Individual
WW-NJ-002_video_07.mp4,7/18/2026 13:44,"82F, Sunny",2.16,High - milkweed,8m to brush edge,15,"0.9m height, 40-deg downward",7,4325,4517,6.42,bee_crops/WW-NJ-002_video_07_track_7.jpg,BEE_EVENT_1226,0,New Unique Individual
WW-NJ-004_video_03.mp4,7/18/2026 12:11,"68F, Sunny",2.23,Low - mixed lawn flowers,10m to woodland edge,15,"1.2m height, 50-deg downward",5,4872,4969,3.28,bee_crops/WW-NJ-004_video_03_track_5.jpg,BEE_EVENT_1227,0,New Unique Individual
WW-NJ-004_video_05.mp4,8/14/2026 10:20,"70F, Cloudy",3.2,Medium - aster,1m to bare soil,15,"0.8m height, 45-deg downward",81,877,1012,4.53,bee_crops/WW-NJ-004_video_05_track_81.jpg,BEE_EVENT_1228,0,New Unique Individual
WW-NJ-003_video_06.mp4,8/27/2026 9:51,"76F, Clear",1.63,Low - mixed lawn flowers,10m to woodland edge,15,"1.2m height, 50-deg downward",2,4157,4814,21.92,bee_crops/WW-NJ-003_video_06_track_2.jpg,BEE_EVENT_1229,0,New Unique Individual
WW-NJ-002_video_04.mp4,8/12/2026 14:19,"68F, Partly Cloudy",2.5,High - coneflower,6m to dead stems,15,"0.9m height, 40-deg downward",67,2767,2926,5.32,bee_crops/WW-NJ-002_video_04_track_67.jpg,BEE_EVENT_1230,0,New Unique Individual
PL-NJ-003_video_03.mp4,9/2/2026 16:43,"70F, Sunny",3.09,Medium - aster,4m to wood pile,15,"0.8m height, 45-deg downward",71,461,887,14.23,bee_crops/PL-NJ-003_video_03_track_71.jpg,BEE_EVENT_1231,0,New Unique Individual
WW-NJ-002_video_10.mp4,8/14/2026 11:13,"80F, Cloudy",2.97,Low - mixed lawn flowers,4m to wood pile,15,"0.8m height, 45-deg downward",69,1662,1935,9.13,bee_crops/WW-NJ-002_video_10_track_69.jpg,BEE_EVENT_1231,0.697,Re-entry (P=70%)
PL-NJ-003_video_07.mp4,8/19/2026 10:05,"68F, Clear",3.35,Medium - mixed native wildflowers,4m to wood pile,15,"0.8m height, 45-deg downward",2,1492,1842,11.7,bee_crops/PL-NJ-003_video_07_track_2.jpg,BEE_EVENT_1231,0.531,Re-entry (P=53%)
WW-NJ-004_video_03.mp4,7/28/2026 15:16,"80F, Cloudy",3.9,High - coneflower,6m to dead stems,15,"0.9m height, 40-deg downward",71,1330,1690,12.04,bee_crops/WW-NJ-004_video_03_track_71.jpg,BEE_EVENT_1232,0,New Unique Individual
PL-NJ-003_video_05.mp4,8/9/2026 16:06,"70F, Sunny",3.36,Medium - clover,2m to bare soil,15,"1.2m height, 50-deg downward",19,3187,3318,4.41,bee_crops/PL-NJ-003_video_05_track_19.jpg,BEE_EVENT_1232,0.889,Re-entry (P=89%)
PL-NJ-002_video_05.mp4,9/5/2026 11:29,"74F, Clear",0.81,High - goldenrod,1m to bare soil,15,"1.2m height, 50-deg downward",21,596,1020,14.17,bee_crops/PL-NJ-002_video_05_track_21.jpg,BEE_EVENT_1233,0,New Unique Individual
WW-NJ-004_video_02.mp4,8/23/2026 12:41,"84F, Partly Cloudy",1.72,High - mountain mint,1m to bare soil,15,"0.8m height, 45-deg downward",39,1122,1231,3.67,bee_crops/WW-NJ-004_video_02_track_39.jpg,BEE_EVENT_1234,0,New Unique Individual
PL-NJ-002_video_10.mp4,9/4/2026 10:57,"68F, Sunny",1.81,High - milkweed,3m to bare soil,15,"0.8m height, 45-deg downward",49,127,282,5.19,bee_crops/PL-NJ-002_video_10_track_49.jpg,BEE_EVENT_1235,0,New Unique Individual
PL-NJ-001_video_09.mp4,8/8/2026 13:30,"78F, Clear",1.54,Low - mixed lawn flowers,6m to dead stems,15,"0.8m height, 45-deg downward",12,2008,2365,11.92,bee_crops/PL-NJ-001_video_09_track_12.jpg,BEE_EVENT_1235,0.909,Re-entry (P=91%)
WW-NJ-005_video_08.mp4,8/10/2026 13:54,"80F, Clear",2.37,Low - mixed lawn flowers,4m to wood pile,15,"1.0m height, 45-deg downward",71,1274,1400,4.24,bee_crops/WW-NJ-005_video_08_track_71.jpg,BEE_EVENT_1236,0,New Unique Individual
WW-NJ-002_video_03.mp4,8/18/2026 10:33,"72F, Clear",1.85,High - coneflower,10m to woodland edge,15,"0.9m height, 40-deg downward",65,4037,4104,2.28,bee_crops/WW-NJ-002_video_03_track_65.jpg,BEE_EVENT_1236,0.713,Re-entry (P=71%)
WW-NJ-001_video_10.mp4,8/13/2026 11:19,"76F, Clear",0.86,High - mountain mint,10m to woodland edge,15,"1.2m height, 50-deg downward",55,3141,3448,10.25,bee_crops/WW-NJ-001_video_10_track_55.jpg,BEE_EVENT_1237,0,New Unique Individual
PL-NJ-003_video_03.mp4,7/17/2026 14:09,"74F, Cloudy",1.13,Medium - aster,1m to bare soil,15,"1.2m height, 50-deg downward",50,3618,3705,2.95,bee_crops/PL-NJ-003_video_03_track_50.jpg,BEE_EVENT_1238,0,New Unique Individual
PL-NJ-003_video_09.mp4,8/25/2026 12:35,"78F, Partly Cloudy",1.49,Medium - aster,6m to dead stems,15,"0.8m height, 45-deg downward",24,502,882,12.7,bee_crops/PL-NJ-003_video_09_track_24.jpg,BEE_EVENT_1239,0,New Unique Individual
WW-NJ-005_video_02.mp4,9/6/2026 13:37,"80F, Partly Cloudy",3.06,High - bee balm,6m to dead stems,15,"1.0m height, 45-deg downward",43,2657,2857,6.71,bee_crops/WW-NJ-005_video_02_track_43.jpg,BEE_EVENT_1240,0.421,New Unique Individual
PL-NJ-002_video_03.mp4,8/12/2026 11:40,"82F, Cloudy",3.47,High - goldenrod,3m to bare soil,15,"1.0m height, 45-deg downward",2,4229,4532,10.15,bee_crops/PL-NJ-002_video_03_track_2.jpg,BEE_EVENT_1241,0,New Unique Individual
PL-NJ-002_video_04.mp4,7/24/2026 16:09,"84F, Cloudy",3.82,High - milkweed,4m to wood pile,15,"1.0m height, 45-deg downward",46,1692,1992,10.03,bee_crops/PL-NJ-002_video_04_track_46.jpg,BEE_EVENT_1242,0,New Unique Individual
WW-NJ-004_video_09.mp4,8/11/2026 16:43,"76F, Partly Cloudy",2.1,High - goldenrod,2m to bare soil,15,"0.8m height, 45-deg downward",43,427,827,13.36,bee_crops/WW-NJ-004_video_09_track_43.jpg,BEE_EVENT_1243,0,New Unique Individual
WW-NJ-004_video_05.mp4,7/15/2026 14:55,"72F, Partly Cloudy",3,Low - mixed lawn flowers,6m to dead stems,15,"0.9m height, 40-deg downward",11,209,573,12.16,bee_crops/WW-NJ-004_video_05_track_11.jpg,BEE_EVENT_1244,0,New Unique Individual
PL-NJ-001_video_10.mp4,9/7/2026 16:32,"74F, Cloudy",3.28,Medium - clover,4m to wood pile,15,"0.8m height, 45-deg downward",61,2109,2235,4.22,bee_crops/PL-NJ-001_video_10_track_61.jpg,BEE_EVENT_1245,0,New Unique Individual
PL-NJ-003_video_08.mp4,8/29/2026 14:27,"68F, Clear",1.31,High - coneflower,2m to bare soil,15,"1.0m height, 45-deg downward",62,2087,2295,6.97,bee_crops/PL-NJ-003_video_08_track_62.jpg,BEE_EVENT_1246,0.49,New Unique Individual
PL-NJ-003_video_04.mp4,7/26/2026 9:50,"82F, Sunny",1.36,High - bee balm,10m to woodland edge,15,"0.8m height, 45-deg downward",60,1443,1746,10.15,bee_crops/PL-NJ-003_video_04_track_60.jpg,BEE_EVENT_1247,0,New Unique Individual
PL-NJ-003_video_07.mp4,8/22/2026 10:36,"76F, Clear",2.15,High - goldenrod,1m to bare soil,15,"1.2m height, 50-deg downward",35,874,1494,20.71,bee_crops/PL-NJ-003_video_07_track_35.jpg,BEE_EVENT_1248,0,New Unique Individual
PL-NJ-002_video_10.mp4,8/19/2026 12:07,"80F, Partly Cloudy",1.36,High - coneflower,6m to dead stems,15,"1.0m height, 45-deg downward",24,3071,3437,12.24,bee_crops/PL-NJ-002_video_10_track_24.jpg,BEE_EVENT_1248,0.703,Re-entry (P=70%)
PL-NJ-005_video_09.mp4,7/15/2026 10:22,"82F, Sunny",2.97,High - mountain mint,4m to wood pile,15,"0.8m height, 45-deg downward",10,1511,2091,19.37,bee_crops/PL-NJ-005_video_09_track_10.jpg,BEE_EVENT_1249,0,New Unique Individual
WW-NJ-001_video_04.mp4,9/4/2026 10:30,"78F, Sunny",2.23,High - goldenrod,3m to bare soil,15,"1.0m height, 45-deg downward",27,1590,1904,10.5,bee_crops/WW-NJ-001_video_04_track_27.jpg,BEE_EVENT_1249,0.516,Re-entry (P=52%)
WW-NJ-005_video_07.mp4,8/20/2026 12:59,"72F, Cloudy",3.56,Medium - aster,4m to wood pile,15,"1.0m height, 45-deg downward",72,927,1424,16.6,bee_crops/WW-NJ-005_video_07_track_72.jpg,BEE_EVENT_1249,0.634,Re-entry (P=63%)
PL-NJ-002_video_06.mp4,7/31/2026 9:15,"84F, Sunny",2.77,Low - mixed lawn flowers,8m to brush edge,15,"1.0m height, 45-deg downward",78,2866,3153,9.6,bee_crops/PL-NJ-002_video_06_track_78.jpg,BEE_EVENT_1249,0.666,Re-entry (P=67%)
PL-NJ-003_video_03.mp4,8/18/2026 10:15,"74F, Sunny",1.18,Medium - black-eyed Susan,3m to bare soil,15,"0.9m height, 40-deg downward",8,4691,5173,16.11,bee_crops/PL-NJ-003_video_03_track_8.jpg,BEE_EVENT_1249,0.595,Re-entry (P=60%)
PL-NJ-002_video_06.mp4,9/5/2026 11:34,"78F, Cloudy",2.57,High - mountain mint,3m to bare soil,15,"1.2m height, 50-deg downward",3,1362,1556,6.5,bee_crops/PL-NJ-002_video_06_track_3.jpg,BEE_EVENT_1250,0,New Unique Individual
WW-NJ-001_video_09.mp4,9/7/2026 15:24,"78F, Sunny",2.14,Medium - aster,2m to bare soil,15,"0.8m height, 45-deg downward",70,23,699,22.56,bee_crops/WW-NJ-001_video_09_track_70.jpg,BEE_EVENT_1250,0.581,Re-entry (P=58%)
WW-NJ-003_video_10.mp4,7/17/2026 11:16,"74F, Clear",3.69,High - mountain mint,3m to bare soil,15,"0.8m height, 45-deg downward",75,637,975,11.3,bee_crops/WW-NJ-003_video_10_track_75.jpg,BEE_EVENT_1251,0.455,New Unique Individual
WW-NJ-004_video_04.mp4,7/28/2026 11:05,"68F, Clear",1.58,High - coneflower,8m to brush edge,15,"1.2m height, 50-deg downward",45,1375,1473,3.29,bee_crops/WW-NJ-004_video_04_track_45.jpg,BEE_EVENT_1252,0,New Unique Individual
WW-NJ-001_video_02.mp4,8/23/2026 12:26,"74F, Clear",1.85,High - goldenrod,8m to brush edge,15,"1.0m height, 45-deg downward",80,2324,2634,10.37,bee_crops/WW-NJ-001_video_02_track_80.jpg,BEE_EVENT_1252,0.533,Re-entry (P=53%)
WW-NJ-003_video_05.mp4,9/7/2026 12:30,"68F, Clear",2.69,High - bee balm,6m to dead stems,15,"1.0m height, 45-deg downward",16,1338,1400,2.09,bee_crops/WW-NJ-003_video_05_track_16.jpg,BEE_EVENT_1253,0.453,New Unique Individual
WW-NJ-005_video_02.mp4,7/25/2026 9:33,"78F, Sunny",3.2,Medium - black-eyed Susan,1m to bare soil,15,"1.0m height, 45-deg downward",32,2731,3098,12.26,bee_crops/WW-NJ-005_video_02_track_32.jpg,BEE_EVENT_1254,0,New Unique Individual
PL-NJ-002_video_04.mp4,7/19/2026 16:34,"72F, Sunny",2.68,High - mountain mint,4m to wood pile,15,"1.0m height, 45-deg downward",77,2532,2967,14.52,bee_crops/PL-NJ-002_video_04_track_77.jpg,BEE_EVENT_1255,0,New Unique Individual
WW-NJ-005_video_02.mp4,8/20/2026 12:33,"72F, Cloudy",2.79,High - coneflower,4m to wood pile,15,"0.8m height, 45-deg downward",30,2801,3672,29.08,bee_crops/WW-NJ-005_video_02_track_30.jpg,BEE_EVENT_1255,0.53,Re-entry (P=53%)
WW-NJ-003_video_07.mp4,9/7/2026 13:35,"80F, Cloudy",1.28,Medium - mixed native wildflowers,1m to bare soil,15,"1.0m height, 45-deg downward",4,2610,2785,5.88,bee_crops/WW-NJ-003_video_07_track_4.jpg,BEE_EVENT_1256,0,New Unique Individual
PL-NJ-002_video_02.mp4,8/12/2026 12:06,"84F, Clear",2.63,High - bee balm,10m to woodland edge,15,"1.0m height, 45-deg downward",35,37,913,29.24,bee_crops/PL-NJ-002_video_02_track_35.jpg,BEE_EVENT_1256,0.83,Re-entry (P=83%)
PL-NJ-001_video_04.mp4,9/8/2026 14:27,"74F, Sunny",1.82,High - mountain mint,6m to dead stems,15,"0.8m height, 45-deg downward",39,82,327,8.19,bee_crops/PL-NJ-001_video_04_track_39.jpg,BEE_EVENT_1257,0.433,New Unique Individual
PL-NJ-003_video_08.mp4,8/21/2026 16:45,"72F, Clear",1.63,Low - mixed lawn flowers,10m to woodland edge,15,"1.0m height, 45-deg downward",20,1145,1295,5.04,bee_crops/PL-NJ-003_video_08_track_20.jpg,BEE_EVENT_1258,0,New Unique Individual
PL-NJ-004_video_09.mp4,7/30/2026 13:45,"70F, Sunny",3.04,Medium - mixed native wildflowers,3m to bare soil,15,"0.9m height, 40-deg downward",64,2633,2811,5.96,bee_crops/PL-NJ-004_video_09_track_64.jpg,BEE_EVENT_1258,0.583,Re-entry (P=58%)
PL-NJ-005_video_04.mp4,7/28/2026 12:53,"80F, Sunny",2.68,Medium - mixed native wildflowers,3m to bare soil,15,"0.8m height, 45-deg downward",22,1394,1746,11.77,bee_crops/PL-NJ-005_video_04_track_22.jpg,BEE_EVENT_1259,0,New Unique Individual
PL-NJ-004_video_05.mp4,8/11/2026 13:08,"78F, Partly Cloudy",1.87,Medium - mixed native wildflowers,10m to woodland edge,15,"1.2m height, 50-deg downward",56,4258,4395,4.61,bee_crops/PL-NJ-004_video_05_track_56.jpg,BEE_EVENT_1260,0,New Unique Individual
PL-NJ-003_video_03.mp4,8/9/2026 11:06,"72F, Clear",1.65,Medium - aster,3m to bare soil,15,"1.0m height, 45-deg downward",82,4161,4357,6.57,bee_crops/PL-NJ-003_video_03_track_82.jpg,BEE_EVENT_1261,0,New Unique Individual
PL-NJ-001_video_02.mp4,9/3/2026 15:15,"78F, Sunny",1.31,High - bee balm,6m to dead stems,15,"1.0m height, 45-deg downward",46,4551,4856,10.2,bee_crops/PL-NJ-001_video_02_track_46.jpg,BEE_EVENT_1262,0,New Unique Individual
PL-NJ-002_video_03.mp4,9/1/2026 13:33,"76F, Sunny",2.57,High - milkweed,1m to bare soil,15,"1.0m height, 45-deg downward",21,1410,2082,22.43,bee_crops/PL-NJ-002_video_03_track_21.jpg,BEE_EVENT_1262,0.706,Re-entry (P=71%)
PL-NJ-005_video_03.mp4,8/22/2026 9:55,"80F, Cloudy",2.74,Medium - black-eyed Susan,1m to bare soil,15,"1.0m height, 45-deg downward",53,111,537,14.23,bee_crops/PL-NJ-005_video_03_track_53.jpg,BEE_EVENT_1263,0,New Unique Individual
WW-NJ-005_video_06.mp4,9/5/2026 9:42,"70F, Clear",2.18,High - bee balm,8m to brush edge,15,"0.8m height, 45-deg downward",3,2960,3211,8.4,bee_crops/WW-NJ-005_video_06_track_3.jpg,BEE_EVENT_1264,0,New Unique Individual
PL-NJ-005_video_02.mp4,7/18/2026 10:41,"84F, Partly Cloudy",1.59,High - milkweed,2m to bare soil,15,"1.2m height, 50-deg downward",60,1800,2151,11.74,bee_crops/PL-NJ-005_video_02_track_60.jpg,BEE_EVENT_1265,0.469,New Unique Individual
WW-NJ-001_video_01.mp4,8/10/2026 9:38,"78F, Clear",2.28,High - goldenrod,4m to wood pile,15,"0.8m height, 45-deg downward",54,1177,1462,9.55,bee_crops/WW-NJ-001_video_01_track_54.jpg,BEE_EVENT_1266,0,New Unique Individual
WW-NJ-001_video_08.mp4,8/11/2026 11:30,"78F, Sunny",1.5,Medium - mixed native wildflowers,6m to dead stems,15,"1.2m height, 50-deg downward",30,2306,2421,3.86,bee_crops/WW-NJ-001_video_08_track_30.jpg,BEE_EVENT_1267,0,New Unique Individual
WW-NJ-004_video_05.mp4,8/11/2026 10:33,"70F, Partly Cloudy",2.91,High - milkweed,10m to woodland edge,15,"0.9m height, 40-deg downward",15,3487,4253,25.56,bee_crops/WW-NJ-004_video_05_track_15.jpg,BEE_EVENT_1268,0.387,New Unique Individual
WW-NJ-005_video_02.mp4,8/11/2026 13:13,"78F, Clear",3.09,Medium - black-eyed Susan,1m to bare soil,15,"1.0m height, 45-deg downward",59,1639,2319,22.7,bee_crops/WW-NJ-005_video_02_track_59.jpg,BEE_EVENT_1269,0.455,New Unique Individual
PL-NJ-004_video_06.mp4,8/14/2026 15:53,"76F, Partly Cloudy",2.15,High - milkweed,6m to dead stems,15,"0.8m height, 45-deg downward",36,260,492,7.78,bee_crops/PL-NJ-004_video_06_track_36.jpg,BEE_EVENT_1270,0,New Unique Individual
WW-NJ-002_video_08.mp4,8/4/2026 14:11,"70F, Partly Cloudy",2.56,High - goldenrod,2m to bare soil,15,"1.2m height, 50-deg downward",24,4192,4374,6.09,bee_crops/WW-NJ-002_video_08_track_24.jpg,BEE_EVENT_1270,0.657,Re-entry (P=66%)
PL-NJ-003_video_05.mp4,8/1/2026 13:09,"78F, Clear",1.34,High - mountain mint,10m to woodland edge,15,"1.0m height, 45-deg downward",65,4065,4182,3.92,bee_crops/PL-NJ-003_video_05_track_65.jpg,BEE_EVENT_1271,0,New Unique Individual
PL-NJ-005_video_05.mp4,8/12/2026 9:15,"78F, Cloudy",3.6,Medium - mixed native wildflowers,10m to woodland edge,15,"1.0m height, 45-deg downward",54,2941,3307,12.24,bee_crops/PL-NJ-005_video_05_track_54.jpg,BEE_EVENT_1272,0,New Unique Individual
WW-NJ-001_video_05.mp4,8/28/2026 16:16,"70F, Sunny",2.45,High - mountain mint,6m to dead stems,15,"1.2m height, 50-deg downward",30,1621,1989,12.3,bee_crops/WW-NJ-001_video_05_track_30.jpg,BEE_EVENT_1273,0,New Unique Individual
PL-NJ-001_video_06.mp4,8/14/2026 13:16,"74F, Sunny",2.05,High - mountain mint,10m to woodland edge,15,"0.8m height, 45-deg downward",75,749,893,4.84,bee_crops/PL-NJ-001_video_06_track_75.jpg,BEE_EVENT_1274,0,New Unique Individual
PL-NJ-003_video_09.mp4,7/19/2026 13:48,"80F, Clear",0.96,Medium - aster,2m to bare soil,15,"0.9m height, 40-deg downward",65,3501,3789,9.63,bee_crops/PL-NJ-003_video_09_track_65.jpg,BEE_EVENT_1275,0,New Unique Individual
PL-NJ-004_video_05.mp4,8/1/2026 12:34,"70F, Clear",2.07,Medium - black-eyed Susan,4m to wood pile,15,"1.2m height, 50-deg downward",54,420,837,13.92,bee_crops/PL-NJ-004_video_05_track_54.jpg,BEE_EVENT_1276,0,New Unique Individual
WW-NJ-003_video_07.mp4,9/1/2026 12:30,"78F, Sunny",3.76,High - coneflower,6m to dead stems,15,"1.2m height, 50-deg downward",67,4534,4708,5.84,bee_crops/WW-NJ-003_video_07_track_67.jpg,BEE_EVENT_1277,0,New Unique Individual
PL-NJ-005_video_01.mp4,7/18/2026 11:33,"70F, Clear",3.76,High - bee balm,3m to bare soil,15,"0.8m height, 45-deg downward",59,3895,4110,7.19,bee_crops/PL-NJ-005_video_01_track_59.jpg,BEE_EVENT_1278,0,New Unique Individual
PL-NJ-004_video_07.mp4,7/16/2026 13:20,"68F, Sunny",2.12,Medium - black-eyed Susan,2m to bare soil,15,"1.0m height, 45-deg downward",57,2977,3190,7.14,bee_crops/PL-NJ-004_video_07_track_57.jpg,BEE_EVENT_1278,0.571,Re-entry (P=57%)
WW-NJ-004_video_01.mp4,8/9/2026 16:46,"80F, Sunny",2.93,High - goldenrod,6m to dead stems,15,"1.0m height, 45-deg downward",24,3605,3755,5.03,bee_crops/WW-NJ-004_video_01_track_24.jpg,BEE_EVENT_1279,0,New Unique Individual
PL-NJ-002_video_07.mp4,9/7/2026 16:41,"68F, Cloudy",1.7,High - coneflower,3m to bare soil,15,"1.0m height, 45-deg downward",65,5263,5480,7.28,bee_crops/PL-NJ-002_video_07_track_65.jpg,BEE_EVENT_1280,0,New Unique Individual
PL-NJ-005_video_01.mp4,8/8/2026 16:53,"76F, Cloudy",2.63,High - milkweed,4m to wood pile,15,"0.8m height, 45-deg downward",41,1682,1770,2.98,bee_crops/PL-NJ-005_video_01_track_41.jpg,BEE_EVENT_1281,0,New Unique Individual
PL-NJ-001_video_01.mp4,9/7/2026 13:41,"82F, Clear",1.24,High - coneflower,8m to brush edge,15,"0.9m height, 40-deg downward",10,1131,1337,6.91,bee_crops/PL-NJ-001_video_01_track_10.jpg,BEE_EVENT_1282,0,New Unique Individual
PL-NJ-002_video_08.mp4,7/16/2026 15:30,"70F, Partly Cloudy",1.4,High - goldenrod,6m to dead stems,15,"0.8m height, 45-deg downward",61,1688,1896,6.98,bee_crops/PL-NJ-002_video_08_track_61.jpg,BEE_EVENT_1283,0.428,New Unique Individual
PL-NJ-004_video_10.mp4,7/20/2026 11:36,"78F, Partly Cloudy",2.6,Medium - black-eyed Susan,4m to wood pile,15,"0.8m height, 45-deg downward",59,984,1218,7.84,bee_crops/PL-NJ-004_video_10_track_59.jpg,BEE_EVENT_1284,0,New Unique Individual
WW-NJ-001_video_09.mp4,8/11/2026 13:44,"76F, Sunny",1.35,Low - mixed lawn flowers,2m to bare soil,15,"1.0m height, 45-deg downward",12,2150,2483,11.15,bee_crops/WW-NJ-001_video_09_track_12.jpg,BEE_EVENT_1285,0,New Unique Individual
WW-NJ-004_video_06.mp4,8/3/2026 9:12,"80F, Sunny",1.95,Low - mixed lawn flowers,4m to wood pile,15,"1.0m height, 45-deg downward",9,2313,2424,3.74,bee_crops/WW-NJ-004_video_06_track_9.jpg,BEE_EVENT_1286,0,New Unique Individual
PL-NJ-004_video_08.mp4,7/27/2026 9:28,"72F, Partly Cloudy",3.99,Medium - mixed native wildflowers,6m to dead stems,15,"1.2m height, 50-deg downward",85,2118,2242,4.15,bee_crops/PL-NJ-004_video_08_track_85.jpg,BEE_EVENT_1287,0,New Unique Individual
WW-NJ-001_video_03.mp4,9/3/2026 10:34,"84F, Cloudy",1.16,Medium - aster,8m to brush edge,15,"0.9m height, 40-deg downward",83,4414,4561,4.95,bee_crops/WW-NJ-001_video_03_track_83.jpg,BEE_EVENT_1288,0,New Unique Individual
WW-NJ-004_video_02.mp4,8/5/2026 9:11,"72F, Clear",2.88,High - mountain mint,1m to bare soil,15,"1.0m height, 45-deg downward",58,3110,3215,3.52,bee_crops/WW-NJ-004_video_02_track_58.jpg,BEE_EVENT_1289,0,New Unique Individual
WW-NJ-002_video_08.mp4,7/18/2026 11:31,"68F, Sunny",1.75,Medium - aster,6m to dead stems,15,"0.8m height, 45-deg downward",67,5168,5528,12.02,bee_crops/WW-NJ-002_video_08_track_67.jpg,BEE_EVENT_1290,0,New Unique Individual
WW-NJ-002_video_08.mp4,7/25/2026 15:14,"84F, Clear",1.33,Medium - black-eyed Susan,10m to woodland edge,15,"1.2m height, 50-deg downward",68,4332,4501,5.68,bee_crops/WW-NJ-002_video_08_track_68.jpg,BEE_EVENT_1291,0,New Unique Individual
WW-NJ-001_video_01.mp4,8/13/2026 11:38,"72F, Clear",2.91,Medium - clover,1m to bare soil,15,"0.8m height, 45-deg downward",54,4159,4398,8,bee_crops/WW-NJ-001_video_01_track_54.jpg,BEE_EVENT_1292,0,New Unique Individual
PL-NJ-002_video_10.mp4,8/27/2026 10:51,"70F, Cloudy",3.63,Medium - black-eyed Susan,4m to wood pile,15,"0.9m height, 40-deg downward",17,4914,5054,4.7,bee_crops/PL-NJ-002_video_10_track_17.jpg,BEE_EVENT_1292,0.893,Re-entry (P=89%)
WW-NJ-001_video_04.mp4,8/23/2026 10:34,"80F, Clear",2.83,High - bee balm,3m to bare soil,15,"1.2m height, 50-deg downward",28,466,659,6.46,bee_crops/WW-NJ-001_video_04_track_28.jpg,BEE_EVENT_1293,0,New Unique Individual
PL-NJ-005_video_07.mp4,8/24/2026 11:46,"82F, Sunny",1.87,Medium - mixed native wildflowers,2m to bare soil,15,"0.8m height, 45-deg downward",38,2074,2371,9.93,bee_crops/PL-NJ-005_video_07_track_38.jpg,BEE_EVENT_1294,0,New Unique Individual
WW-NJ-003_video_05.mp4,7/25/2026 14:18,"70F, Partly Cloudy",2.71,Low - mixed lawn flowers,4m to wood pile,15,"1.2m height, 50-deg downward",32,3341,3648,10.25,bee_crops/WW-NJ-003_video_05_track_32.jpg,BEE_EVENT_1294,0.595,Re-entry (P=59%)
PL-NJ-003_video_07.mp4,9/5/2026 9:20,"68F, Clear",2.01,Medium - aster,2m to bare soil,15,"0.9m height, 40-deg downward",41,4998,5125,4.25,bee_crops/PL-NJ-003_video_07_track_41.jpg,BEE_EVENT_1295,0.417,New Unique Individual
WW-NJ-001_video_06.mp4,8/6/2026 12:49,"84F, Clear",1.62,High - coneflower,10m to woodland edge,15,"1.2m height, 50-deg downward",3,3481,3712,7.75,bee_crops/WW-NJ-001_video_06_track_3.jpg,BEE_EVENT_1296,0,New Unique Individual
PL-NJ-002_video_05.mp4,9/6/2026 11:12,"82F, Partly Cloudy",3.6,Low - mixed lawn flowers,6m to dead stems,15,"1.2m height, 50-deg downward",36,2886,3027,4.75,bee_crops/PL-NJ-002_video_05_track_36.jpg,BEE_EVENT_1297,0,New Unique Individual
PL-NJ-002_video_07.mp4,7/24/2026 12:13,"80F, Cloudy",2.17,Medium - black-eyed Susan,3m to bare soil,15,"0.8m height, 45-deg downward",17,1891,2117,7.57,bee_crops/PL-NJ-002_video_07_track_17.jpg,BEE_EVENT_1298,0,New Unique Individual
WW-NJ-005_video_10.mp4,9/5/2026 16:59,"76F, Cloudy",1.23,High - goldenrod,2m to bare soil,15,"1.0m height, 45-deg downward",53,1427,1588,5.4,bee_crops/WW-NJ-005_video_10_track_53.jpg,BEE_EVENT_1299,0,New Unique Individual
WW-NJ-003_video_01.mp4,8/8/2026 15:30,"80F, Partly Cloudy",3.89,Low - mixed lawn flowers,3m to bare soil,15,"0.9m height, 40-deg downward",79,596,1401,26.87,bee_crops/WW-NJ-003_video_01_track_79.jpg,BEE_EVENT_1300,0,New Unique Individual
PL-NJ-005_video_03.mp4,8/21/2026 12:18,"80F, Cloudy",3.2,Medium - aster,4m to wood pile,15,"1.0m height, 45-deg downward",48,2627,3042,13.86,bee_crops/PL-NJ-005_video_03_track_48.jpg,BEE_EVENT_1301,0,New Unique Individual
PL-NJ-002_video_01.mp4,8/3/2026 10:20,"84F, Partly Cloudy",2.48,High - goldenrod,1m to bare soil,15,"1.2m height, 50-deg downward",26,2088,2403,10.55,bee_crops/PL-NJ-002_video_01_track_26.jpg,BEE_EVENT_1302,0,New Unique Individual
WW-NJ-004_video_10.mp4,7/20/2026 11:13,"70F, Clear",0.83,High - goldenrod,1m to bare soil,15,"0.9m height, 40-deg downward",52,3297,3366,2.33,bee_crops/WW-NJ-004_video_10_track_52.jpg,BEE_EVENT_1303,0.446,New Unique Individual
WW-NJ-002_video_05.mp4,8/31/2026 12:59,"70F, Clear",3.59,Low - mixed lawn flowers,1m to bare soil,15,"0.8m height, 45-deg downward",27,277,480,6.81,bee_crops/WW-NJ-002_video_05_track_27.jpg,BEE_EVENT_1304,0,New Unique Individual
PL-NJ-005_video_08.mp4,8/4/2026 11:45,"84F, Clear",2.3,High - goldenrod,10m to woodland edge,15,"0.9m height, 40-deg downward",39,4453,4876,14.14,bee_crops/PL-NJ-005_video_08_track_39.jpg,BEE_EVENT_1305,0.362,New Unique Individual
WW-NJ-003_video_05.mp4,7/15/2026 14:44,"72F, Clear",1.28,Medium - mixed native wildflowers,10m to woodland edge,15,"1.0m height, 45-deg downward",4,5317,5553,7.89,bee_crops/WW-NJ-003_video_05_track_4.jpg,BEE_EVENT_1306,0,New Unique Individual
PL-NJ-003_video_07.mp4,8/11/2026 10:44,"80F, Sunny",2.59,Low - mixed lawn flowers,8m to brush edge,15,"1.2m height, 50-deg downward",52,2139,2880,24.72,bee_crops/PL-NJ-003_video_07_track_52.jpg,BEE_EVENT_1307,0,New Unique Individual
WW-NJ-001_video_02.mp4,8/14/2026 14:20,"80F, Sunny",3.79,Medium - aster,6m to dead stems,15,"0.9m height, 40-deg downward",74,5145,5599,15.16,bee_crops/WW-NJ-001_video_02_track_74.jpg,BEE_EVENT_1308,0,New Unique Individual
PL-NJ-003_video_03.mp4,9/1/2026 13:59,"82F, Sunny",1.79,High - mountain mint,8m to brush edge,15,"1.0m height, 45-deg downward",41,56,248,6.44,bee_crops/PL-NJ-003_video_03_track_41.jpg,BEE_EVENT_1308,0.844,Re-entry (P=84%)
PL-NJ-005_video_06.mp4,9/7/2026 15:11,"82F, Partly Cloudy",0.97,Medium - aster,1m to bare soil,15,"0.9m height, 40-deg downward",45,105,780,22.55,bee_crops/PL-NJ-005_video_06_track_45.jpg,BEE_EVENT_1308,0.505,Re-entry (P=50%)
WW-NJ-003_video_01.mp4,7/24/2026 14:58,"70F, Cloudy",3.18,Low - mixed lawn flowers,2m to bare soil,15,"1.0m height, 45-deg downward",59,5096,5300,6.83,bee_crops/WW-NJ-003_video_01_track_59.jpg,BEE_EVENT_1308,0.732,Re-entry (P=73%)
WW-NJ-005_video_05.mp4,8/1/2026 16:23,"82F, Sunny",2.75,High - mountain mint,4m to wood pile,15,"0.9m height, 40-deg downward",17,4506,5349,28.15,bee_crops/WW-NJ-005_video_05_track_17.jpg,BEE_EVENT_1309,0,New Unique Individual
PL-NJ-001_video_02.mp4,7/15/2026 16:31,"70F, Sunny",1.04,Low - mixed lawn flowers,8m to brush edge,15,"1.2m height, 50-deg downward",12,2633,3337,23.5,bee_crops/PL-NJ-001_video_02_track_12.jpg,BEE_EVENT_1310,0,New Unique Individual
WW-NJ-004_video_03.mp4,9/8/2026 14:10,"76F, Sunny",1.93,High - milkweed,6m to dead stems,15,"1.2m height, 50-deg downward",66,2196,2492,9.9,bee_crops/WW-NJ-004_video_03_track_66.jpg,BEE_EVENT_1310,0.534,Re-entry (P=53%)
WW-NJ-002_video_06.mp4,9/6/2026 16:21,"80F, Partly Cloudy",3.1,Low - mixed lawn flowers,6m to dead stems,15,"0.8m height, 45-deg downward",51,2223,2314,3.05,bee_crops/WW-NJ-002_video_06_track_51.jpg,BEE_EVENT_1310,0.557,Re-entry (P=56%)
WW-NJ-001_video_05.mp4,7/15/2026 12:58,"76F, Clear",3.09,Medium - clover,1m to bare soil,15,"1.0m height, 45-deg downward",78,104,385,9.4,bee_crops/WW-NJ-001_video_05_track_78.jpg,BEE_EVENT_1311,0,New Unique Individual
PL-NJ-004_video_03.mp4,7/26/2026 10:56,"80F, Partly Cloudy",0.88,High - milkweed,10m to woodland edge,15,"0.8m height, 45-deg downward",31,4421,4540,4,bee_crops/PL-NJ-004_video_03_track_31.jpg,BEE_EVENT_1312,0,New Unique Individual
PL-NJ-004_video_09.mp4,8/9/2026 13:45,"84F, Partly Cloudy",2.91,Medium - mixed native wildflowers,4m to wood pile,15,"1.2m height, 50-deg downward",21,173,337,5.5,bee_crops/PL-NJ-004_video_09_track_21.jpg,BEE_EVENT_1313,0,New Unique Individual
PL-NJ-001_video_02.mp4,8/8/2026 13:49,"74F, Clear",3.07,High - milkweed,8m to brush edge,15,"0.9m height, 40-deg downward",17,3583,3754,5.75,bee_crops/PL-NJ-001_video_02_track_17.jpg,BEE_EVENT_1314,0.39,New Unique Individual
PL-NJ-003_video_05.mp4,7/31/2026 9:37,"82F, Cloudy",3.68,Medium - black-eyed Susan,1m to bare soil,15,"1.0m height, 45-deg downward",6,4156,4274,3.98,bee_crops/PL-NJ-003_video_05_track_6.jpg,BEE_EVENT_1315,0,New Unique Individual
WW-NJ-002_video_10.mp4,8/28/2026 10:39,"74F, Sunny",3.63,High - mountain mint,2m to bare soil,15,"1.0m height, 45-deg downward",50,5155,5437,9.42,bee_crops/WW-NJ-002_video_10_track_50.jpg,BEE_EVENT_1316,0,New Unique Individual
WW-NJ-002_video_06.mp4,8/18/2026 13:40,"72F, Partly Cloudy",2.59,Medium - clover,2m to bare soil,15,"0.8m height, 45-deg downward",15,2774,2927,5.12,bee_crops/WW-NJ-002_video_06_track_15.jpg,BEE_EVENT_1317,0,New Unique Individual
PL-NJ-002_video_01.mp4,8/2/2026 16:56,"74F, Sunny",1.27,Medium - clover,4m to wood pile,15,"0.9m height, 40-deg downward",35,1302,1512,7.03,bee_crops/PL-NJ-002_video_01_track_35.jpg,BEE_EVENT_1318,0,New Unique Individual
WW-NJ-005_video_05.mp4,8/14/2026 10:00,"74F, Cloudy",2.97,High - bee balm,10m to woodland edge,15,"0.8m height, 45-deg downward",38,4357,4529,5.78,bee_crops/WW-NJ-005_video_05_track_38.jpg,BEE_EVENT_1319,0,New Unique Individual
WW-NJ-002_video_10.mp4,8/20/2026 14:51,"82F, Cloudy",2.65,Medium - black-eyed Susan,2m to bare soil,15,"0.9m height, 40-deg downward",24,1998,2332,11.18,bee_crops/WW-NJ-002_video_10_track_24.jpg,BEE_EVENT_1320,0.46,New Unique Individual
WW-NJ-001_video_06.mp4,7/29/2026 9:13,"76F, Partly Cloudy",1.04,Medium - mixed native wildflowers,3m to bare soil,15,"0.9m height, 40-deg downward",72,3149,3468,10.65,bee_crops/WW-NJ-001_video_06_track_72.jpg,BEE_EVENT_1321,0,New Unique Individual
WW-NJ-001_video_04.mp4,8/8/2026 15:08,"80F, Sunny",3.77,High - goldenrod,4m to wood pile,15,"0.9m height, 40-deg downward",31,2709,2909,6.69,bee_crops/WW-NJ-001_video_04_track_31.jpg,BEE_EVENT_1322,0,New Unique Individual
WW-NJ-001_video_06.mp4,7/17/2026 11:51,"80F, Sunny",3.64,High - coneflower,6m to dead stems,15,"0.8m height, 45-deg downward",2,4350,4696,11.56,bee_crops/WW-NJ-001_video_06_track_2.jpg,BEE_EVENT_1323,0,New Unique Individual
PL-NJ-005_video_01.mp4,8/21/2026 10:15,"68F, Clear",3.38,High - milkweed,2m to bare soil,15,"0.8m height, 45-deg downward",78,481,1024,18.15,bee_crops/PL-NJ-005_video_01_track_78.jpg,BEE_EVENT_1323,0.796,Re-entry (P=80%)
PL-NJ-003_video_06.mp4,8/20/2026 16:49,"72F, Sunny",1.97,High - coneflower,1m to bare soil,15,"0.9m height, 40-deg downward",6,4895,4957,2.1,bee_crops/PL-NJ-003_video_06_track_6.jpg,BEE_EVENT_1324,0.435,New Unique Individual
PL-NJ-003_video_05.mp4,8/26/2026 14:21,"72F, Clear",3.94,Low - mixed lawn flowers,3m to bare soil,15,"1.2m height, 50-deg downward",37,2240,2406,5.58,bee_crops/PL-NJ-003_video_05_track_37.jpg,BEE_EVENT_1325,0,New Unique Individual
WW-NJ-004_video_09.mp4,7/20/2026 10:40,"84F, Clear",2.82,High - coneflower,8m to brush edge,15,"1.2m height, 50-deg downward",68,134,266,4.44,bee_crops/WW-NJ-004_video_09_track_68.jpg,BEE_EVENT_1326,0.356,New Unique Individual
PL-NJ-001_video_07.mp4,8/9/2026 12:00,"72F, Cloudy",2.71,Medium - clover,6m to dead stems,15,"0.9m height, 40-deg downward",7,1376,1534,5.29,bee_crops/PL-NJ-001_video_07_track_7.jpg,BEE_EVENT_1327,0,New Unique Individual
PL-NJ-002_video_07.mp4,7/15/2026 12:56,"72F, Cloudy",1.13,Medium - black-eyed Susan,1m to bare soil,15,"0.9m height, 40-deg downward",2,3346,3402,1.91,bee_crops/PL-NJ-002_video_07_track_2.jpg,BEE_EVENT_1328,0,New Unique Individual
WW-NJ-003_video_07.mp4,8/9/2026 9:13,"78F, Sunny",1.93,High - coneflower,1m to bare soil,15,"1.2m height, 50-deg downward",26,1612,1673,2.06,bee_crops/WW-NJ-003_video_07_track_26.jpg,BEE_EVENT_1329,0,New Unique Individual
WW-NJ-002_video_08.mp4,7/29/2026 10:32,"80F, Clear",3.39,Medium - clover,6m to dead stems,15,"0.9m height, 40-deg downward",74,4072,4112,1.37,bee_crops/WW-NJ-002_video_08_track_74.jpg,BEE_EVENT_1329,0.788,Re-entry (P=79%)
WW-NJ-002_video_04.mp4,7/30/2026 14:24,"80F, Clear",2.61,High - goldenrod,2m to bare soil,15,"0.8m height, 45-deg downward",41,3624,3800,5.9,bee_crops/WW-NJ-002_video_04_track_41.jpg,BEE_EVENT_1330,0,New Unique Individual
PL-NJ-003_video_10.mp4,7/18/2026 14:51,"84F, Cloudy",1.19,High - coneflower,8m to brush edge,15,"1.2m height, 50-deg downward",52,3771,3944,5.8,bee_crops/PL-NJ-003_video_10_track_52.jpg,BEE_EVENT_1331,0,New Unique Individual
PL-NJ-002_video_06.mp4,8/8/2026 10:40,"82F, Cloudy",1.42,Medium - clover,4m to wood pile,15,"0.8m height, 45-deg downward",48,1926,2529,20.13,bee_crops/PL-NJ-002_video_06_track_48.jpg,BEE_EVENT_1332,0,New Unique Individual
WW-NJ-001_video_03.mp4,7/30/2026 16:59,"84F, Partly Cloudy",3.36,High - coneflower,10m to woodland edge,15,"0.8m height, 45-deg downward",83,3884,4151,8.95,bee_crops/WW-NJ-001_video_03_track_83.jpg,BEE_EVENT_1332,0.854,Re-entry (P=85%)
PL-NJ-001_video_07.mp4,8/15/2026 12:18,"82F, Partly Cloudy",3.52,High - bee balm,2m to bare soil,15,"0.9m height, 40-deg downward",38,1554,1614,2.04,bee_crops/PL-NJ-001_video_07_track_38.jpg,BEE_EVENT_1332,0.65,Re-entry (P=65%)
WW-NJ-003_video_06.mp4,7/30/2026 11:57,"80F, Clear",3.79,Medium - aster,2m to bare soil,15,"0.9m height, 40-deg downward",61,3235,3575,11.36,bee_crops/WW-NJ-003_video_06_track_61.jpg,BEE_EVENT_1333,0,New Unique Individual
PL-NJ-005_video_03.mp4,7/29/2026 14:46,"72F, Sunny",0.95,High - milkweed,3m to bare soil,15,"0.8m height, 45-deg downward",9,1153,4002,95,bee_crops/PL-NJ-005_video_03_track_9.jpg,BEE_EVENT_1334,0,New Unique Individual
WW-NJ-004_video_04.mp4,9/1/2026 11:38,"76F, Sunny",1.74,High - milkweed,6m to dead stems,15,"1.0m height, 45-deg downward",78,2285,2347,2.11,bee_crops/WW-NJ-004_video_04_track_78.jpg,BEE_EVENT_1334,0.532,Re-entry (P=53%)
PL-NJ-001_video_02.mp4,8/5/2026 13:49,"68F, Clear",1.21,Medium - black-eyed Susan,4m to wood pile,15,"0.8m height, 45-deg downward",26,2803,3554,25.05,bee_crops/PL-NJ-001_video_02_track_26.jpg,BEE_EVENT_1335,0,New Unique Individual
WW-NJ-004_video_02.mp4,7/16/2026 9:50,"74F, Partly Cloudy",3.32,High - milkweed,10m to woodland edge,15,"0.9m height, 40-deg downward",81,3223,3460,7.93,bee_crops/WW-NJ-004_video_02_track_81.jpg,BEE_EVENT_1336,0,New Unique Individual
WW-NJ-003_video_03.mp4,8/15/2026 16:34,"80F, Cloudy",1.5,High - coneflower,4m to wood pile,15,"1.2m height, 50-deg downward",62,3825,4010,6.2,bee_crops/WW-NJ-003_video_03_track_62.jpg,BEE_EVENT_1336,0.577,Re-entry (P=58%)
PL-NJ-004_video_06.mp4,7/18/2026 12:29,"72F, Partly Cloudy",1.87,Medium - clover,8m to brush edge,15,"1.2m height, 50-deg downward",11,284,452,5.64,bee_crops/PL-NJ-004_video_06_track_11.jpg,BEE_EVENT_1337,0,New Unique Individual
WW-NJ-001_video_08.mp4,9/3/2026 13:51,"76F, Cloudy",1.22,Medium - aster,4m to wood pile,15,"1.2m height, 50-deg downward",65,440,743,10.12,bee_crops/WW-NJ-001_video_08_track_65.jpg,BEE_EVENT_1337,0.677,Re-entry (P=68%)
PL-NJ-005_video_01.mp4,9/6/2026 15:58,"74F, Partly Cloudy",0.84,High - goldenrod,10m to woodland edge,15,"1.2m height, 50-deg downward",82,1310,1496,6.23,bee_crops/PL-NJ-005_video_01_track_82.jpg,BEE_EVENT_1338,0,New Unique Individual
PL-NJ-002_video_05.mp4,8/10/2026 10:23,"82F, Sunny",2.23,Medium - clover,6m to dead stems,15,"1.0m height, 45-deg downward",76,4700,4817,3.92,bee_crops/PL-NJ-002_video_05_track_76.jpg,BEE_EVENT_1339,0,New Unique Individual
PL-NJ-005_video_08.mp4,8/31/2026 13:58,"84F, Sunny",3.33,High - mountain mint,6m to dead stems,15,"1.2m height, 50-deg downward",41,4901,5073,5.77,bee_crops/PL-NJ-005_video_08_track_41.jpg,BEE_EVENT_1339,0.568,Re-entry (P=57%)
WW-NJ-004_video_03.mp4,9/5/2026 15:54,"72F, Clear",1.75,High - bee balm,4m to wood pile,15,"0.8m height, 45-deg downward",17,3576,3884,10.31,bee_crops/WW-NJ-004_video_03_track_17.jpg,BEE_EVENT_1340,0.453,New Unique Individual
PL-NJ-004_video_02.mp4,8/26/2026 10:26,"74F, Sunny",1.72,Medium - clover,1m to bare soil,15,"0.8m height, 45-deg downward",24,5046,5427,12.75,bee_crops/PL-NJ-004_video_02_track_24.jpg,BEE_EVENT_1341,0,New Unique Individual
PL-NJ-002_video_03.mp4,7/23/2026 12:57,"82F, Partly Cloudy",3.91,High - mountain mint,10m to woodland edge,15,"1.0m height, 45-deg downward",44,4847,5661,27.16,bee_crops/PL-NJ-002_video_03_track_44.jpg,BEE_EVENT_1342,0,New Unique Individual
PL-NJ-003_video_09.mp4,8/28/2026 16:09,"72F, Partly Cloudy",3.28,Medium - mixed native wildflowers,4m to wood pile,15,"0.9m height, 40-deg downward",8,4206,4466,8.7,bee_crops/PL-NJ-003_video_09_track_8.jpg,BEE_EVENT_1343,0,New Unique Individual
PL-NJ-004_video_05.mp4,7/19/2026 15:38,"74F, Clear",2.03,High - coneflower,4m to wood pile,15,"1.2m height, 50-deg downward",60,406,974,18.96,bee_crops/PL-NJ-004_video_05_track_60.jpg,BEE_EVENT_1344,0,New Unique Individual
PL-NJ-005_video_10.mp4,8/18/2026 13:30,"84F, Cloudy",3.21,Medium - clover,6m to dead stems,15,"1.2m height, 50-deg downward",73,201,416,7.2,bee_crops/PL-NJ-005_video_10_track_73.jpg,BEE_EVENT_1345,0,New Unique Individual
PL-NJ-002_video_04.mp4,8/27/2026 12:05,"72F, Cloudy",3.55,Medium - aster,10m to woodland edge,15,"0.8m height, 45-deg downward",7,5087,5321,7.83,bee_crops/PL-NJ-002_video_04_track_7.jpg,BEE_EVENT_1346,0,New Unique Individual
WW-NJ-001_video_10.mp4,7/24/2026 15:10,"70F, Clear",2.08,High - goldenrod,3m to bare soil,15,"1.2m height, 50-deg downward",58,3148,3374,7.57,bee_crops/WW-NJ-001_video_10_track_58.jpg,BEE_EVENT_1347,0,New Unique Individual
PL-NJ-002_video_05.mp4,8/5/2026 16:47,"78F, Cloudy",3.83,Medium - clover,3m to bare soil,15,"0.8m height, 45-deg downward",23,4283,4564,9.39,bee_crops/PL-NJ-002_video_05_track_23.jpg,BEE_EVENT_1347,0.735,Re-entry (P=74%)
WW-NJ-001_video_07.mp4,8/17/2026 16:26,"84F, Clear",3.32,Medium - black-eyed Susan,8m to brush edge,15,"0.8m height, 45-deg downward",46,4269,4699,14.37,bee_crops/WW-NJ-001_video_07_track_46.jpg,BEE_EVENT_1347,0.668,Re-entry (P=67%)
WW-NJ-002_video_03.mp4,7/26/2026 14:00,"82F, Sunny",1.63,Medium - mixed native wildflowers,2m to bare soil,15,"1.0m height, 45-deg downward",26,2479,2660,6.07,bee_crops/WW-NJ-002_video_03_track_26.jpg,BEE_EVENT_1348,0,New Unique Individual
PL-NJ-004_video_07.mp4,7/16/2026 12:58,"70F, Sunny",3.43,High - goldenrod,2m to bare soil,15,"0.9m height, 40-deg downward",25,2608,2744,4.58,bee_crops/PL-NJ-004_video_07_track_25.jpg,BEE_EVENT_1349,0.43,New Unique Individual
WW-NJ-005_video_03.mp4,7/28/2026 15:08,"68F, Sunny",0.94,Medium - clover,6m to dead stems,15,"1.2m height, 50-deg downward",9,1421,1876,15.19,bee_crops/WW-NJ-005_video_03_track_9.jpg,BEE_EVENT_1349,0.628,Re-entry (P=63%)
PL-NJ-002_video_02.mp4,9/5/2026 16:43,"82F, Clear",3.58,Low - mixed lawn flowers,3m to bare soil,15,"1.0m height, 45-deg downward",72,3972,4404,14.43,bee_crops/PL-NJ-002_video_02_track_72.jpg,BEE_EVENT_1349,0.698,Re-entry (P=70%)
WW-NJ-005_video_09.mp4,7/15/2026 13:25,"80F, Clear",2.28,Medium - clover,6m to dead stems,15,"0.8m height, 45-deg downward",74,347,984,21.27,bee_crops/WW-NJ-005_video_09_track_74.jpg,BEE_EVENT_1350,0,New Unique Individual
WW-NJ-004_video_10.mp4,7/31/2026 9:26,"68F, Cloudy",3.45,Medium - mixed native wildflowers,1m to bare soil,15,"1.0m height, 45-deg downward",79,4789,4953,5.51,bee_crops/WW-NJ-004_video_10_track_79.jpg,BEE_EVENT_1350,0.569,Re-entry (P=57%)
WW-NJ-001_video_04.mp4,7/20/2026 14:38,"78F, Sunny",3.92,High - bee balm,4m to wood pile,15,"1.0m height, 45-deg downward",40,4920,5130,7.03,bee_crops/WW-NJ-001_video_04_track_40.jpg,BEE_EVENT_1350,0.632,Re-entry (P=63%)
PL-NJ-003_video_08.mp4,8/14/2026 13:39,"78F, Clear",2.27,Low - mixed lawn flowers,1m to bare soil,15,"0.9m height, 40-deg downward",35,3579,4046,15.61,bee_crops/PL-NJ-003_video_08_track_35.jpg,BEE_EVENT_1351,0,New Unique Individual
PL-NJ-004_video_03.mp4,7/27/2026 9:37,"78F, Clear",3.21,High - bee balm,1m to bare soil,15,"0.9m height, 40-deg downward",21,4277,4457,6.03,bee_crops/PL-NJ-004_video_03_track_21.jpg,BEE_EVENT_1351,0.543,Re-entry (P=54%)
PL-NJ-002_video_01.mp4,8/31/2026 14:51,"76F, Cloudy",2.01,Low - mixed lawn flowers,4m to wood pile,15,"0.9m height, 40-deg downward",38,4495,4865,12.38,bee_crops/PL-NJ-002_video_01_track_38.jpg,BEE_EVENT_1352,0,New Unique Individual
WW-NJ-004_video_02.mp4,9/7/2026 16:17,"74F, Clear",2.03,High - bee balm,1m to bare soil,15,"0.8m height, 45-deg downward",60,21,237,7.22,bee_crops/WW-NJ-004_video_02_track_60.jpg,BEE_EVENT_1353,0,New Unique Individual
WW-NJ-003_video_05.mp4,9/2/2026 11:29,"76F, Sunny",3.43,Low - mixed lawn flowers,4m to wood pile,15,"1.0m height, 45-deg downward",31,2964,3265,10.08,bee_crops/WW-NJ-003_video_05_track_31.jpg,BEE_EVENT_1353,0.544,Re-entry (P=54%)
PL-NJ-003_video_02.mp4,8/12/2026 9:14,"68F, Cloudy",1.53,Low - mixed lawn flowers,3m to bare soil,15,"1.2m height, 50-deg downward",70,1403,1518,3.87,bee_crops/PL-NJ-003_video_02_track_70.jpg,BEE_EVENT_1354,0,New Unique Individual
PL-NJ-003_video_01.mp4,8/26/2026 13:56,"78F, Sunny",3.95,Low - mixed lawn flowers,8m to brush edge,15,"0.9m height, 40-deg downward",54,3818,4076,8.63,bee_crops/PL-NJ-003_video_01_track_54.jpg,BEE_EVENT_1355,0,New Unique Individual
PL-NJ-001_video_04.mp4,8/21/2026 10:57,"82F, Cloudy",2.53,High - goldenrod,6m to dead stems,15,"0.8m height, 45-deg downward",46,4462,4496,1.17,bee_crops/PL-NJ-001_video_04_track_46.jpg,BEE_EVENT_1356,0,New Unique Individual
PL-NJ-001_video_08.mp4,8/22/2026 9:40,"80F, Cloudy",1.77,Medium - mixed native wildflowers,10m to woodland edge,15,"1.0m height, 45-deg downward",65,4760,5295,17.88,bee_crops/PL-NJ-001_video_08_track_65.jpg,BEE_EVENT_1356,0.567,Re-entry (P=57%)
PL-NJ-004_video_01.mp4,9/8/2026 11:06,"74F, Sunny",2.08,High - bee balm,2m to bare soil,15,"0.8m height, 45-deg downward",81,3924,4329,13.54,bee_crops/PL-NJ-004_video_01_track_81.jpg,BEE_EVENT_1357,0,New Unique Individual
PL-NJ-005_video_01.mp4,8/24/2026 14:52,"70F, Cloudy",2.55,Medium - mixed native wildflowers,10m to woodland edge,15,"0.8m height, 45-deg downward",66,723,854,4.41,bee_crops/PL-NJ-005_video_01_track_66.jpg,BEE_EVENT_1358,0,New Unique Individual
WW-NJ-001_video_08.mp4,7/15/2026 15:29,"68F, Partly Cloudy",0.92,High - coneflower,2m to bare soil,15,"0.9m height, 40-deg downward",19,4883,5645,25.43,bee_crops/WW-NJ-001_video_08_track_19.jpg,BEE_EVENT_1359,0,New Unique Individual
WW-NJ-003_video_07.mp4,8/19/2026 12:19,"80F, Cloudy",3.7,Medium - mixed native wildflowers,1m to bare soil,15,"1.0m height, 45-deg downward",41,2252,2763,17.08,bee_crops/WW-NJ-003_video_07_track_41.jpg,BEE_EVENT_1359,0.561,Re-entry (P=56%)
PL-NJ-005_video_07.mp4,9/8/2026 12:17,"68F, Cloudy",1.93,Medium - aster,2m to bare soil,15,"0.8m height, 45-deg downward",22,2772,2890,3.98,bee_crops/PL-NJ-005_video_07_track_22.jpg,BEE_EVENT_1360,0,New Unique Individual
WW-NJ-004_video_02.mp4,8/4/2026 14:26,"82F, Clear",0.94,Medium - clover,2m to bare soil,15,"0.8m height, 45-deg downward",68,5179,5352,5.79,bee_crops/WW-NJ-004_video_02_track_68.jpg,BEE_EVENT_1361,0,New Unique Individual
PL-NJ-005_video_04.mp4,8/17/2026 13:50,"78F, Sunny",1.64,High - mountain mint,1m to bare soil,15,"1.2m height, 50-deg downward",9,2296,2418,4.11,bee_crops/PL-NJ-005_video_04_track_9.jpg,BEE_EVENT_1362,0,New Unique Individual
PL-NJ-003_video_01.mp4,8/25/2026 10:53,"68F, Cloudy",3.8,Medium - clover,6m to dead stems,15,"0.9m height, 40-deg downward",15,1249,1556,10.27,bee_crops/PL-NJ-003_video_01_track_15.jpg,BEE_EVENT_1363,0,New Unique Individual
PL-NJ-002_video_09.mp4,8/22/2026 10:52,"82F, Sunny",2.66,Medium - aster,10m to woodland edge,15,"1.0m height, 45-deg downward",30,307,475,5.64,bee_crops/PL-NJ-002_video_09_track_30.jpg,BEE_EVENT_1364,0,New Unique Individual
WW-NJ-005_video_05.mp4,8/6/2026 15:37,"76F, Partly Cloudy",1.64,Medium - aster,10m to woodland edge,15,"0.9m height, 40-deg downward",55,2392,2462,2.36,bee_crops/WW-NJ-005_video_05_track_55.jpg,BEE_EVENT_1365,0,New Unique Individual
WW-NJ-001_video_02.mp4,8/11/2026 12:13,"82F, Sunny",1.82,High - milkweed,3m to bare soil,15,"0.9m height, 40-deg downward",47,5023,5256,7.81,bee_crops/WW-NJ-001_video_02_track_47.jpg,BEE_EVENT_1366,0,New Unique Individual
WW-NJ-003_video_10.mp4,8/29/2026 11:47,"80F, Sunny",1.55,Medium - mixed native wildflowers,2m to bare soil,15,"0.8m height, 45-deg downward",43,3598,4040,14.77,bee_crops/WW-NJ-003_video_10_track_43.jpg,BEE_EVENT_1367,0,New Unique Individual
WW-NJ-005_video_03.mp4,9/5/2026 12:19,"78F, Clear",1.76,Medium - black-eyed Susan,8m to brush edge,15,"1.2m height, 50-deg downward",69,1435,1696,8.75,bee_crops/WW-NJ-005_video_03_track_69.jpg,BEE_EVENT_1367,0.604,Re-entry (P=60%)
PL-NJ-003_video_04.mp4,8/3/2026 13:55,"80F, Sunny",3.51,High - mountain mint,3m to bare soil,15,"1.2m height, 50-deg downward",70,3149,3497,11.63,bee_crops/PL-NJ-003_video_04_track_70.jpg,BEE_EVENT_1368,0,New Unique Individual
WW-NJ-002_video_08.mp4,8/1/2026 10:32,"68F, Partly Cloudy",2.21,Medium - clover,1m to bare soil,15,"0.8m height, 45-deg downward",52,522,800,9.3,bee_crops/WW-NJ-002_video_08_track_52.jpg,BEE_EVENT_1369,0,New Unique Individual
WW-NJ-002_video_05.mp4,7/21/2026 12:55,"80F, Clear",3.48,Medium - aster,10m to woodland edge,15,"1.0m height, 45-deg downward",63,2457,2850,13.15,bee_crops/WW-NJ-002_video_05_track_63.jpg,BEE_EVENT_1370,0,New Unique Individual
WW-NJ-005_video_01.mp4,8/31/2026 11:42,"74F, Sunny",2.52,High - mountain mint,10m to woodland edge,15,"1.0m height, 45-deg downward",55,1028,1323,9.85,bee_crops/WW-NJ-005_video_01_track_55.jpg,BEE_EVENT_1371,0,New Unique Individual
PL-NJ-001_video_01.mp4,8/20/2026 15:50,"80F, Cloudy",1.17,High - milkweed,4m to wood pile,15,"0.8m height, 45-deg downward",77,1534,1759,7.54,bee_crops/PL-NJ-001_video_01_track_77.jpg,BEE_EVENT_1372,0,New Unique Individual
PL-NJ-002_video_07.mp4,8/11/2026 10:05,"74F, Partly Cloudy",3.99,Medium - black-eyed Susan,10m to woodland edge,15,"0.8m height, 45-deg downward",18,1144,1403,8.68,bee_crops/PL-NJ-002_video_07_track_18.jpg,BEE_EVENT_1373,0,New Unique Individual
WW-NJ-003_video_03.mp4,8/27/2026 12:22,"70F, Cloudy",2.68,High - goldenrod,4m to wood pile,15,"1.0m height, 45-deg downward",54,5028,5683,21.88,bee_crops/WW-NJ-003_video_03_track_54.jpg,BEE_EVENT_1374,0,New Unique Individual
PL-NJ-005_video_01.mp4,7/21/2026 17:00,"72F, Clear",2.77,Medium - clover,10m to woodland edge,15,"0.9m height, 40-deg downward",16,3706,4067,12.08,bee_crops/PL-NJ-005_video_01_track_16.jpg,BEE_EVENT_1375,0,New Unique Individual
WW-NJ-001_video_10.mp4,7/25/2026 12:20,"80F, Cloudy",1,High - mountain mint,3m to bare soil,15,"1.0m height, 45-deg downward",49,2871,3002,4.4,bee_crops/WW-NJ-001_video_10_track_49.jpg,BEE_EVENT_1376,0,New Unique Individual
WW-NJ-002_video_09.mp4,8/8/2026 12:36,"78F, Clear",2.01,High - coneflower,3m to bare soil,15,"1.0m height, 45-deg downward",82,1051,1308,8.59,bee_crops/WW-NJ-002_video_09_track_82.jpg,BEE_EVENT_1376,0.515,Re-entry (P=52%)
WW-NJ-005_video_02.mp4,8/3/2026 9:06,"78F, Partly Cloudy",3.77,Medium - mixed native wildflowers,8m to brush edge,15,"1.2m height, 50-deg downward",44,1773,2076,10.15,bee_crops/WW-NJ-005_video_02_track_44.jpg,BEE_EVENT_1376,0.548,Re-entry (P=55%)
WW-NJ-005_video_05.mp4,8/27/2026 13:40,"84F, Sunny",2.34,High - bee balm,3m to bare soil,15,"0.9m height, 40-deg downward",31,3272,3492,7.38,bee_crops/WW-NJ-005_video_05_track_31.jpg,BEE_EVENT_1377,0,New Unique Individual
WW-NJ-002_video_05.mp4,8/7/2026 13:29,"76F, Partly Cloudy",2,Medium - aster,3m to bare soil,15,"0.8m height, 45-deg downward",15,686,756,2.36,bee_crops/WW-NJ-002_video_05_track_15.jpg,BEE_EVENT_1378,0.464,New Unique Individual
PL-NJ-004_video_08.mp4,8/21/2026 14:18,"76F, Clear",1.23,High - goldenrod,3m to bare soil,15,"1.0m height, 45-deg downward",57,521,660,4.67,bee_crops/PL-NJ-004_video_08_track_57.jpg,BEE_EVENT_1379,0,New Unique Individual
PL-NJ-002_video_07.mp4,7/21/2026 12:08,"68F, Sunny",3.37,Medium - mixed native wildflowers,8m to brush edge,15,"0.9m height, 40-deg downward",32,4329,4515,6.24,bee_crops/PL-NJ-002_video_07_track_32.jpg,BEE_EVENT_1379,0.818,Re-entry (P=82%)
WW-NJ-002_video_02.mp4,7/31/2026 12:32,"70F, Cloudy",2.51,High - bee balm,10m to woodland edge,15,"0.8m height, 45-deg downward",71,3944,4779,27.85,bee_crops/WW-NJ-002_video_02_track_71.jpg,BEE_EVENT_1380,0,New Unique Individual
WW-NJ-001_video_10.mp4,8/26/2026 15:45,"72F, Cloudy",1.82,High - mountain mint,10m to woodland edge,15,"0.8m height, 45-deg downward",53,4297,4632,11.2,bee_crops/WW-NJ-001_video_10_track_53.jpg,BEE_EVENT_1381,0,New Unique Individual
WW-NJ-001_video_03.mp4,9/8/2026 15:57,"70F, Clear",2.9,High - milkweed,2m to bare soil,15,"1.0m height, 45-deg downward",2,4737,4826,2.99,bee_crops/WW-NJ-001_video_03_track_2.jpg,BEE_EVENT_1382,0,New Unique Individual
WW-NJ-001_video_03.mp4,7/27/2026 9:16,"78F, Clear",2.18,Medium - clover,10m to woodland edge,15,"1.0m height, 45-deg downward",22,4115,4344,7.68,bee_crops/WW-NJ-001_video_03_track_22.jpg,BEE_EVENT_1383,0,New Unique Individual
WW-NJ-002_video_02.mp4,8/2/2026 11:06,"70F, Sunny",2.11,High - goldenrod,3m to bare soil,15,"1.2m height, 50-deg downward",76,3308,3887,19.33,bee_crops/WW-NJ-002_video_02_track_76.jpg,BEE_EVENT_1384,0,New Unique Individual
WW-NJ-001_video_02.mp4,9/8/2026 15:32,"72F, Partly Cloudy",1.46,Medium - mixed native wildflowers,10m to woodland edge,15,"1.0m height, 45-deg downward",36,2047,2214,5.59,bee_crops/WW-NJ-001_video_02_track_36.jpg,BEE_EVENT_1385,0.454,New Unique Individual
PL-NJ-005_video_03.mp4,7/26/2026 11:08,"70F, Sunny",2.01,High - goldenrod,1m to bare soil,15,"1.0m height, 45-deg downward",33,3052,3532,16.04,bee_crops/PL-NJ-005_video_03_track_33.jpg,BEE_EVENT_1386,0,New Unique Individual
WW-NJ-004_video_04.mp4,8/20/2026 10:17,"72F, Sunny",2.85,Medium - clover,10m to woodland edge,15,"1.0m height, 45-deg downward",21,1867,1957,3.04,bee_crops/WW-NJ-004_video_04_track_21.jpg,BEE_EVENT_1386,0.557,Re-entry (P=56%)
PL-NJ-002_video_05.mp4,8/5/2026 11:18,"76F, Cloudy",1.39,Medium - black-eyed Susan,4m to wood pile,15,"0.8m height, 45-deg downward",23,2493,2531,1.3,bee_crops/PL-NJ-002_video_05_track_23.jpg,BEE_EVENT_1386,0.562,Re-entry (P=56%)
WW-NJ-005_video_03.mp4,8/31/2026 9:51,"80F, Cloudy",3.84,High - milkweed,8m to brush edge,15,"1.0m height, 45-deg downward",36,4779,5313,17.82,bee_crops/WW-NJ-005_video_03_track_36.jpg,BEE_EVENT_1387,0,New Unique Individual
PL-NJ-004_video_06.mp4,7/26/2026 16:58,"78F, Cloudy",1.94,High - coneflower,4m to wood pile,15,"1.2m height, 50-deg downward",43,1901,2081,6.04,bee_crops/PL-NJ-004_video_06_track_43.jpg,BEE_EVENT_1388,0,New Unique Individual
WW-NJ-002_video_05.mp4,8/15/2026 15:15,"68F, Cloudy",3.32,Medium - mixed native wildflowers,3m to bare soil,15,"0.8m height, 45-deg downward",35,3029,3101,2.42,bee_crops/WW-NJ-002_video_05_track_35.jpg,BEE_EVENT_1389,0,New Unique Individual
PL-NJ-001_video_04.mp4,7/30/2026 15:59,"76F, Clear",3.03,High - bee balm,10m to woodland edge,15,"0.9m height, 40-deg downward",56,4765,4954,6.34,bee_crops/PL-NJ-001_video_04_track_56.jpg,BEE_EVENT_1390,0,New Unique Individual
WW-NJ-004_video_06.mp4,7/28/2026 15:13,"84F, Partly Cloudy",3.62,Low - mixed lawn flowers,2m to bare soil,15,"1.2m height, 50-deg downward",26,5193,5469,9.24,bee_crops/WW-NJ-004_video_06_track_26.jpg,BEE_EVENT_1391,0,New Unique Individual
PL-NJ-002_video_08.mp4,8/21/2026 11:24,"72F, Cloudy",1.88,High - coneflower,2m to bare soil,15,"1.0m height, 45-deg downward",42,846,1173,10.94,bee_crops/PL-NJ-002_video_08_track_42.jpg,BEE_EVENT_1392,0,New Unique Individual
WW-NJ-005_video_07.mp4,8/19/2026 14:37,"68F, Sunny",1.59,Low - mixed lawn flowers,4m to wood pile,15,"1.0m height, 45-deg downward",38,3516,3564,1.62,bee_crops/WW-NJ-005_video_07_track_38.jpg,BEE_EVENT_1393,0,New Unique Individual
PL-NJ-005_video_04.mp4,8/23/2026 10:31,"84F, Sunny",1.93,High - milkweed,4m to wood pile,15,"1.0m height, 45-deg downward",60,788,947,5.32,bee_crops/PL-NJ-005_video_04_track_60.jpg,BEE_EVENT_1393,0.646,Re-entry (P=65%)
WW-NJ-004_video_08.mp4,7/23/2026 15:08,"70F, Cloudy",3.01,High - goldenrod,10m to woodland edge,15,"0.9m height, 40-deg downward",71,3863,4117,8.49,bee_crops/WW-NJ-004_video_08_track_71.jpg,BEE_EVENT_1394,0,New Unique Individual
WW-NJ-001_video_09.mp4,7/23/2026 15:51,"72F, Clear",2.64,High - coneflower,4m to wood pile,15,"1.0m height, 45-deg downward",76,2254,2581,10.92,bee_crops/WW-NJ-001_video_09_track_76.jpg,BEE_EVENT_1395,0,New Unique Individual
PL-NJ-003_video_07.mp4,7/26/2026 14:46,"72F, Clear",3.48,Low - mixed lawn flowers,3m to bare soil,15,"0.9m height, 40-deg downward",27,2278,2408,4.37,bee_crops/PL-NJ-003_video_07_track_27.jpg,BEE_EVENT_1396,0,New Unique Individual
WW-NJ-004_video_10.mp4,7/21/2026 16:13,"76F, Partly Cloudy",3.55,Low - mixed lawn flowers,4m to wood pile,15,"1.2m height, 50-deg downward",65,4793,5006,7.14,bee_crops/WW-NJ-004_video_10_track_65.jpg,BEE_EVENT_1397,0,New Unique Individual
WW-NJ-002_video_02.mp4,7/26/2026 15:49,"82F, Cloudy",3.1,Low - mixed lawn flowers,4m to wood pile,15,"0.8m height, 45-deg downward",53,3140,3306,5.58,bee_crops/WW-NJ-002_video_02_track_53.jpg,BEE_EVENT_1398,0,New Unique Individual
PL-NJ-004_video_04.mp4,7/28/2026 14:19,"80F, Partly Cloudy",1.16,High - coneflower,3m to bare soil,15,"0.8m height, 45-deg downward",15,4916,5199,9.45,bee_crops/PL-NJ-004_video_04_track_15.jpg,BEE_EVENT_1399,0,New Unique Individual
WW-NJ-004_video_10.mp4,8/22/2026 13:51,"74F, Partly Cloudy",0.91,High - coneflower,3m to bare soil,15,"1.2m height, 50-deg downward",28,4794,5313,17.35,bee_crops/WW-NJ-004_video_10_track_28.jpg,BEE_EVENT_1400,0,New Unique Individual
PL-NJ-002_video_08.mp4,8/26/2026 12:48,"76F, Clear",2.51,High - coneflower,1m to bare soil,15,"0.8m height, 45-deg downward",10,2242,2438,6.56,bee_crops/PL-NJ-002_video_08_track_10.jpg,BEE_EVENT_1401,0,New Unique Individual
PL-NJ-003_video_10.mp4,7/28/2026 9:09,"70F, Sunny",3.71,High - coneflower,3m to bare soil,15,"0.8m height, 45-deg downward",4,2057,2156,3.35,bee_crops/PL-NJ-003_video_10_track_4.jpg,BEE_EVENT_1401,0.504,Re-entry (P=50%)
WW-NJ-003_video_01.mp4,7/24/2026 15:59,"84F, Sunny",3.76,Medium - black-eyed Susan,6m to dead stems,15,"0.8m height, 45-deg downward",32,3417,3570,5.15,bee_crops/WW-NJ-003_video_01_track_32.jpg,BEE_EVENT_1402,0,New Unique Individual
WW-NJ-002_video_04.mp4,7/31/2026 14:24,"68F, Clear",1.64,High - bee balm,2m to bare soil,15,"0.8m height, 45-deg downward",55,4535,5291,25.22,bee_crops/WW-NJ-002_video_04_track_55.jpg,BEE_EVENT_1403,0.433,New Unique Individual
WW-NJ-002_video_08.mp4,9/6/2026 10:18,"78F, Sunny",2.02,High - coneflower,10m to woodland edge,15,"0.8m height, 45-deg downward",64,4453,4592,4.68,bee_crops/WW-NJ-002_video_08_track_64.jpg,BEE_EVENT_1404,0.37,New Unique Individual
WW-NJ-002_video_10.mp4,8/27/2026 13:59,"82F, Partly Cloudy",3.99,High - mountain mint,6m to dead stems,15,"0.8m height, 45-deg downward",38,133,244,3.74,bee_crops/WW-NJ-002_video_10_track_38.jpg,BEE_EVENT_1404,0.682,Re-entry (P=68%)
WW-NJ-005_video_06.mp4,7/23/2026 16:49,"74F, Cloudy",3.27,Low - mixed lawn flowers,10m to woodland edge,15,"1.2m height, 50-deg downward",63,616,804,6.31,bee_crops/WW-NJ-005_video_06_track_63.jpg,BEE_EVENT_1405,0,New Unique Individual
PL-NJ-002_video_04.mp4,8/22/2026 10:20,"68F, Clear",3.32,High - coneflower,6m to dead stems,15,"0.8m height, 45-deg downward",85,4540,4770,7.69,bee_crops/PL-NJ-002_video_04_track_85.jpg,BEE_EVENT_1406,0,New Unique Individual
WW-NJ-002_video_10.mp4,8/2/2026 11:20,"76F, Sunny",1.29,Medium - clover,8m to brush edge,15,"1.0m height, 45-deg downward",11,5255,5428,5.79,bee_crops/WW-NJ-002_video_10_track_11.jpg,BEE_EVENT_1407,0,New Unique Individual
WW-NJ-004_video_06.mp4,7/18/2026 15:43,"80F, Cloudy",3.89,High - bee balm,6m to dead stems,15,"1.2m height, 50-deg downward",45,3550,3641,3.05,bee_crops/WW-NJ-004_video_06_track_45.jpg,BEE_EVENT_1408,0,New Unique Individual
PL-NJ-001_video_03.mp4,9/1/2026 16:52,"72F, Clear",3.66,High - goldenrod,4m to wood pile,15,"0.8m height, 45-deg downward",60,2555,2856,10.06,bee_crops/PL-NJ-001_video_03_track_60.jpg,BEE_EVENT_1409,0,New Unique Individual
PL-NJ-005_video_10.mp4,8/1/2026 14:32,"74F, Sunny",2.73,Medium - mixed native wildflowers,3m to bare soil,15,"0.8m height, 45-deg downward",76,3199,3482,9.45,bee_crops/PL-NJ-005_video_10_track_76.jpg,BEE_EVENT_1410,0,New Unique Individual
PL-NJ-001_video_07.mp4,8/12/2026 14:47,"84F, Partly Cloudy",1.47,Medium - clover,10m to woodland edge,15,"1.0m height, 45-deg downward",58,3293,3676,12.81,bee_crops/PL-NJ-001_video_07_track_58.jpg,BEE_EVENT_1411,0,New Unique Individual
WW-NJ-002_video_08.mp4,7/24/2026 15:30,"80F, Sunny",3.23,Medium - clover,3m to bare soil,15,"0.9m height, 40-deg downward",2,1092,1370,9.31,bee_crops/WW-NJ-002_video_08_track_2.jpg,BEE_EVENT_1412,0,New Unique Individual
WW-NJ-001_video_02.mp4,8/2/2026 13:12,"84F, Partly Cloudy",0.82,Medium - black-eyed Susan,3m to bare soil,15,"0.8m height, 45-deg downward",66,1823,2530,23.59,bee_crops/WW-NJ-001_video_02_track_66.jpg,BEE_EVENT_1413,0,New Unique Individual
WW-NJ-002_video_01.mp4,7/15/2026 15:31,"70F, Partly Cloudy",2.72,High - mountain mint,6m to dead stems,15,"1.0m height, 45-deg downward",1,4436,4841,13.52,bee_crops/WW-NJ-002_video_01_track_1.jpg,BEE_EVENT_1414,0,New Unique Individual
WW-NJ-003_video_04.mp4,8/16/2026 10:12,"72F, Partly Cloudy",3.58,High - bee balm,6m to dead stems,15,"1.0m height, 45-deg downward",24,2877,3227,11.7,bee_crops/WW-NJ-003_video_04_track_24.jpg,BEE_EVENT_1414,0.877,Re-entry (P=88%)
WW-NJ-005_video_08.mp4,8/4/2026 11:38,"76F, Sunny",1.95,Low - mixed lawn flowers,3m to bare soil,15,"0.8m height, 45-deg downward",5,1578,2112,17.82,bee_crops/WW-NJ-005_video_08_track_5.jpg,BEE_EVENT_1415,0,New Unique Individual
PL-NJ-004_video_05.mp4,8/12/2026 10:19,"70F, Clear",3.65,High - coneflower,8m to brush edge,15,"0.8m height, 45-deg downward",41,3056,3323,8.95,bee_crops/PL-NJ-004_video_05_track_41.jpg,BEE_EVENT_1416,0.321,New Unique Individual
WW-NJ-003_video_03.mp4,9/2/2026 11:57,"76F, Clear",3.33,Medium - black-eyed Susan,4m to wood pile,15,"0.8m height, 45-deg downward",77,63,279,7.24,bee_crops/WW-NJ-003_video_03_track_77.jpg,BEE_EVENT_1417,0,New Unique Individual
PL-NJ-004_video_04.mp4,7/16/2026 11:39,"76F, Clear",3.52,High - goldenrod,10m to woodland edge,15,"1.2m height, 50-deg downward",32,141,440,9.99,bee_crops/PL-NJ-004_video_04_track_32.jpg,BEE_EVENT_1418,0,New Unique Individual
PL-NJ-005_video_06.mp4,9/8/2026 11:55,"76F, Cloudy",3.24,High - coneflower,6m to dead stems,15,"0.9m height, 40-deg downward",59,4183,4251,2.3,bee_crops/PL-NJ-005_video_06_track_59.jpg,BEE_EVENT_1419,0,New Unique Individual
WW-NJ-003_video_09.mp4,7/17/2026 11:10,"74F, Cloudy",2.43,Medium - mixed native wildflowers,2m to bare soil,15,"1.2m height, 50-deg downward",64,5256,5524,8.97,bee_crops/WW-NJ-003_video_09_track_64.jpg,BEE_EVENT_1420,0,New Unique Individual
PL-NJ-004_video_01.mp4,8/27/2026 12:34,"72F, Partly Cloudy",2.67,High - coneflower,10m to woodland edge,15,"0.9m height, 40-deg downward",33,4574,4803,7.68,bee_crops/PL-NJ-004_video_01_track_33.jpg,BEE_EVENT_1421,0,New Unique Individual
WW-NJ-004_video_07.mp4,8/22/2026 9:25,"82F, Clear",2.57,Medium - clover,8m to brush edge,15,"0.8m height, 45-deg downward",70,2720,3041,10.73,bee_crops/WW-NJ-004_video_07_track_70.jpg,BEE_EVENT_1422,0,New Unique Individual
WW-NJ-003_video_10.mp4,8/31/2026 9:58,"68F, Clear",2.73,Medium - black-eyed Susan,2m to bare soil,15,"0.9m height, 40-deg downward",2,3434,3915,16.07,bee_crops/WW-NJ-003_video_10_track_2.jpg,BEE_EVENT_1423,0,New Unique Individual
WW-NJ-001_video_07.mp4,8/5/2026 15:34,"78F, Sunny",1.55,High - mountain mint,1m to bare soil,15,"0.9m height, 40-deg downward",41,1971,2328,11.93,bee_crops/WW-NJ-001_video_07_track_41.jpg,BEE_EVENT_1424,0.465,New Unique Individual
PL-NJ-002_video_09.mp4,7/19/2026 13:42,"74F, Clear",0.99,Medium - clover,2m to bare soil,15,"0.9m height, 40-deg downward",52,4521,4675,5.16,bee_crops/PL-NJ-002_video_09_track_52.jpg,BEE_EVENT_1425,0,New Unique Individual
WW-NJ-003_video_10.mp4,9/7/2026 15:23,"72F, Sunny",1.76,Medium - aster,6m to dead stems,15,"1.2m height, 50-deg downward",24,2207,2633,14.24,bee_crops/WW-NJ-003_video_10_track_24.jpg,BEE_EVENT_1425,0.784,Re-entry (P=78%)
WW-NJ-004_video_05.mp4,8/16/2026 9:54,"72F, Sunny",1.68,Medium - aster,8m to brush edge,15,"1.2m height, 50-deg downward",44,262,977,23.86,bee_crops/WW-NJ-004_video_05_track_44.jpg,BEE_EVENT_1426,0.407,New Unique Individual
PL-NJ-001_video_09.mp4,8/5/2026 14:34,"68F, Partly Cloudy",3.51,Low - mixed lawn flowers,10m to woodland edge,15,"0.9m height, 40-deg downward",73,2309,2799,16.38,bee_crops/PL-NJ-001_video_09_track_73.jpg,BEE_EVENT_1427,0,New Unique Individual
WW-NJ-001_video_03.mp4,8/1/2026 11:28,"74F, Clear",1,High - milkweed,8m to brush edge,15,"1.2m height, 50-deg downward",46,3705,3810,3.52,bee_crops/WW-NJ-001_video_03_track_46.jpg,BEE_EVENT_1427,0.81,Re-entry (P=81%)
PL-NJ-004_video_03.mp4,8/17/2026 15:19,"80F, Partly Cloudy",1.69,High - bee balm,8m to brush edge,15,"0.8m height, 45-deg downward",57,378,733,11.85,bee_crops/PL-NJ-004_video_03_track_57.jpg,BEE_EVENT_1428,0.438,New Unique Individual
PL-NJ-005_video_03.mp4,9/6/2026 11:06,"84F, Sunny",1.08,Medium - aster,3m to bare soil,15,"1.0m height, 45-deg downward",76,2475,2589,3.84,bee_crops/PL-NJ-005_video_03_track_76.jpg,BEE_EVENT_1428,0.551,Re-entry (P=55%)
PL-NJ-003_video_01.mp4,8/9/2026 12:13,"70F, Partly Cloudy",3.2,High - milkweed,6m to dead stems,15,"0.8m height, 45-deg downward",39,2908,3111,6.79,bee_crops/PL-NJ-003_video_01_track_39.jpg,BEE_EVENT_1429,0,New Unique Individual
PL-NJ-001_video_01.mp4,7/26/2026 11:07,"68F, Partly Cloudy",1.1,Low - mixed lawn flowers,8m to brush edge,15,"1.0m height, 45-deg downward",28,3425,3740,10.52,bee_crops/PL-NJ-001_video_01_track_28.jpg,BEE_EVENT_1430,0,New Unique Individual
WW-NJ-004_video_08.mp4,8/22/2026 16:10,"68F, Clear",1,High - goldenrod,4m to wood pile,15,"0.8m height, 45-deg downward",49,4946,5234,9.62,bee_crops/WW-NJ-004_video_08_track_49.jpg,BEE_EVENT_1431,0.465,New Unique Individual
WW-NJ-005_video_08.mp4,7/19/2026 14:27,"72F, Sunny",1.79,Medium - aster,3m to bare soil,15,"1.2m height, 50-deg downward",28,4913,5396,16.15,bee_crops/WW-NJ-005_video_08_track_28.jpg,BEE_EVENT_1431,0.513,Re-entry (P=51%)
PL-NJ-003_video_08.mp4,9/3/2026 10:23,"76F, Cloudy",2.01,Medium - aster,1m to bare soil,15,"0.8m height, 45-deg downward",79,2716,3433,23.95,bee_crops/PL-NJ-003_video_08_track_79.jpg,BEE_EVENT_1432,0,New Unique Individual
PL-NJ-001_video_04.mp4,8/27/2026 10:10,"80F, Clear",3.92,Medium - black-eyed Susan,1m to bare soil,15,"1.2m height, 50-deg downward",23,3698,4034,11.24,bee_crops/PL-NJ-001_video_04_track_23.jpg,BEE_EVENT_1433,0,New Unique Individual
PL-NJ-002_video_02.mp4,7/23/2026 9:55,"78F, Sunny",1.31,High - coneflower,4m to wood pile,15,"0.8m height, 45-deg downward",80,4715,4908,6.47,bee_crops/PL-NJ-002_video_02_track_80.jpg,BEE_EVENT_1433,0.865,Re-entry (P=87%)
WW-NJ-002_video_07.mp4,8/14/2026 16:06,"80F, Clear",2.81,Medium - aster,2m to bare soil,15,"1.0m height, 45-deg downward",20,3166,3236,2.36,bee_crops/WW-NJ-002_video_07_track_20.jpg,BEE_EVENT_1433,0.54,Re-entry (P=54%)
PL-NJ-005_video_03.mp4,7/19/2026 11:29,"84F, Cloudy",2.45,High - mountain mint,2m to bare soil,15,"0.9m height, 40-deg downward",11,5209,5785,19.24,bee_crops/PL-NJ-005_video_03_track_11.jpg,BEE_EVENT_1434,0.413,New Unique Individual
WW-NJ-004_video_01.mp4,7/17/2026 9:52,"74F, Partly Cloudy",2.25,Medium - clover,8m to brush edge,15,"0.8m height, 45-deg downward",27,2006,2236,7.71,bee_crops/WW-NJ-004_video_01_track_27.jpg,BEE_EVENT_1434,0.541,Re-entry (P=54%)
PL-NJ-004_video_07.mp4,8/8/2026 12:13,"76F, Cloudy",3.22,Medium - mixed native wildflowers,8m to brush edge,15,"1.0m height, 45-deg downward",64,3922,4160,7.97,bee_crops/PL-NJ-004_video_07_track_64.jpg,BEE_EVENT_1435,0,New Unique Individual
PL-NJ-005_video_02.mp4,8/5/2026 12:38,"76F, Cloudy",0.93,High - coneflower,10m to woodland edge,15,"1.2m height, 50-deg downward",21,1143,1394,8.39,bee_crops/PL-NJ-005_video_02_track_21.jpg,BEE_EVENT_1436,0,New Unique Individual
PL-NJ-002_video_05.mp4,7/26/2026 15:33,"70F, Cloudy",3.59,Medium - clover,2m to bare soil,15,"1.2m height, 50-deg downward",41,1805,2131,10.89,bee_crops/PL-NJ-002_video_05_track_41.jpg,BEE_EVENT_1437,0,New Unique Individual
WW-NJ-004_video_04.mp4,8/15/2026 14:48,"82F, Clear",1.8,Medium - black-eyed Susan,6m to dead stems,15,"0.9m height, 40-deg downward",66,3214,3546,11.11,bee_crops/WW-NJ-004_video_04_track_66.jpg,BEE_EVENT_1438,0,New Unique Individual
PL-NJ-002_video_03.mp4,7/25/2026 13:57,"70F, Clear",1.72,Medium - clover,4m to wood pile,15,"1.0m height, 45-deg downward",41,4733,4938,6.86,bee_crops/PL-NJ-002_video_03_track_41.jpg,BEE_EVENT_1438,0.698,Re-entry (P=70%)
PL-NJ-005_video_07.mp4,8/4/2026 15:39,"68F, Partly Cloudy",3.55,High - bee balm,10m to woodland edge,15,"0.9m height, 40-deg downward",54,2735,2964,7.66,bee_crops/PL-NJ-005_video_07_track_54.jpg,BEE_EVENT_1439,0,New Unique Individual
WW-NJ-003_video_10.mp4,7/29/2026 14:49,"74F, Clear",2.76,Low - mixed lawn flowers,10m to woodland edge,15,"1.0m height, 45-deg downward",10,179,344,5.52,bee_crops/WW-NJ-003_video_10_track_10.jpg,BEE_EVENT_1439,0.727,Re-entry (P=73%)
PL-NJ-001_video_01.mp4,7/26/2026 11:55,"82F, Clear",1.74,Medium - aster,3m to bare soil,15,"0.9m height, 40-deg downward",73,1605,1759,5.16,bee_crops/PL-NJ-001_video_01_track_73.jpg,BEE_EVENT_1440,0,New Unique Individual
WW-NJ-003_video_06.mp4,7/22/2026 13:49,"74F, Partly Cloudy",0.97,High - goldenrod,1m to bare soil,15,"1.2m height, 50-deg downward",58,5370,5523,5.14,bee_crops/WW-NJ-003_video_06_track_58.jpg,BEE_EVENT_1441,0,New Unique Individual
WW-NJ-003_video_04.mp4,7/27/2026 16:46,"76F, Sunny",3.02,Low - mixed lawn flowers,8m to brush edge,15,"0.9m height, 40-deg downward",63,1279,1506,7.6,bee_crops/WW-NJ-003_video_04_track_63.jpg,BEE_EVENT_1442,0,New Unique Individual
PL-NJ-003_video_01.mp4,8/9/2026 12:31,"84F, Partly Cloudy",1.5,High - bee balm,1m to bare soil,15,"0.8m height, 45-deg downward",9,5163,5299,4.56,bee_crops/PL-NJ-003_video_01_track_9.jpg,BEE_EVENT_1443,0,New Unique Individual
WW-NJ-003_video_01.mp4,9/5/2026 9:51,"72F, Clear",1.73,High - mountain mint,10m to woodland edge,15,"1.0m height, 45-deg downward",27,4244,4280,1.23,bee_crops/WW-NJ-003_video_01_track_27.jpg,BEE_EVENT_1444,0,New Unique Individual
WW-NJ-004_video_07.mp4,9/7/2026 16:48,"72F, Cloudy",2.02,Medium - mixed native wildflowers,8m to brush edge,15,"0.8m height, 45-deg downward",27,4721,4912,6.4,bee_crops/WW-NJ-004_video_07_track_27.jpg,BEE_EVENT_1445,0,New Unique Individual
PL-NJ-001_video_05.mp4,8/22/2026 13:32,"78F, Clear",1.23,Medium - mixed native wildflowers,6m to dead stems,15,"0.8m height, 45-deg downward",15,4911,5020,3.65,bee_crops/PL-NJ-001_video_05_track_15.jpg,BEE_EVENT_1446,0,New Unique Individual
WW-NJ-003_video_05.mp4,8/23/2026 14:53,"78F, Sunny",3.71,High - milkweed,1m to bare soil,15,"0.8m height, 45-deg downward",43,767,1029,8.77,bee_crops/WW-NJ-003_video_05_track_43.jpg,BEE_EVENT_1447,0,New Unique Individual
WW-NJ-002_video_08.mp4,8/6/2026 9:39,"84F, Clear",1.49,Medium - mixed native wildflowers,3m to bare soil,15,"0.8m height, 45-deg downward",8,400,564,5.51,bee_crops/WW-NJ-002_video_08_track_8.jpg,BEE_EVENT_1448,0,New Unique Individual
WW-NJ-005_video_04.mp4,7/19/2026 14:30,"70F, Clear",3.66,Medium - clover,2m to bare soil,15,"0.8m height, 45-deg downward",36,3154,3482,10.98,bee_crops/WW-NJ-005_video_04_track_36.jpg,BEE_EVENT_1449,0,New Unique Individual
WW-NJ-004_video_08.mp4,8/3/2026 16:25,"68F, Sunny",2.42,High - milkweed,4m to wood pile,15,"1.2m height, 50-deg downward",49,2886,3001,3.86,bee_crops/WW-NJ-004_video_08_track_49.jpg,BEE_EVENT_1450,0,New Unique Individual
WW-NJ-002_video_08.mp4,9/6/2026 16:40,"68F, Cloudy",0.92,Low - mixed lawn flowers,10m to woodland edge,15,"0.8m height, 45-deg downward",52,2149,2227,2.62,bee_crops/WW-NJ-002_video_08_track_52.jpg,BEE_EVENT_1451,0,New Unique Individual
PL-NJ-004_video_09.mp4,8/25/2026 12:35,"78F, Cloudy",2.19,High - coneflower,10m to woodland edge,15,"0.9m height, 40-deg downward",15,843,1072,7.67,bee_crops/PL-NJ-004_video_09_track_15.jpg,BEE_EVENT_1452,0.441,New Unique Individual
PL-NJ-002_video_08.mp4,8/6/2026 12:47,"82F, Clear",1.31,High - coneflower,10m to woodland edge,15,"0.8m height, 45-deg downward",43,1632,1818,6.23,bee_crops/PL-NJ-002_video_08_track_43.jpg,BEE_EVENT_1453,0,New Unique Individual
PL-NJ-004_video_04.mp4,8/7/2026 12:21,"78F, Clear",2.86,High - coneflower,4m to wood pile,15,"1.0m height, 45-deg downward",70,2921,3024,3.47,bee_crops/PL-NJ-004_video_04_track_70.jpg,BEE_EVENT_1454,0,New Unique Individual
PL-NJ-001_video_04.mp4,7/30/2026 11:23,"70F, Cloudy",2.04,High - bee balm,3m to bare soil,15,"0.8m height, 45-deg downward",9,1305,1710,13.52,bee_crops/PL-NJ-001_video_04_track_9.jpg,BEE_EVENT_1455,0,New Unique Individual
PL-NJ-004_video_05.mp4,8/11/2026 15:40,"68F, Sunny",2.74,High - milkweed,2m to bare soil,15,"1.2m height, 50-deg downward",27,3973,4100,4.26,bee_crops/PL-NJ-004_video_05_track_27.jpg,BEE_EVENT_1455,0.52,Re-entry (P=52%)
PL-NJ-002_video_07.mp4,8/21/2026 12:21,"68F, Clear",1.02,Medium - clover,2m to bare soil,15,"1.2m height, 50-deg downward",39,2595,2744,5.01,bee_crops/PL-NJ-002_video_07_track_39.jpg,BEE_EVENT_1456,0,New Unique Individual
WW-NJ-004_video_01.mp4,9/4/2026 16:57,"84F, Partly Cloudy",3.81,High - goldenrod,8m to brush edge,15,"0.8m height, 45-deg downward",82,1561,2022,15.39,bee_crops/WW-NJ-004_video_01_track_82.jpg,BEE_EVENT_1457,0,New Unique Individual
WW-NJ-004_video_09.mp4,9/8/2026 11:35,"70F, Partly Cloudy",2.3,High - coneflower,3m to bare soil,15,"1.0m height, 45-deg downward",62,3893,4235,11.42,bee_crops/WW-NJ-004_video_09_track_62.jpg,BEE_EVENT_1458,0,New Unique Individual
PL-NJ-002_video_04.mp4,7/15/2026 9:05,"70F, Partly Cloudy",3.7,High - bee balm,8m to brush edge,15,"1.2m height, 50-deg downward",19,3626,3745,3.99,bee_crops/PL-NJ-002_video_04_track_19.jpg,BEE_EVENT_1459,0.49,New Unique Individual
WW-NJ-001_video_06.mp4,8/31/2026 16:59,"80F, Cloudy",3.95,High - coneflower,1m to bare soil,15,"0.9m height, 40-deg downward",47,3663,3860,6.59,bee_crops/WW-NJ-001_video_06_track_47.jpg,BEE_EVENT_1460,0,New Unique Individual
PL-NJ-002_video_06.mp4,9/2/2026 15:30,"80F, Partly Cloudy",2.1,High - goldenrod,3m to bare soil,15,"1.2m height, 50-deg downward",3,3730,3841,3.75,bee_crops/PL-NJ-002_video_06_track_3.jpg,BEE_EVENT_1460,0.567,Re-entry (P=57%)
WW-NJ-005_video_03.mp4,8/27/2026 15:48,"74F, Partly Cloudy",1.43,Medium - aster,10m to woodland edge,15,"0.8m height, 45-deg downward",75,2987,3424,14.6,bee_crops/WW-NJ-005_video_03_track_75.jpg,BEE_EVENT_1461,0.5,New Unique Individual
WW-NJ-001_video_08.mp4,7/16/2026 14:49,"80F, Sunny",2.33,High - milkweed,3m to bare soil,15,"0.9m height, 40-deg downward",82,2331,2768,14.59,bee_crops/WW-NJ-001_video_08_track_82.jpg,BEE_EVENT_1462,0,New Unique Individual
WW-NJ-002_video_06.mp4,7/17/2026 10:07,"80F, Sunny",2.07,High - bee balm,6m to dead stems,15,"0.8m height, 45-deg downward",18,568,1372,26.82,bee_crops/WW-NJ-002_video_06_track_18.jpg,BEE_EVENT_1463,0,New Unique Individual
PL-NJ-004_video_10.mp4,8/29/2026 12:47,"82F, Partly Cloudy",3.5,Medium - clover,3m to bare soil,15,"1.2m height, 50-deg downward",65,2144,3222,35.98,bee_crops/PL-NJ-004_video_10_track_65.jpg,BEE_EVENT_1464,0,New Unique Individual
WW-NJ-004_video_06.mp4,8/15/2026 10:43,"80F, Sunny",1.14,Low - mixed lawn flowers,10m to woodland edge,15,"1.2m height, 50-deg downward",50,1532,1695,5.47,bee_crops/WW-NJ-004_video_06_track_50.jpg,BEE_EVENT_1465,0.42,New Unique Individual
PSBB-CHN-001_video_06.mp4,8/2/2026 15:41,"35C, Humid/Sunny",3.44,Low - mixed ornamental planting,6m to leaf litter,15,"0.9m height, 40-deg downward",71,841,1007,5.58,bee_crops/PSBB-CHN-001_video_06_track_71.jpg,BEE_EVENT_CHN_00001,0,New Unique Individual
PSBB-CHN-005_video_08.mp4,7/16/2026 7:39,"34C, Sunny",1.04,High - hibiscus,8m to tree/shrub edge,15,"1.0m height, 45-deg downward",63,662,751,2.99,bee_crops/PSBB-CHN-005_video_08_track_63.jpg,BEE_EVENT_CHN_00002,0,New Unique Individual
PSBB-CHN-004_video_05.mp4,7/23/2026 9:24,"28C, Humid/Partly Cloudy",2.68,Medium - marigold,6m to leaf litter,15,"1.2m height, 50-deg downward",38,4208,4479,9.05,bee_crops/PSBB-CHN-004_video_05_track_38.jpg,BEE_EVENT_CHN_00002,0.641,Re-entry (P=64%)
PSBB-CHN-001_video_12.mp4,7/24/2026 9:29,"35C, Humid/Sunny",0.98,Low - mixed ornamental planting,1m to bare soil,15,"0.9m height, 40-deg downward",55,3459,3678,7.33,bee_crops/PSBB-CHN-001_video_12_track_55.jpg,BEE_EVENT_CHN_00003,0,New Unique Individual
PSBB-CHN-004_video_09.mp4,7/17/2026 17:26,"35C, Humid/Partly Cloudy",3.57,Medium - mixed flowering ornamentals,1m to bare soil,15,"0.8m height, 45-deg downward",74,4621,5189,18.96,bee_crops/PSBB-CHN-004_video_09_track_74.jpg,BEE_EVENT_CHN_00003,0.876,Re-entry (P=88%)
PSBB-CHN-005_video_07.mp4,7/31/2026 8:30,"34C, Humid/Sunny",3.33,High - hibiscus,8m to tree/shrub edge,15,"0.9m height, 40-deg downward",70,1876,2144,8.97,bee_crops/PSBB-CHN-005_video_07_track_70.jpg,BEE_EVENT_CHN_00004,0.452,New Unique Individual
PSBB-CHN-004_video_07.mp4,7/13/2026 9:17,"34C, Humid/Partly Cloudy",0.8,Low - mixed ornamental planting,4m to shrub border,15,"1.2m height, 50-deg downward",47,76,405,11.01,bee_crops/PSBB-CHN-004_video_07_track_47.jpg,BEE_EVENT_CHN_00005,0,New Unique Individual
PSBB-CHN-004_video_08.mp4,8/2/2026 17:31,"31C, Cloudy",2.43,High - ixora,4m to shrub border,15,"1.2m height, 50-deg downward",13,3558,3737,6.01,bee_crops/PSBB-CHN-004_video_08_track_13.jpg,BEE_EVENT_CHN_00006,0,New Unique Individual
PSBB-CHN-004_video_03.mp4,8/31/2026 10:46,"34C, Cloudy",3.61,High - lantana,1m to bare soil,15,"0.9m height, 40-deg downward",25,3926,3985,2.01,bee_crops/PSBB-CHN-004_video_03_track_25.jpg,BEE_EVENT_CHN_00007,0,New Unique Individual
PSBB-CHN-002_video_08.mp4,8/28/2026 7:05,"28C, Humid/Partly Cloudy",2.1,Medium - tropical garden mix,2m to bare soil,15,"1.2m height, 50-deg downward",32,2,401,13.33,bee_crops/PSBB-CHN-002_video_08_track_32.jpg,BEE_EVENT_CHN_00007,0.718,Re-entry (P=72%)
PSBB-CHN-003_video_03.mp4,7/1/2026 9:42,"29C, Humid/Partly Cloudy",2.48,Medium - mixed flowering ornamentals,2m to bare soil,15,"1.2m height, 50-deg downward",61,4777,5117,11.38,bee_crops/PSBB-CHN-003_video_03_track_61.jpg,BEE_EVENT_CHN_00008,0,New Unique Individual
PSBB-CHN-001_video_07.mp4,8/12/2026 8:08,"33C, Partly Cloudy",1.65,Medium - zinnia,6m to leaf litter,15,"0.8m height, 45-deg downward",26,4801,4899,3.29,bee_crops/PSBB-CHN-001_video_07_track_26.jpg,BEE_EVENT_CHN_00009,0,New Unique Individual
PSBB-CHN-004_video_02.mp4,7/4/2026 17:22,"27C, Humid/Partly Cloudy",1.8,High - ixora,4m to shrub border,15,"0.9m height, 40-deg downward",42,5295,6091,26.57,bee_crops/PSBB-CHN-004_video_02_track_42.jpg,BEE_EVENT_CHN_00010,0,New Unique Individual
PSBB-CHN-003_video_02.mp4,8/1/2026 10:36,"35C, Partly Cloudy",3.2,High - jasmine,4m to shrub border,15,"1.0m height, 45-deg downward",80,5068,5247,6.01,bee_crops/PSBB-CHN-003_video_02_track_80.jpg,BEE_EVENT_CHN_00011,0,New Unique Individual
PSBB-CHN-001_video_09.mp4,7/26/2026 7:12,"35C, Sunny",3.56,High - ixora,4m to shrub border,15,"1.0m height, 45-deg downward",83,5303,5340,1.26,bee_crops/PSBB-CHN-001_video_09_track_83.jpg,BEE_EVENT_CHN_00012,0.392,New Unique Individual
PSBB-CHN-005_video_04.mp4,8/20/2026 15:08,"33C, Cloudy",2.75,High - jasmine,4m to shrub border,15,"0.8m height, 45-deg downward",69,1314,1972,21.96,bee_crops/PSBB-CHN-005_video_04_track_69.jpg,BEE_EVENT_CHN_00013,0,New Unique Individual
PSBB-CHN-004_video_05.mp4,7/12/2026 9:11,"31C, Humid/Sunny",2.14,Medium - zinnia,2m to bare soil,15,"0.9m height, 40-deg downward",42,2159,2333,5.84,bee_crops/PSBB-CHN-004_video_05_track_42.jpg,BEE_EVENT_CHN_00014,0,New Unique Individual
PSBB-CHN-001_video_09.mp4,8/20/2026 15:50,"30C, Sunny",3.23,High - bougainvillea,1m to bare soil,15,"0.9m height, 40-deg downward",59,2244,3550,43.57,bee_crops/PSBB-CHN-001_video_09_track_59.jpg,BEE_EVENT_CHN_00015,0,New Unique Individual
PSBB-CHN-005_video_11.mp4,7/12/2026 7:22,"35C, Partly Cloudy",1.79,Low - mixed ornamental planting,1m to bare soil,15,"1.0m height, 45-deg downward",80,1285,1483,6.64,bee_crops/PSBB-CHN-005_video_11_track_80.jpg,BEE_EVENT_CHN_00016,0,New Unique Individual
PSBB-CHN-005_video_05.mp4,8/6/2026 9:42,"28C, Humid/Sunny",1.11,High - lantana,2m to bare soil,15,"1.2m height, 50-deg downward",14,4553,4837,9.49,bee_crops/PSBB-CHN-005_video_05_track_14.jpg,BEE_EVENT_CHN_00017,0,New Unique Individual
PSBB-CHN-002_video_11.mp4,8/10/2026 7:32,"31C, Cloudy",1.56,High - hibiscus,2m to bare soil,15,"1.2m height, 50-deg downward",34,2569,2716,4.94,bee_crops/PSBB-CHN-002_video_11_track_34.jpg,BEE_EVENT_CHN_00017,0.622,Re-entry (P=62%)
PSBB-CHN-004_video_01.mp4,7/4/2026 7:15,"35C, Humid/Partly Cloudy",1.66,High - hibiscus,3m to planted soil,15,"0.8m height, 45-deg downward",41,189,338,4.99,bee_crops/PSBB-CHN-004_video_01_track_41.jpg,BEE_EVENT_CHN_00018,0,New Unique Individual
PSBB-CHN-004_video_06.mp4,8/8/2026 8:38,"32C, Humid/Partly Cloudy",2.02,High - hibiscus,8m to tree/shrub edge,15,"1.2m height, 50-deg downward",33,3791,4011,7.36,bee_crops/PSBB-CHN-004_video_06_track_33.jpg,BEE_EVENT_CHN_00019,0,New Unique Individual
PSBB-CHN-001_video_12.mp4,8/15/2026 10:01,"28C, Cloudy",2.86,High - lantana,4m to shrub border,15,"0.8m height, 45-deg downward",41,2306,2517,7.06,bee_crops/PSBB-CHN-001_video_12_track_41.jpg,BEE_EVENT_CHN_00020,0,New Unique Individual
PSBB-CHN-005_video_06.mp4,7/13/2026 15:03,"28C, Sunny",1.2,High - hibiscus,2m to bare soil,15,"1.2m height, 50-deg downward",67,923,1142,7.34,bee_crops/PSBB-CHN-005_video_06_track_67.jpg,BEE_EVENT_CHN_00021,0,New Unique Individual
PSBB-CHN-001_video_07.mp4,8/7/2026 8:22,"33C, Partly Cloudy",1.89,High - bougainvillea,2m to bare soil,15,"0.9m height, 40-deg downward",24,3403,3644,8.07,bee_crops/PSBB-CHN-001_video_07_track_24.jpg,BEE_EVENT_CHN_00022,0,New Unique Individual
PSBB-CHN-003_video_03.mp4,7/15/2026 7:01,"31C, Cloudy",2.38,Medium - zinnia,2m to bare soil,15,"1.0m height, 45-deg downward",81,2268,2675,13.61,bee_crops/PSBB-CHN-003_video_03_track_81.jpg,BEE_EVENT_CHN_00023,0,New Unique Individual
PSBB-CHN-005_video_01.mp4,8/11/2026 17:32,"32C, Sunny",1.76,Medium - tropical garden mix,8m to tree/shrub edge,15,"1.0m height, 45-deg downward",2,2173,2830,21.92,bee_crops/PSBB-CHN-005_video_01_track_2.jpg,BEE_EVENT_CHN_00024,0,New Unique Individual
PSBB-CHN-004_video_01.mp4,7/15/2026 16:32,"32C, Partly Cloudy",3.57,Medium - zinnia,6m to leaf litter,15,"1.0m height, 45-deg downward",36,1236,1496,8.7,bee_crops/PSBB-CHN-004_video_01_track_36.jpg,BEE_EVENT_CHN_00025,0,New Unique Individual
PSBB-CHN-003_video_06.mp4,7/30/2026 16:29,"31C, Partly Cloudy",3.22,Low - mixed ornamental planting,2m to bare soil,15,"0.9m height, 40-deg downward",81,4496,4695,6.65,bee_crops/PSBB-CHN-003_video_06_track_81.jpg,BEE_EVENT_CHN_00026,0,New Unique Individual
PSBB-CHN-001_video_06.mp4,8/22/2026 17:33,"28C, Cloudy",3.17,High - jasmine,3m to planted soil,15,"1.0m height, 45-deg downward",70,3346,3397,1.75,bee_crops/PSBB-CHN-001_video_06_track_70.jpg,BEE_EVENT_CHN_00027,0,New Unique Individual
PSBB-CHN-001_video_01.mp4,8/4/2026 8:44,"33C, Humid/Sunny",1.65,High - ixora,6m to leaf litter,15,"1.0m height, 45-deg downward",67,4771,5092,10.73,bee_crops/PSBB-CHN-001_video_01_track_67.jpg,BEE_EVENT_CHN_00028,0,New Unique Individual
PSBB-CHN-005_video_02.mp4,7/6/2026 8:46,"31C, Sunny",1.73,High - lantana,8m to tree/shrub edge,15,"1.0m height, 45-deg downward",76,3189,3590,13.39,bee_crops/PSBB-CHN-005_video_02_track_76.jpg,BEE_EVENT_CHN_00029,0,New Unique Individual
PSBB-CHN-002_video_05.mp4,7/19/2026 15:18,"30C, Sunny",1.12,Medium - zinnia,6m to leaf litter,15,"0.9m height, 40-deg downward",83,2927,3039,3.78,bee_crops/PSBB-CHN-002_video_05_track_83.jpg,BEE_EVENT_CHN_00030,0,New Unique Individual
PSBB-CHN-003_video_09.mp4,7/11/2026 16:33,"29C, Partly Cloudy",1.26,Medium - tropical garden mix,1m to bare soil,15,"0.8m height, 45-deg downward",15,242,561,10.65,bee_crops/PSBB-CHN-003_video_09_track_15.jpg,BEE_EVENT_CHN_00031,0,New Unique Individual
PSBB-CHN-003_video_02.mp4,7/24/2026 9:13,"30C, Partly Cloudy",1.18,Low - mixed ornamental planting,1m to bare soil,15,"0.8m height, 45-deg downward",42,4360,4712,11.76,bee_crops/PSBB-CHN-003_video_02_track_42.jpg,BEE_EVENT_CHN_00032,0,New Unique Individual
PSBB-CHN-004_video_05.mp4,8/9/2026 9:41,"28C, Humid/Partly Cloudy",1.78,Medium - mixed flowering ornamentals,6m to leaf litter,15,"0.9m height, 40-deg downward",32,963,1240,9.28,bee_crops/PSBB-CHN-004_video_05_track_32.jpg,BEE_EVENT_CHN_00033,0,New Unique Individual
PSBB-CHN-005_video_06.mp4,7/6/2026 7:49,"31C, Partly Cloudy",3.21,High - lantana,2m to bare soil,15,"1.2m height, 50-deg downward",42,720,972,8.43,bee_crops/PSBB-CHN-005_video_06_track_42.jpg,BEE_EVENT_CHN_00034,0,New Unique Individual
PSBB-CHN-003_video_12.mp4,8/12/2026 17:31,"34C, Partly Cloudy",1.67,High - bougainvillea,8m to tree/shrub edge,15,"1.2m height, 50-deg downward",45,3302,3639,11.27,bee_crops/PSBB-CHN-003_video_12_track_45.jpg,BEE_EVENT_CHN_00035,0,New Unique Individual
PSBB-CHN-004_video_10.mp4,7/25/2026 8:09,"33C, Cloudy",3,High - jasmine,3m to planted soil,15,"0.9m height, 40-deg downward",16,3619,3774,5.2,bee_crops/PSBB-CHN-004_video_10_track_16.jpg,BEE_EVENT_CHN_00036,0,New Unique Individual
PSBB-CHN-003_video_03.mp4,8/4/2026 16:17,"35C, Sunny",1.73,High - jasmine,3m to planted soil,15,"0.9m height, 40-deg downward",38,1920,2216,9.9,bee_crops/PSBB-CHN-003_video_03_track_38.jpg,BEE_EVENT_CHN_00037,0,New Unique Individual
PSBB-CHN-004_video_01.mp4,8/5/2026 16:21,"35C, Humid/Partly Cloudy",1.74,Medium - mixed flowering ornamentals,2m to bare soil,15,"1.2m height, 50-deg downward",55,3356,3591,7.86,bee_crops/PSBB-CHN-004_video_01_track_55.jpg,BEE_EVENT_CHN_00038,0,New Unique Individual
PSBB-CHN-001_video_07.mp4,8/16/2026 8:00,"29C, Cloudy",2.43,High - lantana,6m to leaf litter,15,"0.9m height, 40-deg downward",83,2188,2464,9.22,bee_crops/PSBB-CHN-001_video_07_track_83.jpg,BEE_EVENT_CHN_00039,0,New Unique Individual
PSBB-CHN-004_video_06.mp4,7/1/2026 7:48,"32C, Sunny",2.67,High - lantana,2m to bare soil,15,"1.2m height, 50-deg downward",59,1802,2033,7.74,bee_crops/PSBB-CHN-004_video_06_track_59.jpg,BEE_EVENT_CHN_00040,0,New Unique Individual
PSBB-CHN-001_video_09.mp4,8/14/2026 8:34,"32C, Partly Cloudy",3.75,High - jasmine,4m to shrub border,15,"1.0m height, 45-deg downward",27,94,292,6.64,bee_crops/PSBB-CHN-001_video_09_track_27.jpg,BEE_EVENT_CHN_00041,0,New Unique Individual
PSBB-CHN-003_video_02.mp4,8/6/2026 10:45,"29C, Sunny",2.81,Medium - tropical garden mix,1m to bare soil,15,"0.8m height, 45-deg downward",35,4275,4529,8.5,bee_crops/PSBB-CHN-003_video_02_track_35.jpg,BEE_EVENT_CHN_00042,0,New Unique Individual
PSBB-CHN-002_video_09.mp4,8/16/2026 15:14,"32C, Cloudy",2.74,Medium - marigold,3m to planted soil,15,"0.9m height, 40-deg downward",78,3857,4062,6.87,bee_crops/PSBB-CHN-002_video_09_track_78.jpg,BEE_EVENT_CHN_00043,0,New Unique Individual
PSBB-CHN-003_video_05.mp4,7/3/2026 16:31,"31C, Humid/Sunny",0.77,Medium - marigold,2m to bare soil,15,"1.0m height, 45-deg downward",48,1092,1446,11.82,bee_crops/PSBB-CHN-003_video_05_track_48.jpg,BEE_EVENT_CHN_00044,0.46,New Unique Individual
PSBB-CHN-005_video_01.mp4,8/22/2026 10:04,"31C, Humid/Sunny",2.75,Medium - tropical garden mix,6m to leaf litter,15,"1.2m height, 50-deg downward",12,5288,5840,18.43,bee_crops/PSBB-CHN-005_video_01_track_12.jpg,BEE_EVENT_CHN_00045,0,New Unique Individual
PSBB-CHN-004_video_06.mp4,8/12/2026 9:23,"29C, Cloudy",0.94,Medium - tropical garden mix,6m to leaf litter,15,"0.8m height, 45-deg downward",67,1485,1965,16.04,bee_crops/PSBB-CHN-004_video_06_track_67.jpg,BEE_EVENT_CHN_00046,0,New Unique Individual
PSBB-CHN-005_video_04.mp4,7/2/2026 10:15,"29C, Humid/Partly Cloudy",2.03,Medium - tropical garden mix,2m to bare soil,15,"0.9m height, 40-deg downward",35,1718,1976,8.64,bee_crops/PSBB-CHN-005_video_04_track_35.jpg,BEE_EVENT_CHN_00047,0,New Unique Individual
PSBB-CHN-002_video_09.mp4,8/13/2026 17:20,"35C, Humid/Partly Cloudy",3.79,Medium - zinnia,8m to tree/shrub edge,15,"1.0m height, 45-deg downward",70,2980,3292,10.44,bee_crops/PSBB-CHN-002_video_09_track_70.jpg,BEE_EVENT_CHN_00048,0.459,New Unique Individual
PSBB-CHN-002_video_03.mp4,8/21/2026 17:42,"31C, Cloudy",0.89,High - ixora,2m to bare soil,15,"0.9m height, 40-deg downward",18,4694,4801,3.61,bee_crops/PSBB-CHN-002_video_03_track_18.jpg,BEE_EVENT_CHN_00048,0.572,Re-entry (P=57%)
PSBB-CHN-002_video_03.mp4,8/14/2026 7:48,"34C, Humid/Partly Cloudy",2.81,Medium - zinnia,1m to bare soil,15,"0.9m height, 40-deg downward",39,1521,1700,5.99,bee_crops/PSBB-CHN-002_video_03_track_39.jpg,BEE_EVENT_CHN_00048,0.584,Re-entry (P=58%)
PSBB-CHN-004_video_03.mp4,8/27/2026 9:09,"27C, Sunny",0.82,High - ixora,3m to planted soil,15,"1.2m height, 50-deg downward",76,4164,4515,11.72,bee_crops/PSBB-CHN-004_video_03_track_76.jpg,BEE_EVENT_CHN_00049,0,New Unique Individual
PSBB-CHN-003_video_01.mp4,7/11/2026 15:12,"30C, Partly Cloudy",2.01,Medium - zinnia,2m to bare soil,15,"0.9m height, 40-deg downward",29,738,1408,22.37,bee_crops/PSBB-CHN-003_video_01_track_29.jpg,BEE_EVENT_CHN_00050,0,New Unique Individual
PSBB-CHN-002_video_06.mp4,7/11/2026 15:27,"30C, Cloudy",2.12,Medium - marigold,8m to tree/shrub edge,15,"0.9m height, 40-deg downward",57,3467,3600,4.47,bee_crops/PSBB-CHN-002_video_06_track_57.jpg,BEE_EVENT_CHN_00051,0,New Unique Individual
PSBB-CHN-001_video_04.mp4,8/17/2026 8:07,"29C, Sunny",1.8,Low - mixed ornamental planting,2m to bare soil,15,"1.0m height, 45-deg downward",27,646,746,3.37,bee_crops/PSBB-CHN-001_video_04_track_27.jpg,BEE_EVENT_CHN_00052,0,New Unique Individual
PSBB-CHN-004_video_01.mp4,8/5/2026 8:41,"32C, Humid/Sunny",3.15,High - lantana,1m to bare soil,15,"1.2m height, 50-deg downward",62,5196,5407,7.06,bee_crops/PSBB-CHN-004_video_01_track_62.jpg,BEE_EVENT_CHN_00053,0,New Unique Individual
PSBB-CHN-003_video_08.mp4,7/9/2026 7:50,"34C, Humid/Sunny",2.43,Medium - marigold,6m to leaf litter,15,"1.2m height, 50-deg downward",82,1180,1271,3.05,bee_crops/PSBB-CHN-003_video_08_track_82.jpg,BEE_EVENT_CHN_00054,0,New Unique Individual
PSBB-CHN-003_video_11.mp4,7/6/2026 10:29,"35C, Sunny",2.39,Medium - tropical garden mix,3m to planted soil,15,"0.9m height, 40-deg downward",38,2834,3017,6.15,bee_crops/PSBB-CHN-003_video_11_track_38.jpg,BEE_EVENT_CHN_00054,0.641,Re-entry (P=64%)
PSBB-CHN-005_video_02.mp4,7/25/2026 17:41,"34C, Humid/Partly Cloudy",3.67,Low - mixed ornamental planting,1m to bare soil,15,"1.0m height, 45-deg downward",20,4711,6009,43.29,bee_crops/PSBB-CHN-005_video_02_track_20.jpg,BEE_EVENT_CHN_00055,0,New Unique Individual
PSBB-CHN-001_video_02.mp4,7/26/2026 7:10,"27C, Sunny",3.37,High - ixora,6m to leaf litter,15,"1.0m height, 45-deg downward",67,4381,4532,5.08,bee_crops/PSBB-CHN-001_video_02_track_67.jpg,BEE_EVENT_CHN_00056,0.328,New Unique Individual
PSBB-CHN-003_video_08.mp4,7/16/2026 9:45,"30C, Humid/Partly Cloudy",2.84,Medium - zinnia,3m to planted soil,15,"1.0m height, 45-deg downward",54,3840,3966,4.24,bee_crops/PSBB-CHN-003_video_08_track_54.jpg,BEE_EVENT_CHN_00056,0.756,Re-entry (P=76%)
PSBB-CHN-001_video_10.mp4,7/31/2026 15:24,"30C, Humid/Sunny",2.34,Medium - mixed flowering ornamentals,8m to tree/shrub edge,15,"1.0m height, 45-deg downward",5,3956,4104,4.98,bee_crops/PSBB-CHN-001_video_10_track_5.jpg,BEE_EVENT_CHN_00057,0,New Unique Individual
PSBB-CHN-003_video_04.mp4,8/25/2026 15:20,"27C, Cloudy",3.08,Low - mixed ornamental planting,6m to leaf litter,15,"1.0m height, 45-deg downward",67,2190,2351,5.4,bee_crops/PSBB-CHN-003_video_04_track_67.jpg,BEE_EVENT_CHN_00057,0.518,Re-entry (P=52%)
PSBB-CHN-005_video_02.mp4,8/5/2026 8:29,"33C, Humid/Sunny",3.2,High - hibiscus,1m to bare soil,15,"1.2m height, 50-deg downward",32,3322,3798,15.91,bee_crops/PSBB-CHN-005_video_02_track_32.jpg,BEE_EVENT_CHN_00057,0.547,Re-entry (P=55%)
PSBB-CHN-003_video_02.mp4,7/17/2026 8:02,"28C, Humid/Sunny",2.89,Medium - tropical garden mix,6m to leaf litter,15,"0.9m height, 40-deg downward",86,1791,2070,9.33,bee_crops/PSBB-CHN-003_video_02_track_86.jpg,BEE_EVENT_CHN_00058,0.317,New Unique Individual
PSBB-CHN-005_video_11.mp4,8/29/2026 7:12,"27C, Cloudy",2.72,Medium - mixed flowering ornamentals,1m to bare soil,15,"1.2m height, 50-deg downward",22,5329,5500,5.75,bee_crops/PSBB-CHN-005_video_11_track_22.jpg,BEE_EVENT_CHN_00059,0,New Unique Individual
PSBB-CHN-002_video_01.mp4,7/19/2026 15:41,"28C, Humid/Partly Cloudy",2.16,High - lantana,2m to bare soil,15,"1.0m height, 45-deg downward",71,358,640,9.42,bee_crops/PSBB-CHN-002_video_01_track_71.jpg,BEE_EVENT_CHN_00060,0,New Unique Individual
PSBB-CHN-004_video_01.mp4,8/4/2026 9:14,"30C, Sunny",1.92,High - hibiscus,1m to bare soil,15,"0.8m height, 45-deg downward",53,4398,4807,13.65,bee_crops/PSBB-CHN-004_video_01_track_53.jpg,BEE_EVENT_CHN_00061,0,New Unique Individual
PSBB-CHN-004_video_11.mp4,8/9/2026 8:10,"35C, Cloudy",1.21,High - bougainvillea,4m to shrub border,15,"1.0m height, 45-deg downward",36,1941,2314,12.46,bee_crops/PSBB-CHN-004_video_11_track_36.jpg,BEE_EVENT_CHN_00062,0,New Unique Individual
PSBB-CHN-004_video_02.mp4,7/2/2026 9:04,"35C, Partly Cloudy",3.74,Low - mixed ornamental planting,4m to shrub border,15,"0.8m height, 45-deg downward",89,1068,1267,6.67,bee_crops/PSBB-CHN-004_video_02_track_89.jpg,BEE_EVENT_CHN_00062,0.53,Re-entry (P=53%)
PSBB-CHN-002_video_01.mp4,8/22/2026 10:05,"32C, Humid/Partly Cloudy",2.65,Low - mixed ornamental planting,3m to planted soil,15,"0.8m height, 45-deg downward",11,4080,4282,6.77,bee_crops/PSBB-CHN-002_video_01_track_11.jpg,BEE_EVENT_CHN_00063,0,New Unique Individual
PSBB-CHN-003_video_04.mp4,7/8/2026 10:15,"29C, Cloudy",2.54,Low - mixed ornamental planting,8m to tree/shrub edge,15,"1.0m height, 45-deg downward",69,2489,2611,4.09,bee_crops/PSBB-CHN-003_video_04_track_69.jpg,BEE_EVENT_CHN_00063,0.6,Re-entry (P=60%)
PSBB-CHN-004_video_10.mp4,7/7/2026 8:42,"35C, Humid/Sunny",3.03,High - jasmine,1m to bare soil,15,"0.9m height, 40-deg downward",9,3863,4340,15.93,bee_crops/PSBB-CHN-004_video_10_track_9.jpg,BEE_EVENT_CHN_00063,0.559,Re-entry (P=56%)
PSBB-CHN-003_video_01.mp4,7/29/2026 15:18,"34C, Humid/Partly Cloudy",1.88,High - ixora,1m to bare soil,15,"0.9m height, 40-deg downward",13,1234,1474,8.04,bee_crops/PSBB-CHN-003_video_01_track_13.jpg,BEE_EVENT_CHN_00063,0.523,Re-entry (P=52%)
PSBB-CHN-003_video_08.mp4,8/19/2026 10:46,"33C, Humid/Sunny",1.48,Low - mixed ornamental planting,3m to planted soil,15,"0.8m height, 45-deg downward",41,2437,2881,14.84,bee_crops/PSBB-CHN-003_video_08_track_41.jpg,BEE_EVENT_CHN_00064,0,New Unique Individual
PSBB-CHN-005_video_09.mp4,7/2/2026 8:13,"30C, Cloudy",2.91,Medium - zinnia,2m to bare soil,15,"0.9m height, 40-deg downward",13,2413,2756,11.45,bee_crops/PSBB-CHN-005_video_09_track_13.jpg,BEE_EVENT_CHN_00064,0.757,Re-entry (P=76%)
PSBB-CHN-002_video_10.mp4,8/5/2026 9:34,"32C, Humid/Sunny",3.71,High - lantana,2m to bare soil,15,"0.8m height, 45-deg downward",23,4410,4585,5.85,bee_crops/PSBB-CHN-002_video_10_track_23.jpg,BEE_EVENT_CHN_00065,0,New Unique Individual
PSBB-CHN-005_video_04.mp4,7/20/2026 8:27,"34C, Sunny",1.09,Medium - zinnia,6m to leaf litter,15,"1.2m height, 50-deg downward",40,4756,4907,5.05,bee_crops/PSBB-CHN-005_video_04_track_40.jpg,BEE_EVENT_CHN_00066,0,New Unique Individual
PSBB-CHN-005_video_05.mp4,8/23/2026 10:14,"31C, Humid/Partly Cloudy",3.43,Medium - tropical garden mix,6m to leaf litter,15,"1.2m height, 50-deg downward",45,5157,5284,4.28,bee_crops/PSBB-CHN-005_video_05_track_45.jpg,BEE_EVENT_CHN_00067,0,New Unique Individual
PSBB-CHN-004_video_09.mp4,7/15/2026 7:26,"32C, Partly Cloudy",2.03,Low - mixed ornamental planting,6m to leaf litter,15,"0.8m height, 45-deg downward",75,4307,4479,5.77,bee_crops/PSBB-CHN-004_video_09_track_75.jpg,BEE_EVENT_CHN_00068,0,New Unique Individual
PSBB-CHN-001_video_04.mp4,7/14/2026 8:31,"33C, Humid/Partly Cloudy",1.92,High - jasmine,2m to bare soil,15,"1.0m height, 45-deg downward",48,5061,5359,9.98,bee_crops/PSBB-CHN-001_video_04_track_48.jpg,BEE_EVENT_CHN_00068,0.878,Re-entry (P=88%)
PSBB-CHN-004_video_02.mp4,7/30/2026 15:22,"33C, Partly Cloudy",2.3,High - hibiscus,3m to planted soil,15,"0.8m height, 45-deg downward",40,5210,5427,7.28,bee_crops/PSBB-CHN-004_video_02_track_40.jpg,BEE_EVENT_CHN_00069,0,New Unique Individual
PSBB-CHN-001_video_06.mp4,8/12/2026 8:29,"30C, Humid/Partly Cloudy",1.98,High - hibiscus,4m to shrub border,15,"0.8m height, 45-deg downward",44,5140,5469,10.99,bee_crops/PSBB-CHN-001_video_06_track_44.jpg,BEE_EVENT_CHN_00070,0,New Unique Individual
PSBB-CHN-001_video_06.mp4,7/16/2026 8:28,"35C, Humid/Sunny",3.65,High - hibiscus,2m to bare soil,15,"0.8m height, 45-deg downward",12,3820,4184,12.16,bee_crops/PSBB-CHN-001_video_06_track_12.jpg,BEE_EVENT_CHN_00071,0.461,New Unique Individual
PSBB-CHN-004_video_08.mp4,7/4/2026 10:30,"33C, Partly Cloudy",3.02,High - ixora,4m to shrub border,15,"0.9m height, 40-deg downward",82,2880,3034,5.16,bee_crops/PSBB-CHN-004_video_08_track_82.jpg,BEE_EVENT_CHN_00072,0.469,New Unique Individual
PSBB-CHN-001_video_06.mp4,8/30/2026 8:00,"31C, Humid/Sunny",2.57,High - lantana,1m to bare soil,15,"0.8m height, 45-deg downward",89,1161,1332,5.72,bee_crops/PSBB-CHN-001_video_06_track_89.jpg,BEE_EVENT_CHN_00072,0.511,Re-entry (P=51%)
PSBB-CHN-005_video_10.mp4,7/17/2026 9:27,"30C, Humid/Partly Cloudy",3.39,High - lantana,6m to leaf litter,15,"1.2m height, 50-deg downward",24,5038,5330,9.78,bee_crops/PSBB-CHN-005_video_10_track_24.jpg,BEE_EVENT_CHN_00073,0,New Unique Individual
PSBB-CHN-001_video_09.mp4,8/9/2026 9:33,"30C, Humid/Partly Cloudy",1.6,High - lantana,4m to shrub border,15,"1.2m height, 50-deg downward",21,3770,4382,20.42,bee_crops/PSBB-CHN-001_video_09_track_21.jpg,BEE_EVENT_CHN_00074,0,New Unique Individual
PSBB-CHN-003_video_05.mp4,7/8/2026 17:38,"32C, Cloudy",0.71,High - bougainvillea,8m to tree/shrub edge,15,"0.9m height, 40-deg downward",82,2022,2659,21.28,bee_crops/PSBB-CHN-003_video_05_track_82.jpg,BEE_EVENT_CHN_00074,0.564,Re-entry (P=56%)
PSBB-CHN-005_video_07.mp4,8/13/2026 7:23,"32C, Humid/Partly Cloudy",3.04,Medium - mixed flowering ornamentals,4m to shrub border,15,"1.2m height, 50-deg downward",46,3528,3733,6.88,bee_crops/PSBB-CHN-005_video_07_track_46.jpg,BEE_EVENT_CHN_00074,0.532,Re-entry (P=53%)
PSBB-CHN-004_video_01.mp4,7/24/2026 10:29,"35C, Humid/Partly Cloudy",2.57,High - lantana,1m to bare soil,15,"0.9m height, 40-deg downward",15,361,487,4.23,bee_crops/PSBB-CHN-004_video_01_track_15.jpg,BEE_EVENT_CHN_00075,0,New Unique Individual
PSBB-CHN-003_video_07.mp4,7/20/2026 17:45,"27C, Sunny",0.71,High - bougainvillea,2m to bare soil,15,"0.9m height, 40-deg downward",23,2109,2304,6.52,bee_crops/PSBB-CHN-003_video_07_track_23.jpg,BEE_EVENT_CHN_00076,0.493,New Unique Individual
PSBB-CHN-001_video_11.mp4,8/9/2026 15:33,"29C, Sunny",2.61,High - lantana,4m to shrub border,15,"0.8m height, 45-deg downward",30,5185,5358,5.8,bee_crops/PSBB-CHN-001_video_11_track_30.jpg,BEE_EVENT_CHN_00077,0.32,New Unique Individual
PSBB-CHN-005_video_12.mp4,8/16/2026 10:02,"27C, Cloudy",2.07,Medium - tropical garden mix,4m to shrub border,15,"0.9m height, 40-deg downward",48,1122,1496,12.51,bee_crops/PSBB-CHN-005_video_12_track_48.jpg,BEE_EVENT_CHN_00078,0,New Unique Individual
PSBB-CHN-002_video_01.mp4,7/27/2026 9:09,"29C, Humid/Partly Cloudy",2.68,Medium - tropical garden mix,4m to shrub border,15,"0.9m height, 40-deg downward",7,2192,2665,15.8,bee_crops/PSBB-CHN-002_video_01_track_7.jpg,BEE_EVENT_CHN_00079,0.421,New Unique Individual
PSBB-CHN-004_video_11.mp4,8/10/2026 8:50,"29C, Humid/Sunny",1.59,High - hibiscus,2m to bare soil,15,"0.9m height, 40-deg downward",35,7,538,17.74,bee_crops/PSBB-CHN-004_video_11_track_35.jpg,BEE_EVENT_CHN_00080,0,New Unique Individual
PSBB-CHN-005_video_10.mp4,7/10/2026 8:20,"27C, Sunny",3.07,High - lantana,2m to bare soil,15,"1.2m height, 50-deg downward",60,1305,1436,4.39,bee_crops/PSBB-CHN-005_video_10_track_60.jpg,BEE_EVENT_CHN_00081,0,New Unique Individual
PSBB-CHN-004_video_02.mp4,8/24/2026 7:23,"35C, Partly Cloudy",2.78,High - lantana,2m to bare soil,15,"0.8m height, 45-deg downward",44,4727,4909,6.1,bee_crops/PSBB-CHN-004_video_02_track_44.jpg,BEE_EVENT_CHN_00081,0.601,Re-entry (P=60%)
PSBB-CHN-002_video_08.mp4,8/5/2026 9:50,"35C, Cloudy",1.23,High - bougainvillea,8m to tree/shrub edge,15,"0.9m height, 40-deg downward",16,1128,1371,8.14,bee_crops/PSBB-CHN-002_video_08_track_16.jpg,BEE_EVENT_CHN_00082,0,New Unique Individual
PSBB-CHN-003_video_04.mp4,7/13/2026 17:11,"29C, Humid/Partly Cloudy",2.17,Low - mixed ornamental planting,3m to planted soil,15,"1.0m height, 45-deg downward",69,2947,3804,28.6,bee_crops/PSBB-CHN-003_video_04_track_69.jpg,BEE_EVENT_CHN_00083,0.441,New Unique Individual
PSBB-CHN-003_video_08.mp4,8/10/2026 7:19,"28C, Partly Cloudy",1.53,Medium - zinnia,3m to planted soil,15,"0.9m height, 40-deg downward",16,1244,1301,1.92,bee_crops/PSBB-CHN-003_video_08_track_16.jpg,BEE_EVENT_CHN_00083,0.508,Re-entry (P=51%)
PSBB-CHN-003_video_05.mp4,7/20/2026 8:44,"33C, Sunny",3.57,High - lantana,2m to bare soil,15,"1.2m height, 50-deg downward",84,388,1217,27.67,bee_crops/PSBB-CHN-003_video_05_track_84.jpg,BEE_EVENT_CHN_00083,0.676,Re-entry (P=68%)
PSBB-CHN-002_video_01.mp4,8/10/2026 17:20,"33C, Cloudy",1.48,Medium - tropical garden mix,6m to leaf litter,15,"0.9m height, 40-deg downward",79,769,1008,8.01,bee_crops/PSBB-CHN-002_video_01_track_79.jpg,BEE_EVENT_CHN_00083,0.548,Re-entry (P=55%)
PSBB-CHN-004_video_12.mp4,7/28/2026 7:40,"30C, Humid/Partly Cloudy",1.76,Medium - marigold,3m to planted soil,15,"1.2m height, 50-deg downward",72,5335,5611,9.24,bee_crops/PSBB-CHN-004_video_12_track_72.jpg,BEE_EVENT_CHN_00084,0,New Unique Individual
PSBB-CHN-004_video_09.mp4,8/25/2026 17:05,"33C, Humid/Sunny",2.71,High - ixora,8m to tree/shrub edge,15,"0.8m height, 45-deg downward",7,5214,5737,17.48,bee_crops/PSBB-CHN-004_video_09_track_7.jpg,BEE_EVENT_CHN_00085,0,New Unique Individual
PSBB-CHN-004_video_03.mp4,8/25/2026 16:30,"28C, Cloudy",1.07,Medium - marigold,1m to bare soil,15,"1.0m height, 45-deg downward",32,3305,3759,15.18,bee_crops/PSBB-CHN-004_video_03_track_32.jpg,BEE_EVENT_CHN_00086,0,New Unique Individual
PSBB-CHN-003_video_04.mp4,7/30/2026 16:00,"34C, Cloudy",0.82,Medium - tropical garden mix,2m to bare soil,15,"1.0m height, 45-deg downward",51,994,1141,4.93,bee_crops/PSBB-CHN-003_video_04_track_51.jpg,BEE_EVENT_CHN_00087,0,New Unique Individual
PSBB-CHN-002_video_12.mp4,8/8/2026 9:11,"33C, Humid/Sunny",3.03,High - lantana,6m to leaf litter,15,"1.0m height, 45-deg downward",56,2522,2645,4.13,bee_crops/PSBB-CHN-002_video_12_track_56.jpg,BEE_EVENT_CHN_00088,0.489,New Unique Individual
PSBB-CHN-005_video_09.mp4,8/17/2026 15:36,"30C, Cloudy",1.51,Medium - marigold,6m to leaf litter,15,"1.2m height, 50-deg downward",12,4012,4159,4.94,bee_crops/PSBB-CHN-005_video_09_track_12.jpg,BEE_EVENT_CHN_00089,0,New Unique Individual
PSBB-CHN-002_video_02.mp4,7/30/2026 8:14,"33C, Humid/Sunny",3.58,Low - mixed ornamental planting,4m to shrub border,15,"1.2m height, 50-deg downward",6,1848,2012,5.5,bee_crops/PSBB-CHN-002_video_02_track_6.jpg,BEE_EVENT_CHN_00090,0,New Unique Individual
PSBB-CHN-001_video_11.mp4,7/3/2026 9:49,"33C, Humid/Partly Cloudy",1.74,High - hibiscus,6m to leaf litter,15,"0.9m height, 40-deg downward",56,3805,4203,13.3,bee_crops/PSBB-CHN-001_video_11_track_56.jpg,BEE_EVENT_CHN_00091,0,New Unique Individual
PSBB-CHN-001_video_02.mp4,8/14/2026 16:17,"29C, Partly Cloudy",2.89,Medium - tropical garden mix,3m to planted soil,15,"1.0m height, 45-deg downward",74,977,1459,16.11,bee_crops/PSBB-CHN-001_video_02_track_74.jpg,BEE_EVENT_CHN_00092,0,New Unique Individual
PSBB-CHN-003_video_10.mp4,8/13/2026 9:00,"31C, Humid/Sunny",3.52,Low - mixed ornamental planting,3m to planted soil,15,"0.8m height, 45-deg downward",59,2321,2492,5.74,bee_crops/PSBB-CHN-003_video_10_track_59.jpg,BEE_EVENT_CHN_00093,0,New Unique Individual
PSBB-CHN-005_video_03.mp4,7/18/2026 17:17,"28C, Humid/Partly Cloudy",0.72,Medium - zinnia,3m to planted soil,15,"0.8m height, 45-deg downward",52,3258,3434,5.91,bee_crops/PSBB-CHN-005_video_03_track_52.jpg,BEE_EVENT_CHN_00094,0,New Unique Individual
PSBB-CHN-005_video_01.mp4,7/5/2026 7:01,"27C, Sunny",2.64,High - jasmine,4m to shrub border,15,"0.8m height, 45-deg downward",7,352,556,6.83,bee_crops/PSBB-CHN-005_video_01_track_7.jpg,BEE_EVENT_CHN_00095,0,New Unique Individual
PSBB-CHN-004_video_01.mp4,7/13/2026 17:38,"27C, Cloudy",2.23,High - bougainvillea,4m to shrub border,15,"0.9m height, 40-deg downward",5,1277,1388,3.73,bee_crops/PSBB-CHN-004_video_01_track_5.jpg,BEE_EVENT_CHN_00096,0.482,New Unique Individual
PSBB-CHN-004_video_12.mp4,8/3/2026 16:49,"28C, Sunny",3.48,Medium - zinnia,3m to planted soil,15,"0.8m height, 45-deg downward",52,790,838,1.62,bee_crops/PSBB-CHN-004_video_12_track_52.jpg,BEE_EVENT_CHN_00096,0.923,Re-entry (P=92%)
PSBB-CHN-002_video_09.mp4,7/16/2026 7:03,"27C, Sunny",0.72,High - bougainvillea,3m to planted soil,15,"0.9m height, 40-deg downward",22,2502,3074,19.09,bee_crops/PSBB-CHN-002_video_09_track_22.jpg,BEE_EVENT_CHN_00097,0,New Unique Individual
PSBB-CHN-001_video_07.mp4,8/1/2026 7:21,"30C, Sunny",1.25,Low - mixed ornamental planting,1m to bare soil,15,"0.8m height, 45-deg downward",18,2880,2941,2.06,bee_crops/PSBB-CHN-001_video_07_track_18.jpg,BEE_EVENT_CHN_00098,0,New Unique Individual
PSBB-CHN-005_video_12.mp4,7/6/2026 17:09,"34C, Sunny",3.37,Medium - mixed flowering ornamentals,3m to planted soil,15,"1.0m height, 45-deg downward",64,4934,5025,3.07,bee_crops/PSBB-CHN-005_video_12_track_64.jpg,BEE_EVENT_CHN_00099,0,New Unique Individual
PSBB-CHN-005_video_12.mp4,8/9/2026 8:13,"30C, Partly Cloudy",3.33,High - hibiscus,4m to shrub border,15,"0.9m height, 40-deg downward",8,4872,5024,5.09,bee_crops/PSBB-CHN-005_video_12_track_8.jpg,BEE_EVENT_CHN_00100,0,New Unique Individual
PSBB-CHN-001_video_09.mp4,7/27/2026 7:23,"28C, Cloudy",3.41,High - jasmine,4m to shrub border,15,"0.9m height, 40-deg downward",3,4572,4656,2.82,bee_crops/PSBB-CHN-001_video_09_track_3.jpg,BEE_EVENT_CHN_00101,0,New Unique Individual
PSBB-CHN-003_video_06.mp4,7/17/2026 15:20,"32C, Sunny",2.01,High - bougainvillea,4m to shrub border,15,"1.0m height, 45-deg downward",64,464,579,3.87,bee_crops/PSBB-CHN-003_video_06_track_64.jpg,BEE_EVENT_CHN_00102,0,New Unique Individual
PSBB-CHN-003_video_10.mp4,7/30/2026 8:16,"31C, Sunny",2.95,High - jasmine,4m to shrub border,15,"1.0m height, 45-deg downward",88,4496,4719,7.47,bee_crops/PSBB-CHN-003_video_10_track_88.jpg,BEE_EVENT_CHN_00103,0,New Unique Individual
PSBB-CHN-004_video_05.mp4,7/15/2026 17:47,"35C, Partly Cloudy",1.93,High - jasmine,6m to leaf litter,15,"1.0m height, 45-deg downward",4,3332,3432,3.38,bee_crops/PSBB-CHN-004_video_05_track_4.jpg,BEE_EVENT_CHN_00104,0,New Unique Individual
PSBB-CHN-001_video_09.mp4,8/16/2026 16:08,"27C, Cloudy",1.18,High - jasmine,2m to bare soil,15,"0.8m height, 45-deg downward",52,2541,2888,11.61,bee_crops/PSBB-CHN-001_video_09_track_52.jpg,BEE_EVENT_CHN_00104,0.665,Re-entry (P=67%)
PSBB-CHN-005_video_11.mp4,8/14/2026 9:02,"35C, Humid/Partly Cloudy",0.89,High - hibiscus,6m to leaf litter,15,"0.8m height, 45-deg downward",86,3131,3326,6.54,bee_crops/PSBB-CHN-005_video_11_track_86.jpg,BEE_EVENT_CHN_00105,0,New Unique Individual
PSBB-CHN-003_video_02.mp4,7/21/2026 7:29,"30C, Partly Cloudy",0.87,High - hibiscus,8m to tree/shrub edge,15,"1.2m height, 50-deg downward",81,4391,4905,17.17,bee_crops/PSBB-CHN-003_video_02_track_81.jpg,BEE_EVENT_CHN_00106,0.456,New Unique Individual
PSBB-CHN-004_video_12.mp4,8/30/2026 8:41,"34C, Humid/Sunny",2.33,High - jasmine,8m to tree/shrub edge,15,"1.0m height, 45-deg downward",5,3856,4238,12.77,bee_crops/PSBB-CHN-004_video_12_track_5.jpg,BEE_EVENT_CHN_00107,0,New Unique Individual
PSBB-CHN-001_video_12.mp4,8/24/2026 15:25,"30C, Humid/Partly Cloudy",1.04,High - hibiscus,3m to planted soil,15,"1.0m height, 45-deg downward",52,5151,5565,13.84,bee_crops/PSBB-CHN-001_video_12_track_52.jpg,BEE_EVENT_CHN_00107,0.873,Re-entry (P=87%)
PSBB-CHN-005_video_07.mp4,8/18/2026 16:37,"30C, Cloudy",2.56,Medium - marigold,2m to bare soil,15,"0.9m height, 40-deg downward",17,3217,3599,12.77,bee_crops/PSBB-CHN-005_video_07_track_17.jpg,BEE_EVENT_CHN_00108,0,New Unique Individual
PSBB-CHN-003_video_06.mp4,7/3/2026 7:12,"33C, Partly Cloudy",1.07,High - ixora,8m to tree/shrub edge,15,"0.9m height, 40-deg downward",63,2965,3219,8.49,bee_crops/PSBB-CHN-003_video_06_track_63.jpg,BEE_EVENT_CHN_00109,0,New Unique Individual
PSBB-CHN-001_video_11.mp4,7/8/2026 8:48,"28C, Humid/Sunny",1.4,Medium - marigold,3m to planted soil,15,"0.9m height, 40-deg downward",71,2213,2682,15.67,bee_crops/PSBB-CHN-001_video_11_track_71.jpg,BEE_EVENT_CHN_00110,0,New Unique Individual
PSBB-CHN-005_video_01.mp4,8/19/2026 7:20,"28C, Sunny",1.37,Medium - zinnia,2m to bare soil,15,"1.0m height, 45-deg downward",81,2079,2187,3.62,bee_crops/PSBB-CHN-005_video_01_track_81.jpg,BEE_EVENT_CHN_00111,0,New Unique Individual
PSBB-CHN-002_video_06.mp4,7/1/2026 8:06,"32C, Sunny",3.31,High - ixora,1m to bare soil,15,"1.0m height, 45-deg downward",35,2904,3195,9.73,bee_crops/PSBB-CHN-002_video_06_track_35.jpg,BEE_EVENT_CHN_00112,0,New Unique Individual
PSBB-CHN-005_video_11.mp4,7/17/2026 17:07,"28C, Humid/Partly Cloudy",3.76,High - lantana,1m to bare soil,15,"0.8m height, 45-deg downward",68,4180,4356,5.89,bee_crops/PSBB-CHN-005_video_11_track_68.jpg,BEE_EVENT_CHN_00112,0.655,Re-entry (P=66%)
PSBB-CHN-002_video_06.mp4,8/21/2026 8:46,"29C, Partly Cloudy",3.5,High - jasmine,2m to bare soil,15,"0.9m height, 40-deg downward",90,933,1371,14.64,bee_crops/PSBB-CHN-002_video_06_track_90.jpg,BEE_EVENT_CHN_00113,0,New Unique Individual
PSBB-CHN-002_video_08.mp4,8/20/2026 17:34,"31C, Sunny",2.21,High - ixora,3m to planted soil,15,"1.2m height, 50-deg downward",40,3802,3975,5.81,bee_crops/PSBB-CHN-002_video_08_track_40.jpg,BEE_EVENT_CHN_00114,0,New Unique Individual
PSBB-CHN-004_video_09.mp4,8/14/2026 9:18,"33C, Cloudy",1.49,Medium - mixed flowering ornamentals,1m to bare soil,15,"0.9m height, 40-deg downward",82,1248,1951,23.48,bee_crops/PSBB-CHN-004_video_09_track_82.jpg,BEE_EVENT_CHN_00115,0,New Unique Individual
PSBB-CHN-003_video_05.mp4,8/16/2026 16:28,"34C, Sunny",1.94,High - lantana,2m to bare soil,15,"1.2m height, 50-deg downward",79,3309,3450,4.73,bee_crops/PSBB-CHN-003_video_05_track_79.jpg,BEE_EVENT_CHN_00116,0.434,New Unique Individual
PSBB-CHN-001_video_05.mp4,8/6/2026 10:23,"27C, Cloudy",0.73,Medium - zinnia,4m to shrub border,15,"1.0m height, 45-deg downward",34,3715,4439,24.17,bee_crops/PSBB-CHN-001_video_05_track_34.jpg,BEE_EVENT_CHN_00117,0,New Unique Individual
PSBB-CHN-002_video_09.mp4,7/30/2026 17:43,"34C, Humid/Sunny",1.22,Medium - tropical garden mix,1m to bare soil,15,"0.9m height, 40-deg downward",2,4929,5300,12.41,bee_crops/PSBB-CHN-002_video_09_track_2.jpg,BEE_EVENT_CHN_00118,0,New Unique Individual
PSBB-CHN-003_video_05.mp4,7/19/2026 10:38,"30C, Humid/Sunny",3.2,High - ixora,2m to bare soil,15,"1.0m height, 45-deg downward",4,2500,2772,9.1,bee_crops/PSBB-CHN-003_video_05_track_4.jpg,BEE_EVENT_CHN_00119,0,New Unique Individual
PSBB-CHN-002_video_07.mp4,7/25/2026 16:00,"33C, Cloudy",1.75,Medium - tropical garden mix,1m to bare soil,15,"0.8m height, 45-deg downward",53,3911,4104,6.47,bee_crops/PSBB-CHN-002_video_07_track_53.jpg,BEE_EVENT_CHN_00120,0,New Unique Individual
PSBB-CHN-004_video_09.mp4,8/3/2026 8:02,"29C, Sunny",2.48,High - jasmine,6m to leaf litter,15,"0.9m height, 40-deg downward",81,2039,2242,6.8,bee_crops/PSBB-CHN-004_video_09_track_81.jpg,BEE_EVENT_CHN_00121,0,New Unique Individual
PSBB-CHN-004_video_10.mp4,7/22/2026 8:46,"27C, Sunny",2.24,High - hibiscus,6m to leaf litter,15,"0.9m height, 40-deg downward",67,5051,5316,8.88,bee_crops/PSBB-CHN-004_video_10_track_67.jpg,BEE_EVENT_CHN_00122,0,New Unique Individual
PSBB-CHN-004_video_11.mp4,7/2/2026 7:11,"27C, Humid/Sunny",3.22,High - jasmine,1m to bare soil,15,"0.9m height, 40-deg downward",12,4174,4414,8.03,bee_crops/PSBB-CHN-004_video_11_track_12.jpg,BEE_EVENT_CHN_00123,0,New Unique Individual
PSBB-CHN-005_video_03.mp4,8/9/2026 15:16,"35C, Partly Cloudy",1.28,Medium - mixed flowering ornamentals,1m to bare soil,15,"1.0m height, 45-deg downward",90,2560,2683,4.14,bee_crops/PSBB-CHN-005_video_03_track_90.jpg,BEE_EVENT_CHN_00124,0,New Unique Individual
PSBB-CHN-003_video_05.mp4,7/14/2026 7:29,"31C, Partly Cloudy",1.55,Medium - zinnia,2m to bare soil,15,"0.9m height, 40-deg downward",81,3597,3763,5.57,bee_crops/PSBB-CHN-003_video_05_track_81.jpg,BEE_EVENT_CHN_00124,0.578,Re-entry (P=58%)
PSBB-CHN-004_video_10.mp4,7/11/2026 7:18,"31C, Cloudy",2.87,High - bougainvillea,4m to shrub border,15,"0.9m height, 40-deg downward",83,752,809,1.93,bee_crops/PSBB-CHN-004_video_10_track_83.jpg,BEE_EVENT_CHN_00125,0,New Unique Individual
PSBB-CHN-004_video_03.mp4,8/11/2026 9:11,"27C, Partly Cloudy",2.35,Low - mixed ornamental planting,2m to bare soil,15,"0.9m height, 40-deg downward",22,517,608,3.08,bee_crops/PSBB-CHN-004_video_03_track_22.jpg,BEE_EVENT_CHN_00126,0.423,New Unique Individual
PSBB-CHN-005_video_03.mp4,8/26/2026 8:29,"28C, Partly Cloudy",1.38,High - bougainvillea,6m to leaf litter,15,"0.9m height, 40-deg downward",35,735,1437,23.42,bee_crops/PSBB-CHN-005_video_03_track_35.jpg,BEE_EVENT_CHN_00127,0,New Unique Individual
PSBB-CHN-001_video_06.mp4,8/12/2026 7:42,"32C, Partly Cloudy",2.68,Low - mixed ornamental planting,6m to leaf litter,15,"1.2m height, 50-deg downward",24,1041,1231,6.38,bee_crops/PSBB-CHN-001_video_06_track_24.jpg,BEE_EVENT_CHN_00127,0.679,Re-entry (P=68%)
PSBB-CHN-004_video_10.mp4,8/2/2026 8:30,"30C, Cloudy",2.21,Medium - zinnia,3m to planted soil,15,"0.8m height, 45-deg downward",20,799,969,5.69,bee_crops/PSBB-CHN-004_video_10_track_20.jpg,BEE_EVENT_CHN_00128,0,New Unique Individual
PSBB-CHN-004_video_12.mp4,7/17/2026 9:00,"31C, Humid/Sunny",0.94,Medium - marigold,1m to bare soil,15,"1.2m height, 50-deg downward",74,580,649,2.32,bee_crops/PSBB-CHN-004_video_12_track_74.jpg,BEE_EVENT_CHN_00129,0,New Unique Individual
PSBB-CHN-005_video_05.mp4,7/22/2026 16:48,"35C, Cloudy",0.79,High - lantana,1m to bare soil,15,"0.8m height, 45-deg downward",37,377,429,1.78,bee_crops/PSBB-CHN-005_video_05_track_37.jpg,BEE_EVENT_CHN_00130,0,New Unique Individual
PSBB-CHN-001_video_04.mp4,8/21/2026 8:04,"27C, Humid/Partly Cloudy",2.03,High - lantana,8m to tree/shrub edge,15,"0.8m height, 45-deg downward",26,3055,3175,4.04,bee_crops/PSBB-CHN-001_video_04_track_26.jpg,BEE_EVENT_CHN_00131,0,New Unique Individual
PSBB-CHN-005_video_06.mp4,8/23/2026 16:49,"28C, Sunny",2,High - ixora,1m to bare soil,15,"1.2m height, 50-deg downward",74,5092,5460,12.3,bee_crops/PSBB-CHN-005_video_06_track_74.jpg,BEE_EVENT_CHN_00132,0,New Unique Individual
PSBB-CHN-003_video_05.mp4,7/20/2026 10:04,"34C, Cloudy",1.02,Medium - marigold,8m to tree/shrub edge,15,"0.8m height, 45-deg downward",86,3003,3185,6.11,bee_crops/PSBB-CHN-003_video_05_track_86.jpg,BEE_EVENT_CHN_00132,0.604,Re-entry (P=60%)
PSBB-CHN-001_video_11.mp4,7/11/2026 9:18,"29C, Sunny",3.36,High - ixora,6m to leaf litter,15,"0.8m height, 45-deg downward",83,4683,4970,9.61,bee_crops/PSBB-CHN-001_video_11_track_83.jpg,BEE_EVENT_CHN_00133,0,New Unique Individual
PSBB-CHN-003_video_10.mp4,8/8/2026 9:15,"30C, Humid/Sunny",3.15,High - jasmine,8m to tree/shrub edge,15,"0.9m height, 40-deg downward",30,621,713,3.1,bee_crops/PSBB-CHN-003_video_10_track_30.jpg,BEE_EVENT_CHN_00133,0.57,Re-entry (P=57%)
PSBB-CHN-005_video_06.mp4,8/24/2026 7:26,"29C, Cloudy",1.71,High - lantana,4m to shrub border,15,"1.2m height, 50-deg downward",39,4298,4652,11.82,bee_crops/PSBB-CHN-005_video_06_track_39.jpg,BEE_EVENT_CHN_00133,0.607,Re-entry (P=61%)
PSBB-CHN-005_video_09.mp4,7/3/2026 16:24,"33C, Partly Cloudy",1.83,Medium - marigold,3m to planted soil,15,"1.2m height, 50-deg downward",24,3026,3180,5.17,bee_crops/PSBB-CHN-005_video_09_track_24.jpg,BEE_EVENT_CHN_00134,0,New Unique Individual
PSBB-CHN-004_video_02.mp4,8/3/2026 17:26,"33C, Sunny",1.51,Medium - marigold,2m to bare soil,15,"1.2m height, 50-deg downward",48,1757,2062,10.19,bee_crops/PSBB-CHN-004_video_02_track_48.jpg,BEE_EVENT_CHN_00135,0,New Unique Individual
PSBB-CHN-001_video_07.mp4,8/7/2026 16:18,"35C, Sunny",1.98,Medium - zinnia,8m to tree/shrub edge,15,"1.0m height, 45-deg downward",40,1292,1585,9.81,bee_crops/PSBB-CHN-001_video_07_track_40.jpg,BEE_EVENT_CHN_00136,0,New Unique Individual
PSBB-CHN-001_video_08.mp4,8/9/2026 7:17,"31C, Humid/Sunny",2.85,Medium - mixed flowering ornamentals,4m to shrub border,15,"0.9m height, 40-deg downward",57,1817,2252,14.53,bee_crops/PSBB-CHN-001_video_08_track_57.jpg,BEE_EVENT_CHN_00137,0,New Unique Individual
PSBB-CHN-005_video_02.mp4,8/4/2026 7:19,"28C, Partly Cloudy",0.93,Medium - zinnia,8m to tree/shrub edge,15,"1.2m height, 50-deg downward",84,2226,2371,4.87,bee_crops/PSBB-CHN-005_video_02_track_84.jpg,BEE_EVENT_CHN_00138,0.337,New Unique Individual
PSBB-CHN-004_video_04.mp4,7/7/2026 9:12,"31C, Humid/Sunny",2.83,Medium - marigold,1m to bare soil,15,"0.9m height, 40-deg downward",66,4779,5032,8.48,bee_crops/PSBB-CHN-004_video_04_track_66.jpg,BEE_EVENT_CHN_00139,0.495,New Unique Individual
PSBB-CHN-004_video_09.mp4,7/8/2026 10:09,"31C, Sunny",2.86,Medium - zinnia,2m to bare soil,15,"0.8m height, 45-deg downward",19,2289,2759,15.7,bee_crops/PSBB-CHN-004_video_09_track_19.jpg,BEE_EVENT_CHN_00140,0,New Unique Individual
PSBB-CHN-002_video_09.mp4,8/23/2026 9:35,"35C, Sunny",1.1,Medium - marigold,2m to bare soil,15,"0.9m height, 40-deg downward",87,2761,2874,3.81,bee_crops/PSBB-CHN-002_video_09_track_87.jpg,BEE_EVENT_CHN_00141,0,New Unique Individual
PSBB-CHN-005_video_11.mp4,7/29/2026 15:04,"34C, Humid/Partly Cloudy",1.87,Medium - tropical garden mix,3m to planted soil,15,"0.9m height, 40-deg downward",74,3984,4248,8.82,bee_crops/PSBB-CHN-005_video_11_track_74.jpg,BEE_EVENT_CHN_00142,0,New Unique Individual
PSBB-CHN-001_video_08.mp4,8/8/2026 10:34,"32C, Humid/Sunny",1.77,Medium - mixed flowering ornamentals,4m to shrub border,15,"1.2m height, 50-deg downward",2,5306,5546,8.03,bee_crops/PSBB-CHN-001_video_08_track_2.jpg,BEE_EVENT_CHN_00143,0,New Unique Individual
PSBB-CHN-003_video_11.mp4,8/3/2026 8:46,"35C, Humid/Partly Cloudy",1.97,High - ixora,8m to tree/shrub edge,15,"1.0m height, 45-deg downward",64,5246,5559,10.47,bee_crops/PSBB-CHN-003_video_11_track_64.jpg,BEE_EVENT_CHN_00144,0,New Unique Individual
PSBB-CHN-001_video_07.mp4,8/27/2026 8:16,"28C, Humid/Sunny",3.43,Medium - mixed flowering ornamentals,4m to shrub border,15,"1.0m height, 45-deg downward",34,2491,2664,5.81,bee_crops/PSBB-CHN-001_video_07_track_34.jpg,BEE_EVENT_CHN_00145,0,New Unique Individual
PSBB-CHN-004_video_11.mp4,7/18/2026 7:12,"28C, Humid/Sunny",0.74,Low - mixed ornamental planting,2m to bare soil,15,"1.0m height, 45-deg downward",18,1138,1375,7.94,bee_crops/PSBB-CHN-004_video_11_track_18.jpg,BEE_EVENT_CHN_00146,0,New Unique Individual
PSBB-CHN-003_video_08.mp4,7/22/2026 7:20,"34C, Humid/Partly Cloudy",0.83,Medium - mixed flowering ornamentals,3m to planted soil,15,"0.9m height, 40-deg downward",89,4351,4773,14.09,bee_crops/PSBB-CHN-003_video_08_track_89.jpg,BEE_EVENT_CHN_00147,0,New Unique Individual
PSBB-CHN-005_video_02.mp4,7/2/2026 7:24,"30C, Humid/Partly Cloudy",3.47,High - jasmine,2m to bare soil,15,"0.9m height, 40-deg downward",18,4772,4927,5.21,bee_crops/PSBB-CHN-005_video_02_track_18.jpg,BEE_EVENT_CHN_00148,0,New Unique Individual
PSBB-CHN-003_video_06.mp4,8/19/2026 7:46,"28C, Cloudy",1.36,High - hibiscus,6m to leaf litter,15,"0.9m height, 40-deg downward",27,2253,2917,22.16,bee_crops/PSBB-CHN-003_video_06_track_27.jpg,BEE_EVENT_CHN_00149,0,New Unique Individual
PSBB-CHN-002_video_07.mp4,7/26/2026 10:49,"34C, Partly Cloudy",2.2,High - lantana,2m to bare soil,15,"1.0m height, 45-deg downward",29,2508,3095,19.61,bee_crops/PSBB-CHN-002_video_07_track_29.jpg,BEE_EVENT_CHN_00150,0.452,New Unique Individual
PSBB-CHN-005_video_08.mp4,7/31/2026 7:14,"31C, Sunny",2.96,High - lantana,3m to planted soil,15,"0.9m height, 40-deg downward",29,1423,1574,5.05,bee_crops/PSBB-CHN-005_video_08_track_29.jpg,BEE_EVENT_CHN_00151,0,New Unique Individual
PSBB-CHN-003_video_03.mp4,8/3/2026 8:19,"30C, Partly Cloudy",3.27,High - lantana,3m to planted soil,15,"1.0m height, 45-deg downward",74,1683,1766,2.79,bee_crops/PSBB-CHN-003_video_03_track_74.jpg,BEE_EVENT_CHN_00152,0.368,New Unique Individual
PSBB-CHN-005_video_02.mp4,8/10/2026 9:44,"31C, Cloudy",3.69,Medium - mixed flowering ornamentals,1m to bare soil,15,"0.9m height, 40-deg downward",42,5051,5236,6.2,bee_crops/PSBB-CHN-005_video_02_track_42.jpg,BEE_EVENT_CHN_00153,0,New Unique Individual
PSBB-CHN-004_video_03.mp4,8/24/2026 16:30,"29C, Sunny",3.73,Medium - marigold,8m to tree/shrub edge,15,"0.9m height, 40-deg downward",39,612,777,5.54,bee_crops/PSBB-CHN-004_video_03_track_39.jpg,BEE_EVENT_CHN_00154,0,New Unique Individual
PSBB-CHN-003_video_02.mp4,7/6/2026 17:43,"32C, Humid/Partly Cloudy",1.26,Low - mixed ornamental planting,2m to bare soil,15,"0.8m height, 45-deg downward",46,3177,3383,6.9,bee_crops/PSBB-CHN-003_video_02_track_46.jpg,BEE_EVENT_CHN_00155,0,New Unique Individual
PSBB-CHN-002_video_08.mp4,8/21/2026 7:03,"32C, Humid/Partly Cloudy",1.15,Medium - zinnia,3m to planted soil,15,"1.0m height, 45-deg downward",55,2957,3024,2.26,bee_crops/PSBB-CHN-002_video_08_track_55.jpg,BEE_EVENT_CHN_00156,0.475,New Unique Individual
PSBB-CHN-001_video_01.mp4,8/24/2026 16:02,"32C, Cloudy",0.91,Medium - zinnia,3m to planted soil,15,"1.0m height, 45-deg downward",58,3712,4438,24.23,bee_crops/PSBB-CHN-001_video_01_track_58.jpg,BEE_EVENT_CHN_00157,0,New Unique Individual
PSBB-CHN-002_video_05.mp4,8/3/2026 15:33,"29C, Humid/Sunny",0.85,High - jasmine,8m to tree/shrub edge,15,"1.0m height, 45-deg downward",44,1892,2226,11.18,bee_crops/PSBB-CHN-002_video_05_track_44.jpg,BEE_EVENT_CHN_00158,0.443,New Unique Individual
PSBB-CHN-002_video_04.mp4,8/2/2026 17:17,"27C, Humid/Sunny",0.7,Medium - marigold,1m to bare soil,15,"1.0m height, 45-deg downward",79,1712,1878,5.57,bee_crops/PSBB-CHN-002_video_04_track_79.jpg,BEE_EVENT_CHN_00159,0.477,New Unique Individual
PSBB-CHN-003_video_05.mp4,8/5/2026 17:15,"31C, Cloudy",1.58,High - lantana,1m to bare soil,15,"1.2m height, 50-deg downward",77,2159,3133,32.49,bee_crops/PSBB-CHN-003_video_05_track_77.jpg,BEE_EVENT_CHN_00160,0,New Unique Individual
PSBB-CHN-003_video_10.mp4,8/10/2026 8:47,"35C, Sunny",3.35,Low - mixed ornamental planting,4m to shrub border,15,"1.0m height, 45-deg downward",6,4987,5228,8.07,bee_crops/PSBB-CHN-003_video_10_track_6.jpg,BEE_EVENT_CHN_00161,0,New Unique Individual
PSBB-CHN-004_video_02.mp4,8/10/2026 8:44,"30C, Humid/Sunny",2.07,High - ixora,3m to planted soil,15,"0.9m height, 40-deg downward",19,4553,4882,10.99,bee_crops/PSBB-CHN-004_video_02_track_19.jpg,BEE_EVENT_CHN_00162,0,New Unique Individual
PSBB-CHN-005_video_01.mp4,7/21/2026 10:33,"35C, Partly Cloudy",0.86,High - hibiscus,8m to tree/shrub edge,15,"0.8m height, 45-deg downward",85,3335,3715,12.71,bee_crops/PSBB-CHN-005_video_01_track_85.jpg,BEE_EVENT_CHN_00163,0,New Unique Individual
PSBB-CHN-002_video_06.mp4,7/16/2026 15:35,"32C, Partly Cloudy",3.17,Medium - mixed flowering ornamentals,4m to shrub border,15,"0.9m height, 40-deg downward",5,1513,1862,11.68,bee_crops/PSBB-CHN-002_video_06_track_5.jpg,BEE_EVENT_CHN_00164,0,New Unique Individual
PSBB-CHN-002_video_01.mp4,8/2/2026 7:36,"34C, Humid/Sunny",2.37,High - jasmine,2m to bare soil,15,"1.2m height, 50-deg downward",17,393,1333,31.36,bee_crops/PSBB-CHN-002_video_01_track_17.jpg,BEE_EVENT_CHN_00165,0,New Unique Individual
PSBB-CHN-003_video_03.mp4,8/1/2026 9:14,"31C, Partly Cloudy",2.67,High - ixora,1m to bare soil,15,"0.9m height, 40-deg downward",6,3451,3674,7.46,bee_crops/PSBB-CHN-003_video_03_track_6.jpg,BEE_EVENT_CHN_00166,0.484,New Unique Individual
PSBB-CHN-001_video_05.mp4,8/13/2026 16:08,"32C, Partly Cloudy",1.74,High - hibiscus,1m to bare soil,15,"1.2m height, 50-deg downward",51,1378,1883,16.88,bee_crops/PSBB-CHN-001_video_05_track_51.jpg,BEE_EVENT_CHN_00167,0,New Unique Individual
PSBB-CHN-004_video_07.mp4,7/29/2026 16:50,"33C, Sunny",2.75,High - jasmine,3m to planted soil,15,"0.8m height, 45-deg downward",72,2939,3149,7.02,bee_crops/PSBB-CHN-004_video_07_track_72.jpg,BEE_EVENT_CHN_00168,0,New Unique Individual
PSBB-CHN-005_video_09.mp4,8/17/2026 9:34,"30C, Partly Cloudy",3.09,Medium - tropical garden mix,6m to leaf litter,15,"0.9m height, 40-deg downward",77,4721,4822,3.41,bee_crops/PSBB-CHN-005_video_09_track_77.jpg,BEE_EVENT_CHN_00169,0,New Unique Individual
PSBB-CHN-004_video_01.mp4,8/8/2026 7:14,"27C, Humid/Sunny",2.09,Medium - mixed flowering ornamentals,1m to bare soil,15,"0.9m height, 40-deg downward",16,705,836,4.41,bee_crops/PSBB-CHN-004_video_01_track_16.jpg,BEE_EVENT_CHN_00170,0,New Unique Individual
PSBB-CHN-004_video_07.mp4,7/20/2026 9:28,"30C, Humid/Sunny",2.1,Medium - tropical garden mix,4m to shrub border,15,"0.8m height, 45-deg downward",65,4872,5053,6.07,bee_crops/PSBB-CHN-004_video_07_track_65.jpg,BEE_EVENT_CHN_00171,0,New Unique Individual
PSBB-CHN-004_video_12.mp4,7/30/2026 16:27,"29C, Partly Cloudy",1.29,High - lantana,4m to shrub border,15,"0.9m height, 40-deg downward",41,512,649,4.6,bee_crops/PSBB-CHN-004_video_12_track_41.jpg,BEE_EVENT_CHN_00172,0,New Unique Individual
PSBB-CHN-004_video_01.mp4,7/12/2026 10:43,"32C, Cloudy",1.47,Medium - mixed flowering ornamentals,8m to tree/shrub edge,15,"0.9m height, 40-deg downward",59,4490,4641,5.07,bee_crops/PSBB-CHN-004_video_01_track_59.jpg,BEE_EVENT_CHN_00172,0.682,Re-entry (P=68%)
PSBB-CHN-002_video_04.mp4,8/10/2026 8:29,"33C, Humid/Sunny",3.07,High - bougainvillea,8m to tree/shrub edge,15,"0.9m height, 40-deg downward",25,2320,2629,10.35,bee_crops/PSBB-CHN-002_video_04_track_25.jpg,BEE_EVENT_CHN_00173,0.491,New Unique Individual
PSBB-CHN-001_video_09.mp4,8/29/2026 7:07,"30C, Sunny",3.24,High - bougainvillea,4m to shrub border,15,"1.2m height, 50-deg downward",69,4147,4581,14.5,bee_crops/PSBB-CHN-001_video_09_track_69.jpg,BEE_EVENT_CHN_00173,0.806,Re-entry (P=81%)
PSBB-CHN-005_video_02.mp4,7/24/2026 8:11,"34C, Sunny",1.99,Medium - tropical garden mix,4m to shrub border,15,"1.2m height, 50-deg downward",65,846,1080,7.82,bee_crops/PSBB-CHN-005_video_02_track_65.jpg,BEE_EVENT_CHN_00174,0,New Unique Individual
PSBB-CHN-003_video_12.mp4,8/30/2026 16:12,"30C, Humid/Sunny",2.99,Medium - mixed flowering ornamentals,4m to shrub border,15,"0.9m height, 40-deg downward",45,5289,5552,8.79,bee_crops/PSBB-CHN-003_video_12_track_45.jpg,BEE_EVENT_CHN_00174,0.586,Re-entry (P=59%)
PSBB-CHN-002_video_06.mp4,7/23/2026 16:20,"31C, Humid/Sunny",1.71,Medium - mixed flowering ornamentals,2m to bare soil,15,"0.8m height, 45-deg downward",54,3515,3630,3.86,bee_crops/PSBB-CHN-002_video_06_track_54.jpg,BEE_EVENT_CHN_00175,0,New Unique Individual
PSBB-CHN-001_video_03.mp4,7/4/2026 16:11,"34C, Humid/Partly Cloudy",1.91,High - jasmine,4m to shrub border,15,"0.9m height, 40-deg downward",27,3186,3358,5.77,bee_crops/PSBB-CHN-001_video_03_track_27.jpg,BEE_EVENT_CHN_00176,0,New Unique Individual
PSBB-CHN-004_video_07.mp4,8/9/2026 10:04,"30C, Sunny",2.54,Medium - mixed flowering ornamentals,4m to shrub border,15,"0.8m height, 45-deg downward",35,3095,3807,23.77,bee_crops/PSBB-CHN-004_video_07_track_35.jpg,BEE_EVENT_CHN_00177,0,New Unique Individual
PSBB-CHN-005_video_09.mp4,8/13/2026 9:01,"34C, Humid/Partly Cloudy",3.31,High - bougainvillea,8m to tree/shrub edge,15,"1.2m height, 50-deg downward",60,5065,5267,6.76,bee_crops/PSBB-CHN-005_video_09_track_60.jpg,BEE_EVENT_CHN_00177,0.704,Re-entry (P=70%)
PSBB-CHN-003_video_12.mp4,8/11/2026 15:00,"35C, Cloudy",1.49,High - hibiscus,8m to tree/shrub edge,15,"1.2m height, 50-deg downward",71,369,659,9.7,bee_crops/PSBB-CHN-003_video_12_track_71.jpg,BEE_EVENT_CHN_00177,0.53,Re-entry (P=53%)
PSBB-CHN-003_video_01.mp4,7/20/2026 8:38,"31C, Sunny",3.77,High - lantana,2m to bare soil,15,"0.9m height, 40-deg downward",45,4059,4561,16.76,bee_crops/PSBB-CHN-003_video_01_track_45.jpg,BEE_EVENT_CHN_00177,0.658,Re-entry (P=66%)
PSBB-CHN-002_video_09.mp4,8/28/2026 10:20,"27C, Cloudy",1.78,Low - mixed ornamental planting,4m to shrub border,15,"0.9m height, 40-deg downward",7,1766,1851,2.85,bee_crops/PSBB-CHN-002_video_09_track_7.jpg,BEE_EVENT_CHN_00178,0,New Unique Individual
PSBB-CHN-004_video_02.mp4,8/16/2026 8:30,"34C, Humid/Partly Cloudy",0.84,Low - mixed ornamental planting,1m to bare soil,15,"1.0m height, 45-deg downward",51,2762,3088,10.89,bee_crops/PSBB-CHN-004_video_02_track_51.jpg,BEE_EVENT_CHN_00179,0.388,New Unique Individual
PSBB-CHN-003_video_10.mp4,7/12/2026 7:42,"34C, Humid/Partly Cloudy",3.13,High - ixora,6m to leaf litter,15,"1.0m height, 45-deg downward",64,3660,4094,14.51,bee_crops/PSBB-CHN-003_video_10_track_64.jpg,BEE_EVENT_CHN_00180,0.45,New Unique Individual
PSBB-CHN-005_video_11.mp4,8/17/2026 16:16,"32C, Sunny",1.1,High - jasmine,8m to tree/shrub edge,15,"1.2m height, 50-deg downward",33,2642,2729,2.92,bee_crops/PSBB-CHN-005_video_11_track_33.jpg,BEE_EVENT_CHN_00181,0,New Unique Individual
PSBB-CHN-001_video_10.mp4,7/29/2026 10:02,"35C, Sunny",1.31,High - bougainvillea,4m to shrub border,15,"0.9m height, 40-deg downward",20,2221,2400,6,bee_crops/PSBB-CHN-001_video_10_track_20.jpg,BEE_EVENT_CHN_00182,0,New Unique Individual
PSBB-CHN-005_video_04.mp4,8/8/2026 15:50,"33C, Partly Cloudy",1.89,High - hibiscus,1m to bare soil,15,"1.2m height, 50-deg downward",3,2776,2926,5.02,bee_crops/PSBB-CHN-005_video_04_track_3.jpg,BEE_EVENT_CHN_00182,0.805,Re-entry (P=80%)
PSBB-CHN-002_video_05.mp4,7/31/2026 15:28,"32C, Sunny",1.33,High - ixora,2m to bare soil,15,"0.9m height, 40-deg downward",90,3001,3140,4.65,bee_crops/PSBB-CHN-002_video_05_track_90.jpg,BEE_EVENT_CHN_00183,0,New Unique Individual
PSBB-CHN-003_video_08.mp4,7/20/2026 15:34,"28C, Sunny",2.38,High - ixora,6m to leaf litter,15,"1.0m height, 45-deg downward",13,3968,4166,6.63,bee_crops/PSBB-CHN-003_video_08_track_13.jpg,BEE_EVENT_CHN_00184,0.483,New Unique Individual
PSBB-CHN-001_video_07.mp4,7/24/2026 17:17,"28C, Partly Cloudy",3.41,Medium - mixed flowering ornamentals,2m to bare soil,15,"1.0m height, 45-deg downward",64,4091,4230,4.67,bee_crops/PSBB-CHN-001_video_07_track_64.jpg,BEE_EVENT_CHN_00185,0,New Unique Individual
PSBB-CHN-005_video_12.mp4,8/1/2026 17:41,"32C, Partly Cloudy",0.81,High - lantana,2m to bare soil,15,"0.8m height, 45-deg downward",9,1411,1636,7.52,bee_crops/PSBB-CHN-005_video_12_track_9.jpg,BEE_EVENT_CHN_00186,0,New Unique Individual
PSBB-CHN-003_video_05.mp4,8/25/2026 8:12,"27C, Sunny",1.93,High - ixora,2m to bare soil,15,"0.9m height, 40-deg downward",11,3634,3989,11.85,bee_crops/PSBB-CHN-003_video_05_track_11.jpg,BEE_EVENT_CHN_00187,0.455,New Unique Individual
PSBB-CHN-004_video_02.mp4,7/10/2026 17:00,"30C, Partly Cloudy",1.71,Medium - marigold,6m to leaf litter,15,"0.8m height, 45-deg downward",17,5305,5530,7.54,bee_crops/PSBB-CHN-004_video_02_track_17.jpg,BEE_EVENT_CHN_00188,0,New Unique Individual
PSBB-CHN-004_video_11.mp4,8/17/2026 17:03,"34C, Humid/Sunny",1.48,Medium - marigold,1m to bare soil,15,"0.9m height, 40-deg downward",17,734,2014,42.71,bee_crops/PSBB-CHN-004_video_11_track_17.jpg,BEE_EVENT_CHN_00189,0,New Unique Individual
PSBB-CHN-003_video_12.mp4,7/9/2026 9:36,"28C, Sunny",1.33,Medium - tropical garden mix,3m to planted soil,15,"1.0m height, 45-deg downward",50,733,809,2.57,bee_crops/PSBB-CHN-003_video_12_track_50.jpg,BEE_EVENT_CHN_00190,0,New Unique Individual
PSBB-CHN-001_video_04.mp4,7/11/2026 17:21,"30C, Partly Cloudy",3.71,Medium - tropical garden mix,4m to shrub border,15,"1.0m height, 45-deg downward",13,5273,5419,4.9,bee_crops/PSBB-CHN-001_video_04_track_13.jpg,BEE_EVENT_CHN_00191,0,New Unique Individual
PSBB-CHN-002_video_10.mp4,7/9/2026 15:21,"29C, Humid/Partly Cloudy",0.82,High - ixora,3m to planted soil,15,"0.8m height, 45-deg downward",79,892,946,1.84,bee_crops/PSBB-CHN-002_video_10_track_79.jpg,BEE_EVENT_CHN_00191,0.748,Re-entry (P=75%)
PSBB-CHN-003_video_04.mp4,7/8/2026 17:14,"29C, Sunny",3.61,Medium - mixed flowering ornamentals,1m to bare soil,15,"1.0m height, 45-deg downward",71,2600,2776,5.89,bee_crops/PSBB-CHN-003_video_04_track_71.jpg,BEE_EVENT_CHN_00192,0,New Unique Individual
PSBB-CHN-003_video_08.mp4,8/17/2026 17:36,"28C, Humid/Partly Cloudy",2.53,Medium - zinnia,8m to tree/shrub edge,15,"1.0m height, 45-deg downward",42,4715,5030,10.55,bee_crops/PSBB-CHN-003_video_08_track_42.jpg,BEE_EVENT_CHN_00192,0.556,Re-entry (P=56%)
PSBB-CHN-001_video_11.mp4,7/7/2026 17:05,"29C, Humid/Partly Cloudy",1.97,Medium - mixed flowering ornamentals,8m to tree/shrub edge,15,"0.9m height, 40-deg downward",42,924,1356,14.43,bee_crops/PSBB-CHN-001_video_11_track_42.jpg,BEE_EVENT_CHN_00192,0.774,Re-entry (P=77%)
PSBB-CHN-004_video_03.mp4,7/7/2026 17:27,"28C, Sunny",0.93,High - jasmine,4m to shrub border,15,"1.2m height, 50-deg downward",71,905,1143,7.97,bee_crops/PSBB-CHN-004_video_03_track_71.jpg,BEE_EVENT_CHN_00192,0.586,Re-entry (P=59%)
PSBB-CHN-001_video_10.mp4,7/22/2026 10:03,"27C, Humid/Partly Cloudy",3.11,High - lantana,6m to leaf litter,15,"1.2m height, 50-deg downward",29,4271,4619,11.62,bee_crops/PSBB-CHN-001_video_10_track_29.jpg,BEE_EVENT_CHN_00193,0,New Unique Individual
PSBB-CHN-002_video_11.mp4,8/7/2026 9:39,"27C, Humid/Sunny",3.34,High - hibiscus,1m to bare soil,15,"0.9m height, 40-deg downward",9,526,642,3.91,bee_crops/PSBB-CHN-002_video_11_track_9.jpg,BEE_EVENT_CHN_00194,0,New Unique Individual
PSBB-CHN-005_video_05.mp4,8/7/2026 17:37,"27C, Cloudy",1.1,High - lantana,8m to tree/shrub edge,15,"1.0m height, 45-deg downward",76,5369,5602,7.8,bee_crops/PSBB-CHN-005_video_05_track_76.jpg,BEE_EVENT_CHN_00194,0.582,Re-entry (P=58%)
PSBB-CHN-003_video_12.mp4,7/3/2026 7:36,"32C, Partly Cloudy",3.3,Medium - zinnia,1m to bare soil,15,"1.0m height, 45-deg downward",6,852,962,3.71,bee_crops/PSBB-CHN-003_video_12_track_6.jpg,BEE_EVENT_CHN_00194,0.616,Re-entry (P=62%)
PSBB-CHN-001_video_04.mp4,7/20/2026 7:48,"32C, Partly Cloudy",1.88,High - hibiscus,3m to planted soil,15,"0.9m height, 40-deg downward",75,3770,3847,2.6,bee_crops/PSBB-CHN-001_video_04_track_75.jpg,BEE_EVENT_CHN_00195,0,New Unique Individual
PSBB-CHN-001_video_06.mp4,7/15/2026 8:24,"27C, Sunny",1.87,High - ixora,1m to bare soil,15,"0.9m height, 40-deg downward",3,2700,3100,13.37,bee_crops/PSBB-CHN-001_video_06_track_3.jpg,BEE_EVENT_CHN_00196,0,New Unique Individual
PSBB-CHN-003_video_04.mp4,7/3/2026 10:00,"32C, Partly Cloudy",2.92,High - hibiscus,4m to shrub border,15,"0.8m height, 45-deg downward",78,100,421,10.74,bee_crops/PSBB-CHN-003_video_04_track_78.jpg,BEE_EVENT_CHN_00197,0,New Unique Individual
PSBB-CHN-001_video_02.mp4,7/29/2026 8:30,"29C, Cloudy",3.03,High - jasmine,8m to tree/shrub edge,15,"1.2m height, 50-deg downward",41,1015,1807,26.43,bee_crops/PSBB-CHN-001_video_02_track_41.jpg,BEE_EVENT_CHN_00198,0,New Unique Individual
PSBB-CHN-005_video_01.mp4,7/18/2026 9:09,"30C, Sunny",2.91,High - hibiscus,2m to bare soil,15,"0.8m height, 45-deg downward",74,4657,4930,9.14,bee_crops/PSBB-CHN-005_video_01_track_74.jpg,BEE_EVENT_CHN_00199,0,New Unique Individual
PSBB-CHN-002_video_07.mp4,7/18/2026 16:17,"35C, Humid/Sunny",2.66,High - hibiscus,6m to leaf litter,15,"0.9m height, 40-deg downward",43,308,698,13.02,bee_crops/PSBB-CHN-002_video_07_track_43.jpg,BEE_EVENT_CHN_00200,0,New Unique Individual
PSBB-CHN-001_video_07.mp4,8/24/2026 10:49,"33C, Cloudy",1.36,High - lantana,8m to tree/shrub edge,15,"0.9m height, 40-deg downward",54,963,1244,9.39,bee_crops/PSBB-CHN-001_video_07_track_54.jpg,BEE_EVENT_CHN_00201,0,New Unique Individual
PSBB-CHN-005_video_10.mp4,7/24/2026 16:06,"31C, Partly Cloudy",2.45,Medium - zinnia,2m to bare soil,15,"0.9m height, 40-deg downward",15,3762,4098,11.24,bee_crops/PSBB-CHN-005_video_10_track_15.jpg,BEE_EVENT_CHN_00202,0,New Unique Individual
PSBB-CHN-004_video_03.mp4,8/14/2026 17:20,"27C, Humid/Partly Cloudy",1.7,Medium - marigold,1m to bare soil,15,"1.0m height, 45-deg downward",5,3969,4202,7.81,bee_crops/PSBB-CHN-004_video_03_track_5.jpg,BEE_EVENT_CHN_00203,0,New Unique Individual
PSBB-CHN-001_video_04.mp4,7/19/2026 9:17,"34C, Cloudy",1.38,High - jasmine,1m to bare soil,15,"1.0m height, 45-deg downward",63,4712,4822,3.71,bee_crops/PSBB-CHN-001_video_04_track_63.jpg,BEE_EVENT_CHN_00204,0,New Unique Individual
PSBB-CHN-005_video_05.mp4,7/18/2026 17:01,"35C, Sunny",1.08,High - bougainvillea,3m to planted soil,15,"0.8m height, 45-deg downward",74,2950,3202,8.43,bee_crops/PSBB-CHN-005_video_05_track_74.jpg,BEE_EVENT_CHN_00205,0,New Unique Individual
PSBB-CHN-001_video_04.mp4,8/16/2026 9:46,"29C, Partly Cloudy",2.16,High - hibiscus,6m to leaf litter,15,"0.9m height, 40-deg downward",83,292,384,3.11,bee_crops/PSBB-CHN-001_video_04_track_83.jpg,BEE_EVENT_CHN_00206,0.376,New Unique Individual
PSBB-CHN-005_video_01.mp4,7/16/2026 17:24,"31C, Humid/Sunny",1.59,Medium - marigold,2m to bare soil,15,"1.2m height, 50-deg downward",86,1947,2032,2.85,bee_crops/PSBB-CHN-005_video_01_track_86.jpg,BEE_EVENT_CHN_00207,0,New Unique Individual
PSBB-CHN-004_video_03.mp4,7/8/2026 8:03,"33C, Humid/Sunny",1.03,High - hibiscus,4m to shrub border,15,"0.8m height, 45-deg downward",44,3061,3278,7.26,bee_crops/PSBB-CHN-004_video_03_track_44.jpg,BEE_EVENT_CHN_00208,0.5,New Unique Individual
PSBB-CHN-004_video_01.mp4,7/15/2026 8:41,"33C, Cloudy",2.02,Low - mixed ornamental planting,2m to bare soil,15,"1.0m height, 45-deg downward",67,5189,5256,2.25,bee_crops/PSBB-CHN-004_video_01_track_67.jpg,BEE_EVENT_CHN_00209,0,New Unique Individual
PSBB-CHN-002_video_08.mp4,8/30/2026 10:33,"31C, Partly Cloudy",3.24,High - bougainvillea,4m to shrub border,15,"1.2m height, 50-deg downward",44,2709,2853,4.83,bee_crops/PSBB-CHN-002_video_08_track_44.jpg,BEE_EVENT_CHN_00210,0,New Unique Individual
PSBB-CHN-004_video_01.mp4,8/19/2026 16:13,"29C, Partly Cloudy",2.52,High - ixora,4m to shrub border,15,"0.9m height, 40-deg downward",20,2077,2545,15.63,bee_crops/PSBB-CHN-004_video_01_track_20.jpg,BEE_EVENT_CHN_00211,0,New Unique Individual
PSBB-CHN-001_video_04.mp4,7/7/2026 10:34,"27C, Cloudy",2.66,High - hibiscus,2m to bare soil,15,"1.2m height, 50-deg downward",33,2567,2912,11.53,bee_crops/PSBB-CHN-001_video_04_track_33.jpg,BEE_EVENT_CHN_00212,0,New Unique Individual
PSBB-CHN-004_video_09.mp4,7/24/2026 9:41,"35C, Cloudy",3.19,High - jasmine,2m to bare soil,15,"1.0m height, 45-deg downward",78,1400,1563,5.48,bee_crops/PSBB-CHN-004_video_09_track_78.jpg,BEE_EVENT_CHN_00213,0,New Unique Individual
PSBB-CHN-002_video_03.mp4,8/26/2026 10:39,"32C, Sunny",1.02,Low - mixed ornamental planting,8m to tree/shrub edge,15,"0.8m height, 45-deg downward",9,1759,1830,2.4,bee_crops/PSBB-CHN-002_video_03_track_9.jpg,BEE_EVENT_CHN_00214,0,New Unique Individual
PSBB-CHN-002_video_08.mp4,8/1/2026 17:22,"29C, Sunny",0.96,Medium - zinnia,3m to planted soil,15,"0.8m height, 45-deg downward",34,1157,1332,5.87,bee_crops/PSBB-CHN-002_video_08_track_34.jpg,BEE_EVENT_CHN_00215,0,New Unique Individual
PSBB-CHN-002_video_05.mp4,8/23/2026 8:44,"32C, Humid/Partly Cloudy",2.97,Low - mixed ornamental planting,4m to shrub border,15,"0.9m height, 40-deg downward",44,5035,5306,9.06,bee_crops/PSBB-CHN-002_video_05_track_44.jpg,BEE_EVENT_CHN_00216,0,New Unique Individual
PSBB-CHN-002_video_01.mp4,7/24/2026 9:17,"33C, Cloudy",2.53,Medium - tropical garden mix,8m to tree/shrub edge,15,"0.8m height, 45-deg downward",19,4512,4971,15.34,bee_crops/PSBB-CHN-002_video_01_track_19.jpg,BEE_EVENT_CHN_00217,0.486,New Unique Individual
PSBB-CHN-004_video_11.mp4,8/21/2026 8:21,"31C, Humid/Partly Cloudy",2.47,Medium - zinnia,8m to tree/shrub edge,15,"0.9m height, 40-deg downward",41,4289,4685,13.22,bee_crops/PSBB-CHN-004_video_11_track_41.jpg,BEE_EVENT_CHN_00218,0,New Unique Individual
PSBB-CHN-001_video_04.mp4,7/24/2026 8:46,"33C, Humid/Partly Cloudy",2.44,High - bougainvillea,4m to shrub border,15,"0.9m height, 40-deg downward",30,2529,2711,6.11,bee_crops/PSBB-CHN-001_video_04_track_30.jpg,BEE_EVENT_CHN_00219,0,New Unique Individual
PSBB-CHN-005_video_01.mp4,7/4/2026 10:19,"33C, Cloudy",2.14,Medium - marigold,6m to leaf litter,15,"0.8m height, 45-deg downward",46,967,1470,16.81,bee_crops/PSBB-CHN-005_video_01_track_46.jpg,BEE_EVENT_CHN_00220,0.431,New Unique Individual
PSBB-CHN-002_video_01.mp4,8/29/2026 10:42,"28C, Sunny",0.93,Medium - mixed flowering ornamentals,1m to bare soil,15,"1.0m height, 45-deg downward",2,2196,2429,7.81,bee_crops/PSBB-CHN-002_video_01_track_2.jpg,BEE_EVENT_CHN_00221,0,New Unique Individual
PSBB-CHN-003_video_10.mp4,7/2/2026 7:29,"29C, Humid/Partly Cloudy",3.08,High - lantana,2m to bare soil,15,"1.0m height, 45-deg downward",4,2670,2910,8.02,bee_crops/PSBB-CHN-003_video_10_track_4.jpg,BEE_EVENT_CHN_00222,0,New Unique Individual
PSBB-CHN-003_video_02.mp4,7/1/2026 15:00,"31C, Cloudy",0.85,Medium - mixed flowering ornamentals,3m to planted soil,15,"0.9m height, 40-deg downward",86,2538,2698,5.37,bee_crops/PSBB-CHN-003_video_02_track_86.jpg,BEE_EVENT_CHN_00223,0,New Unique Individual
PSBB-CHN-001_video_08.mp4,8/30/2026 7:37,"35C, Partly Cloudy",1.54,Medium - mixed flowering ornamentals,1m to bare soil,15,"1.2m height, 50-deg downward",67,3166,3428,8.77,bee_crops/PSBB-CHN-001_video_08_track_67.jpg,BEE_EVENT_CHN_00224,0,New Unique Individual
PSBB-CHN-002_video_12.mp4,8/14/2026 16:44,"27C, Partly Cloudy",1.54,High - bougainvillea,3m to planted soil,15,"0.8m height, 45-deg downward",39,791,971,6.04,bee_crops/PSBB-CHN-002_video_12_track_39.jpg,BEE_EVENT_CHN_00224,0.621,Re-entry (P=62%)
PSBB-CHN-004_video_11.mp4,8/18/2026 9:00,"35C, Humid/Partly Cloudy",1.69,Medium - marigold,2m to bare soil,15,"0.9m height, 40-deg downward",2,3026,3085,2,bee_crops/PSBB-CHN-004_video_11_track_2.jpg,BEE_EVENT_CHN_00224,0.545,Re-entry (P=54%)
PSBB-CHN-005_video_11.mp4,7/1/2026 7:47,"32C, Humid/Sunny",1.11,High - hibiscus,6m to leaf litter,15,"1.2m height, 50-deg downward",80,997,1094,3.27,bee_crops/PSBB-CHN-005_video_11_track_80.jpg,BEE_EVENT_CHN_00225,0,New Unique Individual
PSBB-CHN-005_video_07.mp4,8/18/2026 9:03,"28C, Humid/Partly Cloudy",3.2,Medium - mixed flowering ornamentals,8m to tree/shrub edge,15,"1.2m height, 50-deg downward",54,1447,1894,14.94,bee_crops/PSBB-CHN-005_video_07_track_54.jpg,BEE_EVENT_CHN_00226,0,New Unique Individual
PSBB-CHN-001_video_11.mp4,7/28/2026 15:23,"30C, Sunny",2.03,High - ixora,4m to shrub border,15,"0.8m height, 45-deg downward",36,4966,5210,8.18,bee_crops/PSBB-CHN-001_video_11_track_36.jpg,BEE_EVENT_CHN_00227,0,New Unique Individual
PSBB-CHN-005_video_08.mp4,8/7/2026 9:05,"31C, Humid/Sunny",0.77,Medium - marigold,3m to planted soil,15,"0.9m height, 40-deg downward",77,334,549,7.19,bee_crops/PSBB-CHN-005_video_08_track_77.jpg,BEE_EVENT_CHN_00228,0,New Unique Individual
PSBB-CHN-003_video_09.mp4,7/20/2026 16:44,"34C, Partly Cloudy",0.95,Medium - marigold,3m to planted soil,15,"1.2m height, 50-deg downward",67,3203,3396,6.47,bee_crops/PSBB-CHN-003_video_09_track_67.jpg,BEE_EVENT_CHN_00228,0.682,Re-entry (P=68%)
PSBB-CHN-002_video_09.mp4,7/8/2026 17:10,"31C, Humid/Sunny",1.96,High - bougainvillea,4m to shrub border,15,"0.9m height, 40-deg downward",84,5033,5490,15.25,bee_crops/PSBB-CHN-002_video_09_track_84.jpg,BEE_EVENT_CHN_00229,0,New Unique Individual
PSBB-CHN-001_video_05.mp4,7/4/2026 16:41,"35C, Humid/Sunny",3.24,High - lantana,8m to tree/shrub edge,15,"1.0m height, 45-deg downward",11,949,1119,5.71,bee_crops/PSBB-CHN-001_video_05_track_11.jpg,BEE_EVENT_CHN_00230,0,New Unique Individual
PSBB-CHN-003_video_02.mp4,7/24/2026 17:29,"27C, Partly Cloudy",1.45,Medium - tropical garden mix,2m to bare soil,15,"0.8m height, 45-deg downward",64,2216,2316,3.38,bee_crops/PSBB-CHN-003_video_02_track_64.jpg,BEE_EVENT_CHN_00230,0.581,Re-entry (P=58%)
PSBB-CHN-005_video_01.mp4,7/16/2026 16:11,"29C, Humid/Sunny",3.53,Low - mixed ornamental planting,2m to bare soil,15,"1.0m height, 45-deg downward",34,4088,4234,4.89,bee_crops/PSBB-CHN-005_video_01_track_34.jpg,BEE_EVENT_CHN_00231,0,New Unique Individual
PSBB-CHN-005_video_09.mp4,8/14/2026 15:25,"34C, Sunny",2.65,Medium - zinnia,2m to bare soil,15,"1.2m height, 50-deg downward",84,5239,5378,4.68,bee_crops/PSBB-CHN-005_video_09_track_84.jpg,BEE_EVENT_CHN_00232,0,New Unique Individual
PSBB-CHN-002_video_12.mp4,7/31/2026 7:23,"31C, Sunny",3.35,Medium - marigold,6m to leaf litter,15,"1.2m height, 50-deg downward",12,4010,4597,19.61,bee_crops/PSBB-CHN-002_video_12_track_12.jpg,BEE_EVENT_CHN_00233,0,New Unique Individual
PSBB-CHN-001_video_08.mp4,7/15/2026 15:48,"30C, Humid/Partly Cloudy",2.46,High - jasmine,1m to bare soil,15,"0.8m height, 45-deg downward",15,1429,1611,6.1,bee_crops/PSBB-CHN-001_video_08_track_15.jpg,BEE_EVENT_CHN_00233,0.607,Re-entry (P=61%)
PSBB-CHN-003_video_08.mp4,8/24/2026 9:41,"33C, Humid/Sunny",3.37,Low - mixed ornamental planting,6m to leaf litter,15,"1.2m height, 50-deg downward",26,3974,4951,32.59,bee_crops/PSBB-CHN-003_video_08_track_26.jpg,BEE_EVENT_CHN_00234,0.464,New Unique Individual
PSBB-CHN-001_video_10.mp4,8/28/2026 17:13,"27C, Cloudy",2.79,High - bougainvillea,1m to bare soil,15,"0.9m height, 40-deg downward",42,2086,2777,23.06,bee_crops/PSBB-CHN-001_video_10_track_42.jpg,BEE_EVENT_CHN_00235,0,New Unique Individual
PSBB-CHN-002_video_06.mp4,8/9/2026 8:34,"29C, Sunny",2.01,High - hibiscus,2m to bare soil,15,"0.9m height, 40-deg downward",58,2413,2660,8.25,bee_crops/PSBB-CHN-002_video_06_track_58.jpg,BEE_EVENT_CHN_00236,0,New Unique Individual
PSBB-CHN-005_video_03.mp4,7/28/2026 8:30,"34C, Cloudy",0.99,Medium - mixed flowering ornamentals,3m to planted soil,15,"0.8m height, 45-deg downward",55,385,475,3.04,bee_crops/PSBB-CHN-005_video_03_track_55.jpg,BEE_EVENT_CHN_00237,0,New Unique Individual
PSBB-CHN-002_video_12.mp4,7/12/2026 15:10,"27C, Humid/Partly Cloudy",2.93,Low - mixed ornamental planting,1m to bare soil,15,"1.2m height, 50-deg downward",60,3070,3168,3.29,bee_crops/PSBB-CHN-002_video_12_track_60.jpg,BEE_EVENT_CHN_00237,0.723,Re-entry (P=72%)
PSBB-CHN-001_video_06.mp4,8/21/2026 9:16,"27C, Humid/Partly Cloudy",2.84,Medium - zinnia,1m to bare soil,15,"1.0m height, 45-deg downward",84,4223,4354,4.41,bee_crops/PSBB-CHN-001_video_06_track_84.jpg,BEE_EVENT_CHN_00238,0,New Unique Individual
PSBB-CHN-002_video_12.mp4,8/11/2026 8:12,"32C, Humid/Sunny",3.57,High - lantana,3m to planted soil,15,"1.0m height, 45-deg downward",1,1535,1838,10.12,bee_crops/PSBB-CHN-002_video_12_track_1.jpg,BEE_EVENT_CHN_00239,0,New Unique Individual
PSBB-CHN-003_video_05.mp4,7/10/2026 9:15,"27C, Sunny",3.06,High - jasmine,8m to tree/shrub edge,15,"0.8m height, 45-deg downward",39,774,907,4.48,bee_crops/PSBB-CHN-003_video_05_track_39.jpg,BEE_EVENT_CHN_00240,0,New Unique Individual
PSBB-CHN-002_video_10.mp4,7/18/2026 8:10,"32C, Humid/Sunny",3.08,High - lantana,3m to planted soil,15,"1.0m height, 45-deg downward",25,753,1018,8.85,bee_crops/PSBB-CHN-002_video_10_track_25.jpg,BEE_EVENT_CHN_00241,0,New Unique Individual
PSBB-CHN-005_video_03.mp4,7/14/2026 16:47,"34C, Humid/Sunny",2.3,High - bougainvillea,3m to planted soil,15,"0.8m height, 45-deg downward",65,1322,1362,1.37,bee_crops/PSBB-CHN-005_video_03_track_65.jpg,BEE_EVENT_CHN_00242,0,New Unique Individual
PSBB-CHN-002_video_03.mp4,8/2/2026 8:08,"35C, Sunny",3.38,High - lantana,4m to shrub border,15,"1.2m height, 50-deg downward",85,1373,1678,10.21,bee_crops/PSBB-CHN-002_video_03_track_85.jpg,BEE_EVENT_CHN_00242,0.663,Re-entry (P=66%)
PSBB-CHN-002_video_04.mp4,8/7/2026 7:48,"35C, Cloudy",1.76,High - ixora,3m to planted soil,15,"1.2m height, 50-deg downward",88,1562,1949,12.92,bee_crops/PSBB-CHN-002_video_04_track_88.jpg,BEE_EVENT_CHN_00243,0.447,New Unique Individual
PSBB-CHN-003_video_05.mp4,7/16/2026 8:34,"27C, Humid/Partly Cloudy",1.43,Low - mixed ornamental planting,3m to planted soil,15,"1.2m height, 50-deg downward",13,5123,5346,7.47,bee_crops/PSBB-CHN-003_video_05_track_13.jpg,BEE_EVENT_CHN_00244,0,New Unique Individual
PSBB-CHN-003_video_02.mp4,8/15/2026 8:11,"30C, Humid/Sunny",2.08,Medium - marigold,3m to planted soil,15,"0.9m height, 40-deg downward",51,104,236,4.42,bee_crops/PSBB-CHN-003_video_02_track_51.jpg,BEE_EVENT_CHN_00244,0.518,Re-entry (P=52%)
PSBB-CHN-001_video_08.mp4,8/23/2026 15:16,"28C, Humid/Partly Cloudy",3.16,High - lantana,3m to planted soil,15,"0.9m height, 40-deg downward",49,313,490,5.94,bee_crops/PSBB-CHN-001_video_08_track_49.jpg,BEE_EVENT_CHN_00244,0.647,Re-entry (P=65%)
PSBB-CHN-005_video_02.mp4,8/15/2026 10:12,"28C, Humid/Sunny",1.45,Medium - zinnia,3m to planted soil,15,"0.8m height, 45-deg downward",74,2849,2986,4.59,bee_crops/PSBB-CHN-005_video_02_track_74.jpg,BEE_EVENT_CHN_00245,0.353,New Unique Individual
PSBB-CHN-004_video_01.mp4,7/11/2026 7:14,"31C, Cloudy",1.01,High - hibiscus,3m to planted soil,15,"1.2m height, 50-deg downward",80,1733,1809,2.56,bee_crops/PSBB-CHN-004_video_01_track_80.jpg,BEE_EVENT_CHN_00246,0,New Unique Individual
PSBB-CHN-005_video_10.mp4,8/13/2026 10:06,"34C, Partly Cloudy",0.91,High - lantana,2m to bare soil,15,"0.9m height, 40-deg downward",2,4415,4677,8.76,bee_crops/PSBB-CHN-005_video_10_track_2.jpg,BEE_EVENT_CHN_00247,0,New Unique Individual
PSBB-CHN-005_video_05.mp4,7/14/2026 8:37,"33C, Cloudy",1.61,High - lantana,8m to tree/shrub edge,15,"1.2m height, 50-deg downward",31,4177,4316,4.65,bee_crops/PSBB-CHN-005_video_05_track_31.jpg,BEE_EVENT_CHN_00248,0,New Unique Individual
PSBB-CHN-001_video_01.mp4,8/22/2026 17:24,"28C, Partly Cloudy",3.33,High - ixora,6m to leaf litter,15,"1.0m height, 45-deg downward",14,1258,1417,5.34,bee_crops/PSBB-CHN-001_video_01_track_14.jpg,BEE_EVENT_CHN_00249,0,New Unique Individual
PSBB-CHN-002_video_03.mp4,8/10/2026 9:03,"35C, Partly Cloudy",3,Medium - mixed flowering ornamentals,8m to tree/shrub edge,15,"0.9m height, 40-deg downward",20,581,833,8.42,bee_crops/PSBB-CHN-002_video_03_track_20.jpg,BEE_EVENT_CHN_00250,0,New Unique Individual
PSBB-CHN-002_video_04.mp4,8/15/2026 17:46,"33C, Cloudy",2.43,Medium - mixed flowering ornamentals,6m to leaf litter,15,"0.9m height, 40-deg downward",8,3313,3465,5.11,bee_crops/PSBB-CHN-002_video_04_track_8.jpg,BEE_EVENT_CHN_00251,0,New Unique Individual
PSBB-CHN-001_video_04.mp4,8/26/2026 9:10,"31C, Sunny",2.24,Medium - mixed flowering ornamentals,8m to tree/shrub edge,15,"0.9m height, 40-deg downward",49,190,324,4.49,bee_crops/PSBB-CHN-001_video_04_track_49.jpg,BEE_EVENT_CHN_00252,0,New Unique Individual
PSBB-CHN-002_video_09.mp4,7/23/2026 9:30,"34C, Humid/Sunny",3.46,Medium - zinnia,4m to shrub border,15,"0.8m height, 45-deg downward",30,3223,3272,1.66,bee_crops/PSBB-CHN-002_video_09_track_30.jpg,BEE_EVENT_CHN_00253,0.415,New Unique Individual
PSBB-CHN-001_video_03.mp4,8/17/2026 8:36,"35C, Humid/Sunny",1.78,High - hibiscus,2m to bare soil,15,"1.2m height, 50-deg downward",48,1803,1983,6.02,bee_crops/PSBB-CHN-001_video_03_track_48.jpg,BEE_EVENT_CHN_00254,0,New Unique Individual
PSBB-CHN-004_video_05.mp4,7/18/2026 17:12,"31C, Partly Cloudy",3.77,Low - mixed ornamental planting,8m to tree/shrub edge,15,"1.2m height, 50-deg downward",4,1662,2252,19.69,bee_crops/PSBB-CHN-004_video_05_track_4.jpg,BEE_EVENT_CHN_00254,0.517,Re-entry (P=52%)
PSBB-CHN-001_video_08.mp4,7/16/2026 17:22,"27C, Humid/Sunny",3.26,High - jasmine,1m to bare soil,15,"1.0m height, 45-deg downward",4,3986,5100,37.18,bee_crops/PSBB-CHN-001_video_08_track_4.jpg,BEE_EVENT_CHN_00255,0.425,New Unique Individual
PSBB-CHN-004_video_01.mp4,8/25/2026 8:49,"33C, Sunny",2.87,High - lantana,8m to tree/shrub edge,15,"0.9m height, 40-deg downward",90,313,670,11.93,bee_crops/PSBB-CHN-004_video_01_track_90.jpg,BEE_EVENT_CHN_00256,0,New Unique Individual
PSBB-CHN-005_video_05.mp4,7/6/2026 9:22,"30C, Cloudy",3.01,Medium - zinnia,3m to planted soil,15,"0.9m height, 40-deg downward",76,1622,1689,2.27,bee_crops/PSBB-CHN-005_video_05_track_76.jpg,BEE_EVENT_CHN_00256,0.616,Re-entry (P=62%)
PSBB-CHN-002_video_02.mp4,8/12/2026 9:50,"28C, Partly Cloudy",2.16,Medium - mixed flowering ornamentals,8m to tree/shrub edge,15,"1.2m height, 50-deg downward",64,2462,2692,7.7,bee_crops/PSBB-CHN-002_video_02_track_64.jpg,BEE_EVENT_CHN_00257,0,New Unique Individual
PSBB-CHN-004_video_03.mp4,7/10/2026 7:02,"35C, Cloudy",3.47,Low - mixed ornamental planting,6m to leaf litter,15,"1.2m height, 50-deg downward",70,1305,1446,4.75,bee_crops/PSBB-CHN-004_video_03_track_70.jpg,BEE_EVENT_CHN_00258,0,New Unique Individual
PSBB-CHN-001_video_01.mp4,8/3/2026 15:08,"31C, Humid/Partly Cloudy",1.46,Medium - marigold,6m to leaf litter,15,"1.2m height, 50-deg downward",31,4489,5035,18.22,bee_crops/PSBB-CHN-001_video_01_track_31.jpg,BEE_EVENT_CHN_00259,0,New Unique Individual
PSBB-CHN-003_video_10.mp4,7/8/2026 9:26,"30C, Partly Cloudy",1.16,Medium - tropical garden mix,3m to planted soil,15,"1.0m height, 45-deg downward",31,3060,3391,11.07,bee_crops/PSBB-CHN-003_video_10_track_31.jpg,BEE_EVENT_CHN_00260,0,New Unique Individual
PSBB-CHN-001_video_09.mp4,8/14/2026 17:19,"31C, Partly Cloudy",3.14,Medium - tropical garden mix,3m to planted soil,15,"0.8m height, 45-deg downward",76,3874,4283,13.66,bee_crops/PSBB-CHN-001_video_09_track_76.jpg,BEE_EVENT_CHN_00261,0.392,New Unique Individual
PSBB-CHN-005_video_02.mp4,8/31/2026 15:00,"34C, Sunny",1.39,Medium - mixed flowering ornamentals,1m to bare soil,15,"1.0m height, 45-deg downward",60,3256,3428,5.76,bee_crops/PSBB-CHN-005_video_02_track_60.jpg,BEE_EVENT_CHN_00262,0.405,New Unique Individual
PSBB-CHN-003_video_07.mp4,8/22/2026 9:38,"32C, Cloudy",1.29,High - lantana,8m to tree/shrub edge,15,"1.0m height, 45-deg downward",54,1843,1986,4.8,bee_crops/PSBB-CHN-003_video_07_track_54.jpg,BEE_EVENT_CHN_00263,0.367,New Unique Individual
PSBB-CHN-002_video_08.mp4,7/17/2026 9:39,"29C, Humid/Partly Cloudy",3.58,High - ixora,2m to bare soil,15,"1.0m height, 45-deg downward",21,1115,1225,3.69,bee_crops/PSBB-CHN-002_video_08_track_21.jpg,BEE_EVENT_CHN_00264,0,New Unique Individual
PSBB-CHN-005_video_06.mp4,7/8/2026 17:20,"29C, Humid/Partly Cloudy",1.48,Medium - tropical garden mix,4m to shrub border,15,"1.2m height, 50-deg downward",35,1769,2227,15.31,bee_crops/PSBB-CHN-005_video_06_track_35.jpg,BEE_EVENT_CHN_00265,0,New Unique Individual
PSBB-CHN-002_video_12.mp4,8/5/2026 15:19,"34C, Partly Cloudy",2.5,Medium - tropical garden mix,2m to bare soil,15,"0.8m height, 45-deg downward",72,1504,2085,19.41,bee_crops/PSBB-CHN-002_video_12_track_72.jpg,BEE_EVENT_CHN_00266,0.483,New Unique Individual
PSBB-CHN-002_video_03.mp4,8/9/2026 8:46,"34C, Humid/Partly Cloudy",0.81,High - jasmine,1m to bare soil,15,"1.2m height, 50-deg downward",42,281,417,4.56,bee_crops/PSBB-CHN-002_video_03_track_42.jpg,BEE_EVENT_CHN_00266,0.675,Re-entry (P=67%)
PSBB-CHN-002_video_02.mp4,8/22/2026 7:48,"32C, Humid/Partly Cloudy",2.15,Medium - tropical garden mix,4m to shrub border,15,"1.0m height, 45-deg downward",32,1559,1820,8.74,bee_crops/PSBB-CHN-002_video_02_track_32.jpg,BEE_EVENT_CHN_00267,0,New Unique Individual
PSBB-CHN-004_video_02.mp4,8/31/2026 7:50,"28C, Cloudy",2.75,Medium - mixed flowering ornamentals,6m to leaf litter,15,"0.9m height, 40-deg downward",38,350,487,4.61,bee_crops/PSBB-CHN-004_video_02_track_38.jpg,BEE_EVENT_CHN_00268,0,New Unique Individual
PSBB-CHN-005_video_12.mp4,7/13/2026 9:42,"28C, Humid/Partly Cloudy",1.67,Medium - zinnia,4m to shrub border,15,"1.2m height, 50-deg downward",19,374,432,1.98,bee_crops/PSBB-CHN-005_video_12_track_19.jpg,BEE_EVENT_CHN_00269,0,New Unique Individual
PSBB-CHN-001_video_07.mp4,8/15/2026 15:26,"34C, Cloudy",2.93,High - bougainvillea,8m to tree/shrub edge,15,"1.2m height, 50-deg downward",70,1942,2199,8.59,bee_crops/PSBB-CHN-001_video_07_track_70.jpg,BEE_EVENT_CHN_00269,0.813,Re-entry (P=81%)
PSBB-CHN-005_video_09.mp4,8/19/2026 7:12,"30C, Sunny",0.94,High - ixora,2m to bare soil,15,"1.0m height, 45-deg downward",54,2350,2562,7.1,bee_crops/PSBB-CHN-005_video_09_track_54.jpg,BEE_EVENT_CHN_00270,0,New Unique Individual
PSBB-CHN-003_video_10.mp4,8/24/2026 8:08,"30C, Sunny",2.63,High - ixora,6m to leaf litter,15,"1.2m height, 50-deg downward",88,3987,4160,5.79,bee_crops/PSBB-CHN-003_video_10_track_88.jpg,BEE_EVENT_CHN_00271,0,New Unique Individual
PSBB-CHN-004_video_07.mp4,8/22/2026 17:14,"32C, Humid/Sunny",3.44,Medium - marigold,6m to leaf litter,15,"1.0m height, 45-deg downward",75,1591,1946,11.87,bee_crops/PSBB-CHN-004_video_07_track_75.jpg,BEE_EVENT_CHN_00272,0,New Unique Individual
PSBB-CHN-005_video_06.mp4,8/11/2026 16:09,"29C, Cloudy",2.99,High - bougainvillea,6m to leaf litter,15,"1.2m height, 50-deg downward",28,2241,3760,50.68,bee_crops/PSBB-CHN-005_video_06_track_28.jpg,BEE_EVENT_CHN_00273,0,New Unique Individual
PSBB-CHN-001_video_11.mp4,7/30/2026 15:12,"31C, Sunny",3.59,High - jasmine,3m to planted soil,15,"1.0m height, 45-deg downward",35,2423,2901,15.96,bee_crops/PSBB-CHN-001_video_11_track_35.jpg,BEE_EVENT_CHN_00274,0,New Unique Individual
PSBB-CHN-004_video_09.mp4,8/13/2026 8:23,"30C, Humid/Sunny",1.6,Medium - marigold,2m to bare soil,15,"1.2m height, 50-deg downward",62,2937,3103,5.57,bee_crops/PSBB-CHN-004_video_09_track_62.jpg,BEE_EVENT_CHN_00275,0,New Unique Individual
PSBB-CHN-001_video_11.mp4,7/1/2026 8:19,"31C, Sunny",3.32,High - lantana,8m to tree/shrub edge,15,"0.8m height, 45-deg downward",82,272,520,8.29,bee_crops/PSBB-CHN-001_video_11_track_82.jpg,BEE_EVENT_CHN_00276,0,New Unique Individual
PSBB-CHN-001_video_04.mp4,8/7/2026 10:18,"32C, Sunny",1.69,High - ixora,1m to bare soil,15,"1.2m height, 50-deg downward",64,575,646,2.4,bee_crops/PSBB-CHN-001_video_04_track_64.jpg,BEE_EVENT_CHN_00277,0,New Unique Individual
PSBB-CHN-001_video_12.mp4,7/30/2026 10:21,"28C, Cloudy",3.16,High - ixora,3m to planted soil,15,"1.2m height, 50-deg downward",74,4650,5093,14.81,bee_crops/PSBB-CHN-001_video_12_track_74.jpg,BEE_EVENT_CHN_00278,0,New Unique Individual
PSBB-CHN-003_video_03.mp4,8/12/2026 16:49,"28C, Humid/Sunny",2.61,High - lantana,6m to leaf litter,15,"0.8m height, 45-deg downward",28,3329,3439,3.71,bee_crops/PSBB-CHN-003_video_03_track_28.jpg,BEE_EVENT_CHN_00279,0,New Unique Individual
PSBB-CHN-005_video_04.mp4,8/7/2026 17:27,"29C, Humid/Partly Cloudy",2.42,Medium - tropical garden mix,3m to planted soil,15,"0.9m height, 40-deg downward",90,2462,2568,3.56,bee_crops/PSBB-CHN-005_video_04_track_90.jpg,BEE_EVENT_CHN_00280,0,New Unique Individual
PSBB-CHN-002_video_11.mp4,8/9/2026 15:22,"27C, Partly Cloudy",1.61,Medium - mixed flowering ornamentals,4m to shrub border,15,"1.0m height, 45-deg downward",43,4347,4766,13.99,bee_crops/PSBB-CHN-002_video_11_track_43.jpg,BEE_EVENT_CHN_00281,0,New Unique Individual
PSBB-CHN-003_video_06.mp4,8/11/2026 7:23,"27C, Cloudy",2.22,Medium - zinnia,8m to tree/shrub edge,15,"1.0m height, 45-deg downward",78,2995,3050,1.88,bee_crops/PSBB-CHN-003_video_06_track_78.jpg,BEE_EVENT_CHN_00282,0,New Unique Individual
PSBB-CHN-004_video_08.mp4,8/25/2026 16:22,"34C, Cloudy",1.79,Low - mixed ornamental planting,4m to shrub border,15,"1.2m height, 50-deg downward",23,990,1438,14.96,bee_crops/PSBB-CHN-004_video_08_track_23.jpg,BEE_EVENT_CHN_00283,0,New Unique Individual
PSBB-CHN-005_video_04.mp4,7/10/2026 8:47,"28C, Humid/Partly Cloudy",2.56,Medium - marigold,2m to bare soil,15,"1.0m height, 45-deg downward",45,3440,4217,25.94,bee_crops/PSBB-CHN-005_video_04_track_45.jpg,BEE_EVENT_CHN_00283,0.537,Re-entry (P=54%)
PSBB-CHN-002_video_09.mp4,7/30/2026 8:42,"32C, Partly Cloudy",3.31,Medium - marigold,3m to planted soil,15,"0.8m height, 45-deg downward",28,1552,1724,5.76,bee_crops/PSBB-CHN-002_video_09_track_28.jpg,BEE_EVENT_CHN_00283,0.512,Re-entry (P=51%)
PSBB-CHN-002_video_03.mp4,7/9/2026 15:31,"34C, Humid/Sunny",2.77,Medium - mixed flowering ornamentals,3m to planted soil,15,"1.2m height, 50-deg downward",52,4083,4266,6.15,bee_crops/PSBB-CHN-002_video_03_track_52.jpg,BEE_EVENT_CHN_00284,0,New Unique Individual
PSBB-CHN-003_video_05.mp4,7/30/2026 16:10,"33C, Humid/Sunny",2.81,Medium - marigold,2m to bare soil,15,"0.9m height, 40-deg downward",11,1333,1952,20.66,bee_crops/PSBB-CHN-003_video_05_track_11.jpg,BEE_EVENT_CHN_00285,0,New Unique Individual
PSBB-CHN-001_video_02.mp4,8/28/2026 8:23,"30C, Partly Cloudy",3.63,Low - mixed ornamental planting,3m to planted soil,15,"0.9m height, 40-deg downward",14,485,676,6.39,bee_crops/PSBB-CHN-001_video_02_track_14.jpg,BEE_EVENT_CHN_00286,0,New Unique Individual
PSBB-CHN-005_video_08.mp4,7/19/2026 9:44,"27C, Sunny",1.72,High - ixora,6m to leaf litter,15,"0.8m height, 45-deg downward",45,3147,3701,18.49,bee_crops/PSBB-CHN-005_video_08_track_45.jpg,BEE_EVENT_CHN_00286,0.523,Re-entry (P=52%)
PSBB-CHN-001_video_10.mp4,7/6/2026 16:04,"30C, Sunny",2.14,Low - mixed ornamental planting,8m to tree/shrub edge,15,"1.2m height, 50-deg downward",44,1471,2345,29.17,bee_crops/PSBB-CHN-001_video_10_track_44.jpg,BEE_EVENT_CHN_00286,0.529,Re-entry (P=53%)
PSBB-CHN-004_video_02.mp4,7/31/2026 15:26,"28C, Sunny",2.7,Medium - zinnia,1m to bare soil,15,"1.0m height, 45-deg downward",50,3009,3718,23.67,bee_crops/PSBB-CHN-004_video_02_track_50.jpg,BEE_EVENT_CHN_00287,0,New Unique Individual
PSBB-CHN-002_video_05.mp4,7/21/2026 9:05,"27C, Partly Cloudy",2.82,High - jasmine,1m to bare soil,15,"0.9m height, 40-deg downward",17,1525,1850,10.86,bee_crops/PSBB-CHN-002_video_05_track_17.jpg,BEE_EVENT_CHN_00287,0.617,Re-entry (P=62%)
PSBB-CHN-003_video_01.mp4,7/31/2026 9:01,"29C, Humid/Partly Cloudy",2.41,Medium - mixed flowering ornamentals,2m to bare soil,15,"0.9m height, 40-deg downward",72,3643,3907,8.84,bee_crops/PSBB-CHN-003_video_01_track_72.jpg,BEE_EVENT_CHN_00288,0,New Unique Individual
PSBB-CHN-002_video_04.mp4,8/7/2026 10:13,"33C, Sunny",0.96,High - hibiscus,1m to bare soil,15,"0.9m height, 40-deg downward",25,1930,2579,21.66,bee_crops/PSBB-CHN-002_video_04_track_25.jpg,BEE_EVENT_CHN_00289,0.5,New Unique Individual
PSBB-CHN-004_video_06.mp4,7/28/2026 15:32,"27C, Humid/Sunny",1.53,Medium - mixed flowering ornamentals,4m to shrub border,15,"1.2m height, 50-deg downward",57,2987,3333,11.58,bee_crops/PSBB-CHN-004_video_06_track_57.jpg,BEE_EVENT_CHN_00290,0,New Unique Individual
PSBB-CHN-004_video_07.mp4,8/16/2026 17:16,"30C, Cloudy",2.35,High - ixora,6m to leaf litter,15,"0.9m height, 40-deg downward",74,916,1148,7.78,bee_crops/PSBB-CHN-004_video_07_track_74.jpg,BEE_EVENT_CHN_00291,0,New Unique Individual
PSBB-CHN-002_video_12.mp4,7/24/2026 10:41,"28C, Humid/Sunny",3.64,Medium - marigold,3m to planted soil,15,"1.2m height, 50-deg downward",4,4891,5284,13.14,bee_crops/PSBB-CHN-002_video_12_track_4.jpg,BEE_EVENT_CHN_00292,0,New Unique Individual
PSBB-CHN-004_video_03.mp4,7/8/2026 10:09,"33C, Humid/Sunny",1.33,Medium - zinnia,3m to planted soil,15,"0.9m height, 40-deg downward",43,2384,2788,13.49,bee_crops/PSBB-CHN-004_video_03_track_43.jpg,BEE_EVENT_CHN_00292,0.721,Re-entry (P=72%)
PSBB-CHN-002_video_09.mp4,7/9/2026 7:19,"34C, Humid/Sunny",1.23,High - hibiscus,4m to shrub border,15,"0.9m height, 40-deg downward",90,3975,4048,2.45,bee_crops/PSBB-CHN-002_video_09_track_90.jpg,BEE_EVENT_CHN_00293,0.453,New Unique Individual
PSBB-CHN-002_video_05.mp4,8/10/2026 10:12,"30C, Humid/Sunny",3.27,Medium - mixed flowering ornamentals,8m to tree/shrub edge,15,"1.2m height, 50-deg downward",67,3730,4276,18.24,bee_crops/PSBB-CHN-002_video_05_track_67.jpg,BEE_EVENT_CHN_00294,0,New Unique Individual
PSBB-CHN-002_video_01.mp4,7/17/2026 8:30,"29C, Partly Cloudy",1.14,Low - mixed ornamental planting,4m to shrub border,15,"0.8m height, 45-deg downward",35,3895,4130,7.88,bee_crops/PSBB-CHN-002_video_01_track_35.jpg,BEE_EVENT_CHN_00294,0.688,Re-entry (P=69%)
PSBB-CHN-004_video_11.mp4,7/4/2026 9:12,"30C, Humid/Partly Cloudy",1.8,Medium - tropical garden mix,2m to bare soil,15,"0.8m height, 45-deg downward",3,2886,3263,12.6,bee_crops/PSBB-CHN-004_video_11_track_3.jpg,BEE_EVENT_CHN_00295,0,New Unique Individual
PSBB-CHN-001_video_12.mp4,8/29/2026 16:09,"27C, Humid/Sunny",3.66,High - ixora,8m to tree/shrub edge,15,"0.8m height, 45-deg downward",46,3027,3623,19.9,bee_crops/PSBB-CHN-001_video_12_track_46.jpg,BEE_EVENT_CHN_00295,0.721,Re-entry (P=72%)
PSBB-CHN-005_video_09.mp4,7/25/2026 9:08,"29C, Humid/Sunny",1,Medium - marigold,2m to bare soil,15,"1.2m height, 50-deg downward",90,1022,1171,4.99,bee_crops/PSBB-CHN-005_video_09_track_90.jpg,BEE_EVENT_CHN_00296,0,New Unique Individual
PSBB-CHN-002_video_12.mp4,8/28/2026 8:06,"35C, Cloudy",0.89,Low - mixed ornamental planting,1m to bare soil,15,"0.8m height, 45-deg downward",61,4533,5523,33.03,bee_crops/PSBB-CHN-002_video_12_track_61.jpg,BEE_EVENT_CHN_00296,0.801,Re-entry (P=80%)
PSBB-CHN-004_video_07.mp4,7/27/2026 10:43,"27C, Humid/Sunny",1.27,Medium - marigold,1m to bare soil,15,"1.2m height, 50-deg downward",64,3050,3465,13.85,bee_crops/PSBB-CHN-004_video_07_track_64.jpg,BEE_EVENT_CHN_00297,0,New Unique Individual
PSBB-CHN-001_video_02.mp4,8/19/2026 9:30,"28C, Sunny",3.28,High - bougainvillea,3m to planted soil,15,"1.0m height, 45-deg downward",46,3997,4219,7.44,bee_crops/PSBB-CHN-001_video_02_track_46.jpg,BEE_EVENT_CHN_00298,0,New Unique Individual
PSBB-CHN-004_video_03.mp4,8/28/2026 16:38,"30C, Humid/Partly Cloudy",1.96,High - bougainvillea,8m to tree/shrub edge,15,"1.2m height, 50-deg downward",63,2142,2381,8,bee_crops/PSBB-CHN-004_video_03_track_63.jpg,BEE_EVENT_CHN_00299,0,New Unique Individual
PSBB-CHN-002_video_03.mp4,8/6/2026 17:00,"29C, Humid/Partly Cloudy",2.08,Medium - mixed flowering ornamentals,6m to leaf litter,15,"1.0m height, 45-deg downward",33,3869,4121,8.45,bee_crops/PSBB-CHN-002_video_03_track_33.jpg,BEE_EVENT_CHN_00299,0.74,Re-entry (P=74%)
PSBB-CHN-003_video_06.mp4,8/24/2026 9:29,"28C, Partly Cloudy",2.82,High - hibiscus,3m to planted soil,15,"1.0m height, 45-deg downward",57,879,1021,4.78,bee_crops/PSBB-CHN-003_video_06_track_57.jpg,BEE_EVENT_CHN_00299,0.609,Re-entry (P=61%)
PSBB-CHN-003_video_05.mp4,8/23/2026 8:05,"35C, Partly Cloudy",0.73,High - ixora,2m to bare soil,15,"1.0m height, 45-deg downward",31,1200,1404,6.83,bee_crops/PSBB-CHN-003_video_05_track_31.jpg,BEE_EVENT_CHN_00300,0,New Unique Individual
PSBB-CHN-001_video_10.mp4,8/19/2026 10:48,"31C, Sunny",0.81,High - lantana,1m to bare soil,15,"1.2m height, 50-deg downward",70,3909,4859,31.69,bee_crops/PSBB-CHN-001_video_10_track_70.jpg,BEE_EVENT_CHN_00301,0,New Unique Individual
PSBB-CHN-005_video_08.mp4,7/2/2026 8:44,"27C, Sunny",2.75,High - lantana,8m to tree/shrub edge,15,"1.0m height, 45-deg downward",80,4925,5130,6.87,bee_crops/PSBB-CHN-005_video_08_track_80.jpg,BEE_EVENT_CHN_00302,0.416,New Unique Individual
PSBB-CHN-005_video_12.mp4,8/9/2026 15:32,"34C, Humid/Sunny",3.64,Medium - zinnia,2m to bare soil,15,"0.9m height, 40-deg downward",37,3817,3964,4.93,bee_crops/PSBB-CHN-005_video_12_track_37.jpg,BEE_EVENT_CHN_00302,0.654,Re-entry (P=65%)
PSBB-CHN-003_video_09.mp4,8/27/2026 10:42,"27C, Sunny",2.3,Medium - mixed flowering ornamentals,3m to planted soil,15,"0.8m height, 45-deg downward",78,1026,1235,7.01,bee_crops/PSBB-CHN-003_video_09_track_78.jpg,BEE_EVENT_CHN_00302,0.665,Re-entry (P=67%)
PSBB-CHN-005_video_06.mp4,7/10/2026 15:21,"32C, Partly Cloudy",3.11,High - hibiscus,8m to tree/shrub edge,15,"1.0m height, 45-deg downward",59,2482,2899,13.94,bee_crops/PSBB-CHN-005_video_06_track_59.jpg,BEE_EVENT_CHN_00303,0.339,New Unique Individual
PSBB-CHN-004_video_02.mp4,8/31/2026 7:11,"29C, Sunny",3.01,High - bougainvillea,4m to shrub border,15,"0.9m height, 40-deg downward",16,1998,2142,4.84,bee_crops/PSBB-CHN-004_video_02_track_16.jpg,BEE_EVENT_CHN_00304,0,New Unique Individual
PSBB-CHN-004_video_05.mp4,8/10/2026 9:29,"30C, Humid/Partly Cloudy",2.03,High - ixora,3m to planted soil,15,"0.8m height, 45-deg downward",4,1437,1649,7.11,bee_crops/PSBB-CHN-004_video_05_track_4.jpg,BEE_EVENT_CHN_00305,0,New Unique Individual
PSBB-CHN-003_video_11.mp4,8/11/2026 7:40,"32C, Humid/Partly Cloudy",3.69,High - jasmine,2m to bare soil,15,"0.8m height, 45-deg downward",64,4710,5103,13.13,bee_crops/PSBB-CHN-003_video_11_track_64.jpg,BEE_EVENT_CHN_00306,0,New Unique Individual
PSBB-CHN-003_video_08.mp4,8/16/2026 17:33,"31C, Partly Cloudy",3.74,Low - mixed ornamental planting,3m to planted soil,15,"0.9m height, 40-deg downward",84,1911,2382,15.75,bee_crops/PSBB-CHN-003_video_08_track_84.jpg,BEE_EVENT_CHN_00307,0,New Unique Individual
PSBB-CHN-004_video_10.mp4,7/24/2026 15:13,"32C, Sunny",0.84,High - bougainvillea,4m to shrub border,15,"0.8m height, 45-deg downward",86,2807,3126,10.68,bee_crops/PSBB-CHN-004_video_10_track_86.jpg,BEE_EVENT_CHN_00308,0,New Unique Individual
PSBB-CHN-001_video_12.mp4,8/31/2026 16:32,"34C, Humid/Partly Cloudy",1.69,Medium - tropical garden mix,1m to bare soil,15,"1.2m height, 50-deg downward",14,4782,4999,7.26,bee_crops/PSBB-CHN-001_video_12_track_14.jpg,BEE_EVENT_CHN_00309,0,New Unique Individual
PSBB-CHN-004_video_01.mp4,7/23/2026 8:09,"31C, Sunny",1.12,High - ixora,2m to bare soil,15,"1.2m height, 50-deg downward",53,2949,3714,25.54,bee_crops/PSBB-CHN-004_video_01_track_53.jpg,BEE_EVENT_CHN_00310,0,New Unique Individual
PSBB-CHN-003_video_10.mp4,8/29/2026 9:19,"32C, Sunny",1.63,Low - mixed ornamental planting,3m to planted soil,15,"1.0m height, 45-deg downward",33,912,1006,3.17,bee_crops/PSBB-CHN-003_video_10_track_33.jpg,BEE_EVENT_CHN_00311,0,New Unique Individual
PSBB-CHN-001_video_04.mp4,7/13/2026 7:46,"35C, Partly Cloudy",1.3,High - jasmine,2m to bare soil,15,"0.9m height, 40-deg downward",56,5173,5407,7.84,bee_crops/PSBB-CHN-001_video_04_track_56.jpg,BEE_EVENT_CHN_00312,0,New Unique Individual
PSBB-CHN-005_video_08.mp4,8/29/2026 9:29,"34C, Humid/Partly Cloudy",2.25,High - bougainvillea,8m to tree/shrub edge,15,"0.8m height, 45-deg downward",15,4894,5032,4.63,bee_crops/PSBB-CHN-005_video_08_track_15.jpg,BEE_EVENT_CHN_00312,0.708,Re-entry (P=71%)
PSBB-CHN-004_video_01.mp4,8/23/2026 17:27,"31C, Humid/Partly Cloudy",3.76,High - lantana,3m to planted soil,15,"0.9m height, 40-deg downward",73,2897,3064,5.59,bee_crops/PSBB-CHN-004_video_01_track_73.jpg,BEE_EVENT_CHN_00312,0.608,Re-entry (P=61%)
PSBB-CHN-005_video_02.mp4,7/21/2026 15:39,"33C, Humid/Sunny",2.21,Medium - marigold,6m to leaf litter,15,"1.0m height, 45-deg downward",23,1763,2012,8.33,bee_crops/PSBB-CHN-005_video_02_track_23.jpg,BEE_EVENT_CHN_00313,0,New Unique Individual
PSBB-CHN-003_video_12.mp4,7/31/2026 9:01,"28C, Sunny",1.04,High - ixora,2m to bare soil,15,"1.0m height, 45-deg downward",8,3842,4145,10.14,bee_crops/PSBB-CHN-003_video_12_track_8.jpg,BEE_EVENT_CHN_00314,0,New Unique Individual
PSBB-CHN-001_video_02.mp4,7/19/2026 16:41,"30C, Humid/Sunny",1.65,High - jasmine,1m to bare soil,15,"0.9m height, 40-deg downward",83,298,538,8.02,bee_crops/PSBB-CHN-001_video_02_track_83.jpg,BEE_EVENT_CHN_00315,0,New Unique Individual
PSBB-CHN-003_video_05.mp4,8/20/2026 17:29,"30C, Partly Cloudy",1.76,High - jasmine,4m to shrub border,15,"0.9m height, 40-deg downward",74,669,878,6.99,bee_crops/PSBB-CHN-003_video_05_track_74.jpg,BEE_EVENT_CHN_00315,0.697,Re-entry (P=70%)
PSBB-CHN-001_video_11.mp4,8/7/2026 9:25,"29C, Sunny",2.56,Medium - mixed flowering ornamentals,6m to leaf litter,15,"0.9m height, 40-deg downward",86,1338,1538,6.7,bee_crops/PSBB-CHN-001_video_11_track_86.jpg,BEE_EVENT_CHN_00316,0.329,New Unique Individual
PSBB-CHN-001_video_06.mp4,7/3/2026 17:32,"28C, Cloudy",1.04,High - jasmine,8m to tree/shrub edge,15,"1.2m height, 50-deg downward",75,3401,3598,6.59,bee_crops/PSBB-CHN-001_video_06_track_75.jpg,BEE_EVENT_CHN_00317,0,New Unique Individual
PSBB-CHN-003_video_01.mp4,8/19/2026 17:29,"28C, Sunny",2.92,High - jasmine,2m to bare soil,15,"1.0m height, 45-deg downward",46,5299,5411,3.76,bee_crops/PSBB-CHN-003_video_01_track_46.jpg,BEE_EVENT_CHN_00318,0,New Unique Individual
PSBB-CHN-005_video_10.mp4,8/31/2026 7:45,"32C, Humid/Partly Cloudy",0.97,High - jasmine,2m to bare soil,15,"1.2m height, 50-deg downward",39,286,520,7.84,bee_crops/PSBB-CHN-005_video_10_track_39.jpg,BEE_EVENT_CHN_00319,0,New Unique Individual
PSBB-CHN-001_video_11.mp4,8/12/2026 7:32,"32C, Humid/Sunny",3.31,High - jasmine,8m to tree/shrub edge,15,"0.8m height, 45-deg downward",90,2779,3068,9.68,bee_crops/PSBB-CHN-001_video_11_track_90.jpg,BEE_EVENT_CHN_00320,0,New Unique Individual
PSBB-CHN-002_video_02.mp4,7/5/2026 15:31,"33C, Partly Cloudy",2.7,High - lantana,8m to tree/shrub edge,15,"0.9m height, 40-deg downward",41,5294,5709,13.86,bee_crops/PSBB-CHN-002_video_02_track_41.jpg,BEE_EVENT_CHN_00321,0,New Unique Individual
PSBB-CHN-003_video_09.mp4,7/19/2026 17:24,"32C, Cloudy",2.73,High - jasmine,3m to planted soil,15,"1.0m height, 45-deg downward",66,2541,2766,7.54,bee_crops/PSBB-CHN-003_video_09_track_66.jpg,BEE_EVENT_CHN_00322,0,New Unique Individual
PSBB-CHN-003_video_03.mp4,7/19/2026 9:31,"34C, Cloudy",1.21,High - lantana,8m to tree/shrub edge,15,"0.9m height, 40-deg downward",45,1904,2108,6.84,bee_crops/PSBB-CHN-003_video_03_track_45.jpg,BEE_EVENT_CHN_00322,0.642,Re-entry (P=64%)
PSBB-CHN-001_video_03.mp4,7/6/2026 7:13,"28C, Cloudy",2.67,Medium - zinnia,6m to leaf litter,15,"0.8m height, 45-deg downward",54,5150,5332,6.1,bee_crops/PSBB-CHN-001_video_03_track_54.jpg,BEE_EVENT_CHN_00323,0,New Unique Individual
PSBB-CHN-002_video_09.mp4,7/27/2026 15:43,"31C, Sunny",3.04,High - bougainvillea,1m to bare soil,15,"1.2m height, 50-deg downward",54,2212,2392,6.04,bee_crops/PSBB-CHN-002_video_09_track_54.jpg,BEE_EVENT_CHN_00324,0,New Unique Individual
PSBB-CHN-001_video_06.mp4,7/4/2026 7:04,"35C, Partly Cloudy",2.66,Low - mixed ornamental planting,3m to planted soil,15,"1.0m height, 45-deg downward",36,3453,3869,13.91,bee_crops/PSBB-CHN-001_video_06_track_36.jpg,BEE_EVENT_CHN_00324,0.538,Re-entry (P=54%)
PSBB-CHN-003_video_10.mp4,8/17/2026 8:20,"31C, Sunny",3.23,Medium - marigold,8m to tree/shrub edge,15,"0.9m height, 40-deg downward",42,3214,3357,4.8,bee_crops/PSBB-CHN-003_video_10_track_42.jpg,BEE_EVENT_CHN_00325,0,New Unique Individual
PSBB-CHN-004_video_04.mp4,7/16/2026 9:22,"32C, Sunny",2.41,High - bougainvillea,8m to tree/shrub edge,15,"1.2m height, 50-deg downward",5,4358,5066,23.64,bee_crops/PSBB-CHN-004_video_04_track_5.jpg,BEE_EVENT_CHN_00326,0,New Unique Individual
PSBB-CHN-003_video_08.mp4,7/17/2026 8:50,"32C, Humid/Sunny",2.87,High - jasmine,4m to shrub border,15,"1.2m height, 50-deg downward",13,1843,3165,44.1,bee_crops/PSBB-CHN-003_video_08_track_13.jpg,BEE_EVENT_CHN_00327,0,New Unique Individual
PSBB-CHN-002_video_02.mp4,8/8/2026 7:22,"31C, Partly Cloudy",2.22,Medium - mixed flowering ornamentals,6m to leaf litter,15,"0.8m height, 45-deg downward",34,1475,1637,5.44,bee_crops/PSBB-CHN-002_video_02_track_34.jpg,BEE_EVENT_CHN_00328,0,New Unique Individual
PSBB-CHN-003_video_06.mp4,7/31/2026 10:24,"27C, Partly Cloudy",2.54,High - bougainvillea,8m to tree/shrub edge,15,"0.9m height, 40-deg downward",81,328,725,13.28,bee_crops/PSBB-CHN-003_video_06_track_81.jpg,BEE_EVENT_CHN_00328,0.628,Re-entry (P=63%)
PSBB-CHN-001_video_06.mp4,7/9/2026 15:03,"34C, Sunny",1.14,High - bougainvillea,3m to planted soil,15,"1.2m height, 50-deg downward",85,489,805,10.58,bee_crops/PSBB-CHN-001_video_06_track_85.jpg,BEE_EVENT_CHN_00328,0.565,Re-entry (P=57%)
PSBB-CHN-003_video_01.mp4,7/30/2026 16:49,"30C, Cloudy",1.35,High - jasmine,6m to leaf litter,15,"1.0m height, 45-deg downward",76,2073,2217,4.83,bee_crops/PSBB-CHN-003_video_01_track_76.jpg,BEE_EVENT_CHN_00329,0,New Unique Individual
PSBB-CHN-004_video_09.mp4,8/9/2026 9:04,"28C, Sunny",2.95,High - jasmine,3m to planted soil,15,"0.9m height, 40-deg downward",83,1391,1712,10.75,bee_crops/PSBB-CHN-004_video_09_track_83.jpg,BEE_EVENT_CHN_00330,0,New Unique Individual
PSBB-CHN-005_video_10.mp4,8/16/2026 15:01,"32C, Humid/Sunny",2.1,Medium - zinnia,1m to bare soil,15,"0.9m height, 40-deg downward",1,2916,3124,6.96,bee_crops/PSBB-CHN-005_video_10_track_1.jpg,BEE_EVENT_CHN_00330,0.517,Re-entry (P=52%)
PSBB-CHN-001_video_11.mp4,7/3/2026 10:08,"28C, Sunny",3.31,High - hibiscus,8m to tree/shrub edge,15,"1.0m height, 45-deg downward",3,3059,3145,2.89,bee_crops/PSBB-CHN-001_video_11_track_3.jpg,BEE_EVENT_CHN_00331,0,New Unique Individual
PSBB-CHN-001_video_10.mp4,7/29/2026 8:11,"31C, Cloudy",1.33,Low - mixed ornamental planting,2m to bare soil,15,"0.8m height, 45-deg downward",82,862,1021,5.32,bee_crops/PSBB-CHN-001_video_10_track_82.jpg,BEE_EVENT_CHN_00332,0.45,New Unique Individual
PSBB-CHN-004_video_02.mp4,7/31/2026 7:35,"34C, Sunny",2.71,High - hibiscus,8m to tree/shrub edge,15,"1.2m height, 50-deg downward",8,3499,3922,14.12,bee_crops/PSBB-CHN-004_video_02_track_8.jpg,BEE_EVENT_CHN_00333,0.422,New Unique Individual
PSBB-CHN-003_video_10.mp4,8/24/2026 17:20,"27C, Humid/Partly Cloudy",1.89,High - hibiscus,1m to bare soil,15,"0.8m height, 45-deg downward",68,445,1051,20.24,bee_crops/PSBB-CHN-003_video_10_track_68.jpg,BEE_EVENT_CHN_00334,0,New Unique Individual
PSBB-CHN-005_video_11.mp4,8/1/2026 8:50,"31C, Partly Cloudy",1.14,Medium - marigold,8m to tree/shrub edge,15,"0.8m height, 45-deg downward",34,1154,1284,4.36,bee_crops/PSBB-CHN-005_video_11_track_34.jpg,BEE_EVENT_CHN_00335,0,New Unique Individual
PSBB-CHN-002_video_11.mp4,8/27/2026 15:42,"32C, Humid/Sunny",3.53,Medium - marigold,6m to leaf litter,15,"0.9m height, 40-deg downward",39,1746,1854,3.62,bee_crops/PSBB-CHN-002_video_11_track_39.jpg,BEE_EVENT_CHN_00336,0,New Unique Individual
PSBB-CHN-003_video_09.mp4,8/9/2026 15:47,"33C, Sunny",1.5,High - lantana,8m to tree/shrub edge,15,"0.9m height, 40-deg downward",26,1015,1231,7.24,bee_crops/PSBB-CHN-003_video_09_track_26.jpg,BEE_EVENT_CHN_00337,0,New Unique Individual
PSBB-CHN-002_video_07.mp4,7/11/2026 10:44,"28C, Humid/Sunny",0.75,Low - mixed ornamental planting,2m to bare soil,15,"0.9m height, 40-deg downward",76,3946,4210,8.82,bee_crops/PSBB-CHN-002_video_07_track_76.jpg,BEE_EVENT_CHN_00338,0,New Unique Individual
PSBB-CHN-005_video_02.mp4,7/29/2026 9:37,"33C, Sunny",3,Medium - tropical garden mix,4m to shrub border,15,"1.2m height, 50-deg downward",2,2843,3172,10.99,bee_crops/PSBB-CHN-005_video_02_track_2.jpg,BEE_EVENT_CHN_00339,0.469,New Unique Individual
PSBB-CHN-005_video_11.mp4,8/8/2026 15:00,"29C, Cloudy",1.46,High - jasmine,2m to bare soil,15,"0.9m height, 40-deg downward",87,4495,4940,14.86,bee_crops/PSBB-CHN-005_video_11_track_87.jpg,BEE_EVENT_CHN_00340,0,New Unique Individual
PSBB-CHN-003_video_04.mp4,7/28/2026 15:22,"28C, Sunny",0.86,Medium - mixed flowering ornamentals,6m to leaf litter,15,"1.0m height, 45-deg downward",87,2055,2243,6.31,bee_crops/PSBB-CHN-003_video_04_track_87.jpg,BEE_EVENT_CHN_00341,0,New Unique Individual
PSBB-CHN-005_video_06.mp4,8/8/2026 17:07,"28C, Sunny",2.72,Medium - marigold,3m to planted soil,15,"0.8m height, 45-deg downward",73,2176,2328,5.1,bee_crops/PSBB-CHN-005_video_06_track_73.jpg,BEE_EVENT_CHN_00342,0,New Unique Individual
PSBB-CHN-003_video_04.mp4,7/14/2026 15:29,"29C, Humid/Partly Cloudy",1.5,High - bougainvillea,6m to leaf litter,15,"1.0m height, 45-deg downward",69,3651,3714,2.12,bee_crops/PSBB-CHN-003_video_04_track_69.jpg,BEE_EVENT_CHN_00342,0.658,Re-entry (P=66%)
PSBB-CHN-001_video_11.mp4,7/13/2026 10:09,"34C, Partly Cloudy",1.52,High - ixora,6m to leaf litter,15,"0.9m height, 40-deg downward",89,4096,4242,4.91,bee_crops/PSBB-CHN-001_video_11_track_89.jpg,BEE_EVENT_CHN_00343,0,New Unique Individual
PSBB-CHN-002_video_05.mp4,8/17/2026 10:10,"35C, Humid/Sunny",0.79,Medium - tropical garden mix,4m to shrub border,15,"0.8m height, 45-deg downward",12,2385,2490,3.53,bee_crops/PSBB-CHN-002_video_05_track_12.jpg,BEE_EVENT_CHN_00344,0,New Unique Individual
PSBB-CHN-001_video_07.mp4,7/30/2026 17:41,"29C, Partly Cloudy",0.97,Medium - marigold,1m to bare soil,15,"0.9m height, 40-deg downward",30,1153,1403,8.37,bee_crops/PSBB-CHN-001_video_07_track_30.jpg,BEE_EVENT_CHN_00345,0,New Unique Individual
PSBB-CHN-003_video_02.mp4,7/8/2026 15:20,"32C, Cloudy",0.81,Medium - tropical garden mix,1m to bare soil,15,"1.2m height, 50-deg downward",33,4166,4530,12.18,bee_crops/PSBB-CHN-003_video_02_track_33.jpg,BEE_EVENT_CHN_00346,0,New Unique Individual
PSBB-CHN-001_video_10.mp4,7/5/2026 9:17,"35C, Sunny",2.73,High - lantana,2m to bare soil,15,"0.9m height, 40-deg downward",3,2347,2659,10.43,bee_crops/PSBB-CHN-001_video_10_track_3.jpg,BEE_EVENT_CHN_00347,0,New Unique Individual
PSBB-CHN-002_video_01.mp4,7/9/2026 8:18,"33C, Humid/Partly Cloudy",3.09,High - jasmine,2m to bare soil,15,"0.8m height, 45-deg downward",7,1272,1473,6.73,bee_crops/PSBB-CHN-002_video_01_track_7.jpg,BEE_EVENT_CHN_00348,0,New Unique Individual
PSBB-CHN-001_video_03.mp4,8/26/2026 9:28,"32C, Partly Cloudy",2.51,Medium - tropical garden mix,6m to leaf litter,15,"0.9m height, 40-deg downward",61,2794,3051,8.6,bee_crops/PSBB-CHN-001_video_03_track_61.jpg,BEE_EVENT_CHN_00349,0,New Unique Individual
PSBB-CHN-001_video_08.mp4,8/31/2026 10:08,"30C, Humid/Partly Cloudy",0.9,Medium - marigold,1m to bare soil,15,"1.0m height, 45-deg downward",77,703,816,3.79,bee_crops/PSBB-CHN-001_video_08_track_77.jpg,BEE_EVENT_CHN_00350,0,New Unique Individual
PSBB-CHN-001_video_02.mp4,8/7/2026 16:14,"30C, Partly Cloudy",1.65,Medium - mixed flowering ornamentals,4m to shrub border,15,"1.0m height, 45-deg downward",7,343,501,5.3,bee_crops/PSBB-CHN-001_video_02_track_7.jpg,BEE_EVENT_CHN_00351,0,New Unique Individual
PSBB-CHN-005_video_12.mp4,7/9/2026 9:14,"34C, Humid/Sunny",1.85,Low - mixed ornamental planting,2m to bare soil,15,"0.9m height, 40-deg downward",32,5004,5808,26.84,bee_crops/PSBB-CHN-005_video_12_track_32.jpg,BEE_EVENT_CHN_00352,0,New Unique Individual
PSBB-CHN-004_video_02.mp4,7/31/2026 15:29,"27C, Cloudy",2.11,Medium - marigold,6m to leaf litter,15,"0.8m height, 45-deg downward",50,3444,3590,4.9,bee_crops/PSBB-CHN-004_video_02_track_50.jpg,BEE_EVENT_CHN_00353,0,New Unique Individual
PSBB-CHN-002_video_07.mp4,7/21/2026 7:44,"32C, Cloudy",2,Medium - tropical garden mix,2m to bare soil,15,"0.8m height, 45-deg downward",64,47,935,29.62,bee_crops/PSBB-CHN-002_video_07_track_64.jpg,BEE_EVENT_CHN_00354,0,New Unique Individual
PSBB-CHN-003_video_10.mp4,8/23/2026 9:48,"33C, Humid/Partly Cloudy",1.13,High - jasmine,2m to bare soil,15,"1.0m height, 45-deg downward",66,4608,4917,10.33,bee_crops/PSBB-CHN-003_video_10_track_66.jpg,BEE_EVENT_CHN_00355,0,New Unique Individual
PSBB-CHN-003_video_02.mp4,8/4/2026 15:42,"30C, Partly Cloudy",0.76,High - bougainvillea,2m to bare soil,15,"0.8m height, 45-deg downward",18,3253,3327,2.49,bee_crops/PSBB-CHN-003_video_02_track_18.jpg,BEE_EVENT_CHN_00356,0,New Unique Individual
PSBB-CHN-002_video_03.mp4,8/1/2026 7:34,"28C, Partly Cloudy",1.32,Medium - zinnia,3m to planted soil,15,"0.8m height, 45-deg downward",75,3807,3957,5.02,bee_crops/PSBB-CHN-002_video_03_track_75.jpg,BEE_EVENT_CHN_00357,0,New Unique Individual
PSBB-CHN-004_video_04.mp4,7/17/2026 10:10,"30C, Humid/Sunny",1.24,High - ixora,1m to bare soil,15,"0.8m height, 45-deg downward",9,2939,3556,20.61,bee_crops/PSBB-CHN-004_video_04_track_9.jpg,BEE_EVENT_CHN_00358,0.399,New Unique Individual
PSBB-CHN-001_video_09.mp4,7/15/2026 8:18,"32C, Humid/Sunny",1.76,Medium - marigold,4m to shrub border,15,"0.9m height, 40-deg downward",47,4932,5157,7.55,bee_crops/PSBB-CHN-001_video_09_track_47.jpg,BEE_EVENT_CHN_00359,0,New Unique Individual
PSBB-CHN-003_video_01.mp4,8/1/2026 10:03,"35C, Humid/Sunny",3.69,High - ixora,6m to leaf litter,15,"0.8m height, 45-deg downward",30,2538,2760,7.44,bee_crops/PSBB-CHN-003_video_01_track_30.jpg,BEE_EVENT_CHN_00360,0.496,New Unique Individual
PSBB-CHN-004_video_05.mp4,8/4/2026 10:16,"35C, Cloudy",1.22,High - ixora,2m to bare soil,15,"1.0m height, 45-deg downward",67,455,797,11.42,bee_crops/PSBB-CHN-004_video_05_track_67.jpg,BEE_EVENT_CHN_00361,0,New Unique Individual
PSBB-CHN-003_video_02.mp4,8/9/2026 8:47,"27C, Partly Cloudy",1.14,High - hibiscus,3m to planted soil,15,"0.9m height, 40-deg downward",62,4275,4759,16.17,bee_crops/PSBB-CHN-003_video_02_track_62.jpg,BEE_EVENT_CHN_00361,0.565,Re-entry (P=57%)
PSBB-CHN-001_video_08.mp4,7/18/2026 10:44,"35C, Partly Cloudy",0.84,Medium - zinnia,6m to leaf litter,15,"0.8m height, 45-deg downward",56,1120,1201,2.72,bee_crops/PSBB-CHN-001_video_08_track_56.jpg,BEE_EVENT_CHN_00362,0,New Unique Individual
PSBB-CHN-003_video_07.mp4,7/16/2026 16:43,"33C, Sunny",2.85,High - bougainvillea,2m to bare soil,15,"0.9m height, 40-deg downward",16,2686,3229,18.14,bee_crops/PSBB-CHN-003_video_07_track_16.jpg,BEE_EVENT_CHN_00363,0,New Unique Individual
PSBB-CHN-002_video_01.mp4,8/22/2026 15:48,"34C, Cloudy",2.49,Medium - marigold,4m to shrub border,15,"0.8m height, 45-deg downward",38,2144,2343,6.65,bee_crops/PSBB-CHN-002_video_01_track_38.jpg,BEE_EVENT_CHN_00364,0,New Unique Individual
PSBB-CHN-004_video_09.mp4,8/21/2026 7:31,"32C, Partly Cloudy",3.63,Medium - marigold,2m to bare soil,15,"1.0m height, 45-deg downward",7,4867,5052,6.2,bee_crops/PSBB-CHN-004_video_09_track_7.jpg,BEE_EVENT_CHN_00365,0,New Unique Individual
PSBB-CHN-005_video_02.mp4,8/12/2026 7:03,"32C, Humid/Sunny",1.68,Medium - marigold,1m to bare soil,15,"1.2m height, 50-deg downward",63,2293,2553,8.71,bee_crops/PSBB-CHN-005_video_02_track_63.jpg,BEE_EVENT_CHN_00366,0,New Unique Individual
PSBB-CHN-003_video_02.mp4,8/2/2026 8:03,"30C, Cloudy",1.15,High - lantana,3m to planted soil,15,"0.8m height, 45-deg downward",37,565,880,10.54,bee_crops/PSBB-CHN-003_video_02_track_37.jpg,BEE_EVENT_CHN_00366,0.517,Re-entry (P=52%)
PSBB-CHN-005_video_10.mp4,7/5/2026 8:20,"30C, Cloudy",0.93,High - jasmine,1m to bare soil,15,"0.9m height, 40-deg downward",50,940,1275,11.19,bee_crops/PSBB-CHN-005_video_10_track_50.jpg,BEE_EVENT_CHN_00367,0,New Unique Individual
PSBB-CHN-005_video_10.mp4,8/31/2026 10:46,"32C, Sunny",1.42,Medium - zinnia,4m to shrub border,15,"1.0m height, 45-deg downward",16,4622,4733,3.72,bee_crops/PSBB-CHN-005_video_10_track_16.jpg,BEE_EVENT_CHN_00368,0,New Unique Individual
PSBB-CHN-002_video_01.mp4,7/29/2026 10:18,"35C, Partly Cloudy",2.09,High - bougainvillea,1m to bare soil,15,"1.0m height, 45-deg downward",43,859,960,3.39,bee_crops/PSBB-CHN-002_video_01_track_43.jpg,BEE_EVENT_CHN_00368,0.7,Re-entry (P=70%)
PSBB-CHN-004_video_05.mp4,8/29/2026 10:29,"28C, Humid/Partly Cloudy",3.78,Medium - marigold,3m to planted soil,15,"1.0m height, 45-deg downward",24,3312,3402,3.04,bee_crops/PSBB-CHN-004_video_05_track_24.jpg,BEE_EVENT_CHN_00369,0,New Unique Individual
PSBB-CHN-004_video_04.mp4,8/26/2026 16:42,"29C, Humid/Partly Cloudy",1.81,Medium - tropical garden mix,8m to tree/shrub edge,15,"0.9m height, 40-deg downward",49,295,650,11.88,bee_crops/PSBB-CHN-004_video_04_track_49.jpg,BEE_EVENT_CHN_00370,0,New Unique Individual
PSBB-CHN-004_video_07.mp4,7/15/2026 17:27,"27C, Humid/Sunny",3.29,Medium - zinnia,1m to bare soil,15,"1.2m height, 50-deg downward",39,5148,5360,7.09,bee_crops/PSBB-CHN-004_video_07_track_39.jpg,BEE_EVENT_CHN_00371,0,New Unique Individual
PSBB-CHN-001_video_09.mp4,7/15/2026 9:01,"34C, Sunny",1.06,Low - mixed ornamental planting,2m to bare soil,15,"1.0m height, 45-deg downward",54,4230,4494,8.82,bee_crops/PSBB-CHN-001_video_09_track_54.jpg,BEE_EVENT_CHN_00372,0.386,New Unique Individual
PSBB-CHN-004_video_05.mp4,8/16/2026 9:02,"32C, Cloudy",3.78,Medium - tropical garden mix,3m to planted soil,15,"0.9m height, 40-deg downward",7,2449,3019,19.03,bee_crops/PSBB-CHN-004_video_05_track_7.jpg,BEE_EVENT_CHN_00373,0,New Unique Individual
PSBB-CHN-003_video_06.mp4,8/19/2026 15:39,"32C, Partly Cloudy",1.32,Medium - tropical garden mix,3m to planted soil,15,"1.0m height, 45-deg downward",68,121,447,10.89,bee_crops/PSBB-CHN-003_video_06_track_68.jpg,BEE_EVENT_CHN_00373,0.568,Re-entry (P=57%)
PSBB-CHN-002_video_02.mp4,8/19/2026 9:09,"30C, Partly Cloudy",2.01,Medium - tropical garden mix,1m to bare soil,15,"0.9m height, 40-deg downward",44,1523,1741,7.3,bee_crops/PSBB-CHN-002_video_02_track_44.jpg,BEE_EVENT_CHN_00374,0,New Unique Individual
PSBB-CHN-003_video_06.mp4,7/12/2026 16:11,"32C, Partly Cloudy",0.76,High - lantana,8m to tree/shrub edge,15,"1.2m height, 50-deg downward",51,1390,2171,26.08,bee_crops/PSBB-CHN-003_video_06_track_51.jpg,BEE_EVENT_CHN_00374,0.674,Re-entry (P=67%)
PSBB-CHN-001_video_03.mp4,8/1/2026 10:14,"32C, Humid/Sunny",3.72,High - bougainvillea,4m to shrub border,15,"0.9m height, 40-deg downward",16,128,698,19.03,bee_crops/PSBB-CHN-001_video_03_track_16.jpg,BEE_EVENT_CHN_00375,0,New Unique Individual
PSBB-CHN-004_video_03.mp4,7/17/2026 16:33,"27C, Partly Cloudy",3.28,High - bougainvillea,2m to bare soil,15,"1.2m height, 50-deg downward",1,3089,3844,25.21,bee_crops/PSBB-CHN-004_video_03_track_1.jpg,BEE_EVENT_CHN_00376,0,New Unique Individual
PSBB-CHN-004_video_01.mp4,7/6/2026 15:48,"33C, Sunny",2.47,High - hibiscus,4m to shrub border,15,"1.0m height, 45-deg downward",79,3746,4011,8.85,bee_crops/PSBB-CHN-004_video_01_track_79.jpg,BEE_EVENT_CHN_00376,0.621,Re-entry (P=62%)
PSBB-CHN-003_video_01.mp4,7/26/2026 17:46,"30C, Cloudy",0.92,High - hibiscus,2m to bare soil,15,"0.9m height, 40-deg downward",71,2830,2961,4.4,bee_crops/PSBB-CHN-003_video_01_track_71.jpg,BEE_EVENT_CHN_00377,0,New Unique Individual
PSBB-CHN-001_video_12.mp4,8/4/2026 15:00,"34C, Partly Cloudy",1.99,High - bougainvillea,3m to planted soil,15,"1.0m height, 45-deg downward",54,5373,5839,15.57,bee_crops/PSBB-CHN-001_video_12_track_54.jpg,BEE_EVENT_CHN_00378,0,New Unique Individual
PSBB-CHN-005_video_04.mp4,7/21/2026 17:13,"34C, Humid/Sunny",1.85,High - hibiscus,8m to tree/shrub edge,15,"1.0m height, 45-deg downward",48,1267,1968,23.4,bee_crops/PSBB-CHN-005_video_04_track_48.jpg,BEE_EVENT_CHN_00379,0,New Unique Individual
PSBB-CHN-001_video_06.mp4,7/29/2026 8:22,"35C, Humid/Partly Cloudy",1.12,High - hibiscus,3m to planted soil,15,"1.2m height, 50-deg downward",77,2905,3130,7.52,bee_crops/PSBB-CHN-001_video_06_track_77.jpg,BEE_EVENT_CHN_00380,0,New Unique Individual
PSBB-CHN-005_video_08.mp4,7/19/2026 15:11,"28C, Humid/Partly Cloudy",3.08,High - hibiscus,8m to tree/shrub edge,15,"1.2m height, 50-deg downward",57,1890,2045,5.2,bee_crops/PSBB-CHN-005_video_08_track_57.jpg,BEE_EVENT_CHN_00381,0,New Unique Individual
PSBB-CHN-002_video_05.mp4,7/10/2026 9:22,"34C, Humid/Partly Cloudy",3.51,High - bougainvillea,3m to planted soil,15,"0.8m height, 45-deg downward",5,4504,4696,6.43,bee_crops/PSBB-CHN-002_video_05_track_5.jpg,BEE_EVENT_CHN_00382,0,New Unique Individual
PSBB-CHN-001_video_07.mp4,7/12/2026 7:23,"32C, Partly Cloudy",1.47,Medium - tropical garden mix,6m to leaf litter,15,"0.9m height, 40-deg downward",88,2641,2847,6.91,bee_crops/PSBB-CHN-001_video_07_track_88.jpg,BEE_EVENT_CHN_00383,0,New Unique Individual
PSBB-CHN-002_video_05.mp4,8/8/2026 8:32,"33C, Cloudy",3.14,High - jasmine,1m to bare soil,15,"0.8m height, 45-deg downward",83,4441,4493,1.76,bee_crops/PSBB-CHN-002_video_05_track_83.jpg,BEE_EVENT_CHN_00383,0.538,Re-entry (P=54%)
PSBB-CHN-005_video_12.mp4,7/26/2026 16:17,"30C, Partly Cloudy",2.92,Medium - zinnia,6m to leaf litter,15,"0.8m height, 45-deg downward",56,5372,5619,8.27,bee_crops/PSBB-CHN-005_video_12_track_56.jpg,BEE_EVENT_CHN_00384,0.403,New Unique Individual
PSBB-CHN-004_video_04.mp4,8/28/2026 15:07,"28C, Sunny",3.04,Medium - marigold,4m to shrub border,15,"0.9m height, 40-deg downward",40,2683,4998,77.21,bee_crops/PSBB-CHN-004_video_04_track_40.jpg,BEE_EVENT_CHN_00385,0,New Unique Individual
PSBB-CHN-005_video_03.mp4,8/6/2026 10:00,"32C, Humid/Partly Cloudy",1.74,Medium - marigold,8m to tree/shrub edge,15,"1.0m height, 45-deg downward",54,3058,3314,8.57,bee_crops/PSBB-CHN-005_video_03_track_54.jpg,BEE_EVENT_CHN_00385,0.796,Re-entry (P=80%)
PSBB-CHN-001_video_08.mp4,8/26/2026 9:04,"28C, Partly Cloudy",3.67,High - hibiscus,2m to bare soil,15,"1.0m height, 45-deg downward",59,541,976,14.55,bee_crops/PSBB-CHN-001_video_08_track_59.jpg,BEE_EVENT_CHN_00385,0.526,Re-entry (P=53%)
PSBB-CHN-005_video_12.mp4,7/6/2026 10:41,"34C, Sunny",3.58,Medium - tropical garden mix,8m to tree/shrub edge,15,"1.0m height, 45-deg downward",36,910,1562,21.78,bee_crops/PSBB-CHN-005_video_12_track_36.jpg,BEE_EVENT_CHN_00386,0,New Unique Individual
PSBB-CHN-004_video_09.mp4,7/27/2026 10:15,"30C, Cloudy",1.69,High - bougainvillea,3m to planted soil,15,"0.9m height, 40-deg downward",29,4192,4405,7.15,bee_crops/PSBB-CHN-004_video_09_track_29.jpg,BEE_EVENT_CHN_00387,0,New Unique Individual
PSBB-CHN-003_video_01.mp4,7/31/2026 15:11,"28C, Partly Cloudy",3.48,High - jasmine,8m to tree/shrub edge,15,"1.0m height, 45-deg downward",74,1424,1559,4.53,bee_crops/PSBB-CHN-003_video_01_track_74.jpg,BEE_EVENT_CHN_00388,0.385,New Unique Individual
PSBB-CHN-002_video_10.mp4,7/4/2026 8:35,"34C, Partly Cloudy",3.13,High - hibiscus,8m to tree/shrub edge,15,"1.0m height, 45-deg downward",83,243,690,14.93,bee_crops/PSBB-CHN-002_video_10_track_83.jpg,BEE_EVENT_CHN_00389,0,New Unique Individual
PSBB-CHN-002_video_07.mp4,7/16/2026 15:29,"32C, Sunny",2.06,High - jasmine,6m to leaf litter,15,"1.0m height, 45-deg downward",28,5002,5863,28.73,bee_crops/PSBB-CHN-002_video_07_track_28.jpg,BEE_EVENT_CHN_00390,0,New Unique Individual
PSBB-CHN-002_video_05.mp4,7/13/2026 15:11,"28C, Humid/Sunny",1.04,Low - mixed ornamental planting,2m to bare soil,15,"1.0m height, 45-deg downward",40,1893,2187,9.82,bee_crops/PSBB-CHN-002_video_05_track_40.jpg,BEE_EVENT_CHN_00390,0.729,Re-entry (P=73%)
PSBB-CHN-002_video_08.mp4,8/23/2026 15:01,"27C, Cloudy",3.51,Medium - zinnia,1m to bare soil,15,"0.9m height, 40-deg downward",43,3368,3467,3.33,bee_crops/PSBB-CHN-002_video_08_track_43.jpg,BEE_EVENT_CHN_00391,0,New Unique Individual
PSBB-CHN-004_video_09.mp4,7/20/2026 8:46,"35C, Sunny",3.7,High - jasmine,8m to tree/shrub edge,15,"0.8m height, 45-deg downward",79,249,386,4.61,bee_crops/PSBB-CHN-004_video_09_track_79.jpg,BEE_EVENT_CHN_00392,0.431,New Unique Individual
PSBB-CHN-003_video_02.mp4,7/3/2026 15:38,"35C, Humid/Partly Cloudy",1.91,Medium - mixed flowering ornamentals,3m to planted soil,15,"1.2m height, 50-deg downward",5,4264,4499,7.85,bee_crops/PSBB-CHN-003_video_02_track_5.jpg,BEE_EVENT_CHN_00393,0,New Unique Individual
PSBB-CHN-001_video_08.mp4,8/13/2026 8:29,"32C, Cloudy",2.09,Low - mixed ornamental planting,8m to tree/shrub edge,15,"0.8m height, 45-deg downward",8,1260,1426,5.56,bee_crops/PSBB-CHN-001_video_08_track_8.jpg,BEE_EVENT_CHN_00394,0,New Unique Individual
PSBB-CHN-001_video_05.mp4,8/5/2026 16:48,"31C, Partly Cloudy",3.06,High - lantana,2m to bare soil,15,"1.2m height, 50-deg downward",55,2827,3192,12.21,bee_crops/PSBB-CHN-001_video_05_track_55.jpg,BEE_EVENT_CHN_00395,0,New Unique Individual
PSBB-CHN-003_video_12.mp4,8/3/2026 15:41,"32C, Humid/Sunny",1.78,High - lantana,8m to tree/shrub edge,15,"1.0m height, 45-deg downward",20,2421,2537,3.9,bee_crops/PSBB-CHN-003_video_12_track_20.jpg,BEE_EVENT_CHN_00396,0,New Unique Individual
PSBB-CHN-003_video_12.mp4,8/17/2026 17:48,"31C, Partly Cloudy",2.97,High - bougainvillea,4m to shrub border,15,"1.2m height, 50-deg downward",40,3648,4215,18.94,bee_crops/PSBB-CHN-003_video_12_track_40.jpg,BEE_EVENT_CHN_00397,0,New Unique Individual
PSBB-CHN-001_video_11.mp4,7/6/2026 17:32,"28C, Cloudy",2.46,Medium - zinnia,2m to bare soil,15,"0.9m height, 40-deg downward",3,4026,4442,13.9,bee_crops/PSBB-CHN-001_video_11_track_3.jpg,BEE_EVENT_CHN_00398,0,New Unique Individual
PSBB-CHN-002_video_08.mp4,7/8/2026 17:43,"32C, Partly Cloudy",1.52,High - bougainvillea,1m to bare soil,15,"1.2m height, 50-deg downward",17,1426,1787,12.05,bee_crops/PSBB-CHN-002_video_08_track_17.jpg,BEE_EVENT_CHN_00399,0,New Unique Individual
PSBB-CHN-001_video_04.mp4,8/31/2026 10:48,"29C, Humid/Sunny",2.85,High - ixora,8m to tree/shrub edge,15,"1.2m height, 50-deg downward",35,3015,3239,7.49,bee_crops/PSBB-CHN-001_video_04_track_35.jpg,BEE_EVENT_CHN_00400,0,New Unique Individual
PSBB-CHN-002_video_01.mp4,7/22/2026 17:16,"35C, Cloudy",2.21,Medium - zinnia,1m to bare soil,15,"0.8m height, 45-deg downward",27,3466,3716,8.36,bee_crops/PSBB-CHN-002_video_01_track_27.jpg,BEE_EVENT_CHN_00401,0,New Unique Individual
PSBB-CHN-003_video_05.mp4,8/4/2026 7:41,"33C, Cloudy",1.42,Medium - marigold,2m to bare soil,15,"0.9m height, 40-deg downward",22,1023,1136,3.79,bee_crops/PSBB-CHN-003_video_05_track_22.jpg,BEE_EVENT_CHN_00402,0,New Unique Individual
PSBB-CHN-004_video_07.mp4,7/15/2026 16:50,"28C, Sunny",3.35,High - jasmine,1m to bare soil,15,"1.0m height, 45-deg downward",9,763,1030,8.94,bee_crops/PSBB-CHN-004_video_07_track_9.jpg,BEE_EVENT_CHN_00403,0,New Unique Individual
PSBB-CHN-005_video_01.mp4,7/27/2026 17:01,"30C, Cloudy",2.52,High - hibiscus,3m to planted soil,15,"0.8m height, 45-deg downward",56,4077,4159,2.78,bee_crops/PSBB-CHN-005_video_01_track_56.jpg,BEE_EVENT_CHN_00404,0,New Unique Individual
PSBB-CHN-002_video_05.mp4,7/15/2026 17:26,"31C, Humid/Partly Cloudy",2.28,Medium - tropical garden mix,2m to bare soil,15,"0.8m height, 45-deg downward",75,1791,2230,14.67,bee_crops/PSBB-CHN-002_video_05_track_75.jpg,BEE_EVENT_CHN_00405,0,New Unique Individual
PSBB-CHN-003_video_10.mp4,7/31/2026 10:04,"29C, Partly Cloudy",1.06,Medium - mixed flowering ornamentals,1m to bare soil,15,"0.9m height, 40-deg downward",16,1035,1409,12.5,bee_crops/PSBB-CHN-003_video_10_track_16.jpg,BEE_EVENT_CHN_00405,0.617,Re-entry (P=62%)
PSBB-CHN-002_video_03.mp4,7/23/2026 8:23,"30C, Humid/Sunny",1.19,Medium - marigold,4m to shrub border,15,"1.0m height, 45-deg downward",13,3378,3694,10.57,bee_crops/PSBB-CHN-002_video_03_track_13.jpg,BEE_EVENT_CHN_00406,0,New Unique Individual
PSBB-CHN-004_video_06.mp4,8/25/2026 17:13,"28C, Sunny",1.49,Medium - zinnia,8m to tree/shrub edge,15,"0.8m height, 45-deg downward",36,2739,3141,13.44,bee_crops/PSBB-CHN-004_video_06_track_36.jpg,BEE_EVENT_CHN_00407,0,New Unique Individual
PSBB-CHN-001_video_02.mp4,7/27/2026 15:45,"34C, Partly Cloudy",0.97,High - jasmine,8m to tree/shrub edge,15,"0.8m height, 45-deg downward",67,1723,1813,3.02,bee_crops/PSBB-CHN-001_video_02_track_67.jpg,BEE_EVENT_CHN_00408,0,New Unique Individual
PSBB-CHN-003_video_11.mp4,7/7/2026 9:33,"33C, Partly Cloudy",1.04,High - lantana,2m to bare soil,15,"0.9m height, 40-deg downward",43,861,1181,10.69,bee_crops/PSBB-CHN-003_video_11_track_43.jpg,BEE_EVENT_CHN_00409,0,New Unique Individual
PSBB-CHN-005_video_11.mp4,8/19/2026 7:21,"28C, Humid/Partly Cloudy",1.07,High - jasmine,2m to bare soil,15,"1.0m height, 45-deg downward",58,2840,2933,3.14,bee_crops/PSBB-CHN-005_video_11_track_58.jpg,BEE_EVENT_CHN_00410,0,New Unique Individual
PSBB-CHN-004_video_02.mp4,8/10/2026 10:27,"29C, Humid/Partly Cloudy",2.88,High - hibiscus,6m to leaf litter,15,"1.2m height, 50-deg downward",38,684,1443,25.35,bee_crops/PSBB-CHN-004_video_02_track_38.jpg,BEE_EVENT_CHN_00411,0,New Unique Individual
PSBB-CHN-001_video_04.mp4,8/18/2026 16:17,"31C, Humid/Sunny",2.68,High - bougainvillea,4m to shrub border,15,"0.9m height, 40-deg downward",31,2878,3019,4.73,bee_crops/PSBB-CHN-001_video_04_track_31.jpg,BEE_EVENT_CHN_00412,0,New Unique Individual
PSBB-CHN-004_video_09.mp4,7/16/2026 7:11,"31C, Cloudy",3.75,High - hibiscus,4m to shrub border,15,"1.2m height, 50-deg downward",40,46,120,2.49,bee_crops/PSBB-CHN-004_video_09_track_40.jpg,BEE_EVENT_CHN_00412,0.606,Re-entry (P=61%)
PSBB-CHN-002_video_02.mp4,7/9/2026 9:39,"33C, Humid/Partly Cloudy",2.29,Medium - mixed flowering ornamentals,6m to leaf litter,15,"0.8m height, 45-deg downward",15,3777,3848,2.41,bee_crops/PSBB-CHN-002_video_02_track_15.jpg,BEE_EVENT_CHN_00412,0.739,Re-entry (P=74%)
PSBB-CHN-001_video_11.mp4,8/4/2026 7:25,"35C, Partly Cloudy",0.91,Low - mixed ornamental planting,4m to shrub border,15,"0.9m height, 40-deg downward",45,5235,5317,2.78,bee_crops/PSBB-CHN-001_video_11_track_45.jpg,BEE_EVENT_CHN_00413,0,New Unique Individual
PSBB-CHN-001_video_07.mp4,7/3/2026 9:07,"31C, Humid/Partly Cloudy",1.36,High - jasmine,6m to leaf litter,15,"1.2m height, 50-deg downward",26,815,1023,6.96,bee_crops/PSBB-CHN-001_video_07_track_26.jpg,BEE_EVENT_CHN_00414,0.423,New Unique Individual
PSBB-CHN-004_video_12.mp4,7/5/2026 7:41,"34C, Humid/Partly Cloudy",2.8,Medium - marigold,8m to tree/shrub edge,15,"1.0m height, 45-deg downward",75,682,1730,34.97,bee_crops/PSBB-CHN-004_video_12_track_75.jpg,BEE_EVENT_CHN_00415,0,New Unique Individual
PSBB-CHN-004_video_04.mp4,7/11/2026 7:43,"29C, Cloudy",2.71,High - jasmine,1m to bare soil,15,"0.9m height, 40-deg downward",49,5396,5659,8.79,bee_crops/PSBB-CHN-004_video_04_track_49.jpg,BEE_EVENT_CHN_00416,0,New Unique Individual
PSBB-CHN-002_video_03.mp4,8/30/2026 10:21,"33C, Sunny",1.66,High - bougainvillea,2m to bare soil,15,"0.9m height, 40-deg downward",29,970,1180,7.02,bee_crops/PSBB-CHN-002_video_03_track_29.jpg,BEE_EVENT_CHN_00417,0,New Unique Individual
PSBB-CHN-003_video_04.mp4,7/13/2026 15:34,"30C, Sunny",3.34,Medium - marigold,6m to leaf litter,15,"0.8m height, 45-deg downward",46,2425,2489,2.17,bee_crops/PSBB-CHN-003_video_04_track_46.jpg,BEE_EVENT_CHN_00417,0.568,Re-entry (P=57%)
PSBB-CHN-004_video_03.mp4,7/2/2026 8:12,"35C, Humid/Sunny",3.46,Medium - tropical garden mix,6m to leaf litter,15,"0.8m height, 45-deg downward",11,1382,1475,3.12,bee_crops/PSBB-CHN-004_video_03_track_11.jpg,BEE_EVENT_CHN_00418,0,New Unique Individual
PSBB-CHN-003_video_01.mp4,8/5/2026 8:02,"34C, Cloudy",2.51,High - hibiscus,4m to shrub border,15,"0.9m height, 40-deg downward",64,2761,3158,13.27,bee_crops/PSBB-CHN-003_video_01_track_64.jpg,BEE_EVENT_CHN_00419,0,New Unique Individual
PSBB-CHN-004_video_06.mp4,8/18/2026 17:26,"34C, Sunny",1.52,High - hibiscus,2m to bare soil,15,"0.8m height, 45-deg downward",69,2458,2555,3.25,bee_crops/PSBB-CHN-004_video_06_track_69.jpg,BEE_EVENT_CHN_00420,0,New Unique Individual
PSBB-CHN-002_video_09.mp4,7/23/2026 8:46,"31C, Partly Cloudy",3.65,High - lantana,1m to bare soil,15,"0.9m height, 40-deg downward",80,1497,1648,5.08,bee_crops/PSBB-CHN-002_video_09_track_80.jpg,BEE_EVENT_CHN_00421,0.347,New Unique Individual
PSBB-CHN-003_video_03.mp4,7/6/2026 7:34,"35C, Humid/Partly Cloudy",3.29,Medium - marigold,4m to shrub border,15,"0.9m height, 40-deg downward",55,2441,2674,7.81,bee_crops/PSBB-CHN-003_video_03_track_55.jpg,BEE_EVENT_CHN_00421,0.674,Re-entry (P=67%)
PSBB-CHN-003_video_01.mp4,8/1/2026 10:24,"34C, Humid/Partly Cloudy",3.07,Medium - mixed flowering ornamentals,1m to bare soil,15,"1.2m height, 50-deg downward",47,5120,5399,9.34,bee_crops/PSBB-CHN-003_video_01_track_47.jpg,BEE_EVENT_CHN_00422,0,New Unique Individual
PSBB-CHN-003_video_12.mp4,7/22/2026 17:36,"30C, Cloudy",1.38,Medium - zinnia,4m to shrub border,15,"1.0m height, 45-deg downward",63,2878,2983,3.53,bee_crops/PSBB-CHN-003_video_12_track_63.jpg,BEE_EVENT_CHN_00423,0,New Unique Individual
PSBB-CHN-001_video_12.mp4,7/26/2026 9:09,"31C, Sunny",0.8,High - hibiscus,1m to bare soil,15,"1.2m height, 50-deg downward",63,4472,4738,8.9,bee_crops/PSBB-CHN-001_video_12_track_63.jpg,BEE_EVENT_CHN_00423,0.658,Re-entry (P=66%)
PSBB-CHN-004_video_09.mp4,8/14/2026 7:44,"28C, Cloudy",1.21,High - jasmine,4m to shrub border,15,"0.9m height, 40-deg downward",19,2515,2680,5.55,bee_crops/PSBB-CHN-004_video_09_track_19.jpg,BEE_EVENT_CHN_00424,0,New Unique Individual
PSBB-CHN-003_video_06.mp4,7/16/2026 9:36,"29C, Humid/Sunny",3.43,Medium - zinnia,3m to planted soil,15,"1.0m height, 45-deg downward",81,4107,4444,11.25,bee_crops/PSBB-CHN-003_video_06_track_81.jpg,BEE_EVENT_CHN_00425,0,New Unique Individual
PSBB-CHN-003_video_01.mp4,7/5/2026 17:36,"27C, Humid/Sunny",3.23,High - bougainvillea,1m to bare soil,15,"0.9m height, 40-deg downward",51,650,954,10.17,bee_crops/PSBB-CHN-003_video_01_track_51.jpg,BEE_EVENT_CHN_00426,0,New Unique Individual
PSBB-CHN-002_video_12.mp4,7/6/2026 8:19,"34C, Humid/Partly Cloudy",1.83,High - jasmine,3m to planted soil,15,"1.0m height, 45-deg downward",82,2611,2768,5.26,bee_crops/PSBB-CHN-002_video_12_track_82.jpg,BEE_EVENT_CHN_00427,0,New Unique Individual
PSBB-CHN-002_video_02.mp4,7/25/2026 8:23,"30C, Cloudy",3.41,High - bougainvillea,1m to bare soil,15,"0.9m height, 40-deg downward",41,2109,2191,2.78,bee_crops/PSBB-CHN-002_video_02_track_41.jpg,BEE_EVENT_CHN_00428,0,New Unique Individual
PSBB-CHN-002_video_07.mp4,8/24/2026 10:42,"30C, Sunny",3.23,High - jasmine,6m to leaf litter,15,"0.8m height, 45-deg downward",59,5182,5261,2.65,bee_crops/PSBB-CHN-002_video_07_track_59.jpg,BEE_EVENT_CHN_00429,0,New Unique Individual
PSBB-CHN-004_video_12.mp4,7/11/2026 15:36,"32C, Partly Cloudy",1.42,High - jasmine,8m to tree/shrub edge,15,"0.8m height, 45-deg downward",60,2479,2596,3.92,bee_crops/PSBB-CHN-004_video_12_track_60.jpg,BEE_EVENT_CHN_00430,0.404,New Unique Individual
PSBB-CHN-004_video_02.mp4,8/28/2026 8:35,"34C, Humid/Partly Cloudy",1.91,Medium - mixed flowering ornamentals,8m to tree/shrub edge,15,"0.9m height, 40-deg downward",69,5115,5723,20.31,bee_crops/PSBB-CHN-004_video_02_track_69.jpg,BEE_EVENT_CHN_00430,0.515,Re-entry (P=51%)
PSBB-CHN-005_video_02.mp4,8/25/2026 8:23,"27C, Sunny",2.17,Low - mixed ornamental planting,4m to shrub border,15,"1.0m height, 45-deg downward",1,4963,5179,7.24,bee_crops/PSBB-CHN-005_video_02_track_1.jpg,BEE_EVENT_CHN_00431,0,New Unique Individual
PSBB-CHN-001_video_03.mp4,7/13/2026 15:08,"31C, Humid/Partly Cloudy",2.13,Medium - mixed flowering ornamentals,1m to bare soil,15,"0.8m height, 45-deg downward",5,40,288,8.3,bee_crops/PSBB-CHN-001_video_03_track_5.jpg,BEE_EVENT_CHN_00432,0.382,New Unique Individual
PSBB-CHN-001_video_07.mp4,8/29/2026 7:10,"29C, Partly Cloudy",1.72,High - jasmine,1m to bare soil,15,"1.2m height, 50-deg downward",54,3316,3593,9.25,bee_crops/PSBB-CHN-001_video_07_track_54.jpg,BEE_EVENT_CHN_00433,0,New Unique Individual
PSBB-CHN-005_video_11.mp4,8/11/2026 16:41,"29C, Partly Cloudy",2.92,High - hibiscus,8m to tree/shrub edge,15,"1.2m height, 50-deg downward",17,1848,2530,22.77,bee_crops/PSBB-CHN-005_video_11_track_17.jpg,BEE_EVENT_CHN_00434,0,New Unique Individual
PSBB-CHN-004_video_09.mp4,7/22/2026 7:30,"31C, Partly Cloudy",1.89,Low - mixed ornamental planting,2m to bare soil,15,"1.0m height, 45-deg downward",45,3041,3182,4.73,bee_crops/PSBB-CHN-004_video_09_track_45.jpg,BEE_EVENT_CHN_00435,0,New Unique Individual
PSBB-CHN-001_video_01.mp4,7/29/2026 8:00,"28C, Cloudy",1.49,Medium - marigold,3m to planted soil,15,"1.2m height, 50-deg downward",30,4364,4589,7.55,bee_crops/PSBB-CHN-001_video_01_track_30.jpg,BEE_EVENT_CHN_00435,0.652,Re-entry (P=65%)
PSBB-CHN-001_video_06.mp4,7/23/2026 9:38,"30C, Humid/Sunny",2.7,Medium - marigold,3m to planted soil,15,"1.0m height, 45-deg downward",62,957,1179,7.43,bee_crops/PSBB-CHN-001_video_06_track_62.jpg,BEE_EVENT_CHN_00436,0,New Unique Individual
PSBB-CHN-003_video_02.mp4,7/28/2026 15:20,"35C, Humid/Sunny",1.52,Low - mixed ornamental planting,4m to shrub border,15,"0.8m height, 45-deg downward",53,1402,1493,3.07,bee_crops/PSBB-CHN-003_video_02_track_53.jpg,BEE_EVENT_CHN_00437,0,New Unique Individual
PSBB-CHN-002_video_05.mp4,8/15/2026 16:37,"34C, Partly Cloudy",2.74,Medium - zinnia,3m to planted soil,15,"0.9m height, 40-deg downward",58,3722,3759,1.25,bee_crops/PSBB-CHN-002_video_05_track_58.jpg,BEE_EVENT_CHN_00438,0,New Unique Individual
PSBB-CHN-002_video_10.mp4,7/1/2026 17:22,"31C, Sunny",2.99,Medium - tropical garden mix,1m to bare soil,15,"0.8m height, 45-deg downward",68,3921,4191,9.02,bee_crops/PSBB-CHN-002_video_10_track_68.jpg,BEE_EVENT_CHN_00439,0,New Unique Individual
PSBB-CHN-002_video_05.mp4,7/31/2026 8:44,"33C, Partly Cloudy",3.42,High - jasmine,4m to shrub border,15,"1.2m height, 50-deg downward",66,1720,1997,9.27,bee_crops/PSBB-CHN-002_video_05_track_66.jpg,BEE_EVENT_CHN_00440,0,New Unique Individual
PSBB-CHN-005_video_05.mp4,8/4/2026 10:22,"27C, Cloudy",2.18,High - jasmine,8m to tree/shrub edge,15,"1.0m height, 45-deg downward",56,631,1326,23.2,bee_crops/PSBB-CHN-005_video_05_track_56.jpg,BEE_EVENT_CHN_00441,0,New Unique Individual
PSBB-CHN-001_video_07.mp4,8/23/2026 15:16,"30C, Humid/Partly Cloudy",1.62,High - ixora,2m to bare soil,15,"1.2m height, 50-deg downward",40,5190,5385,6.52,bee_crops/PSBB-CHN-001_video_07_track_40.jpg,BEE_EVENT_CHN_00442,0,New Unique Individual
PSBB-CHN-003_video_06.mp4,8/10/2026 16:29,"27C, Partly Cloudy",3.58,High - jasmine,6m to leaf litter,15,"0.9m height, 40-deg downward",20,3623,3687,2.18,bee_crops/PSBB-CHN-003_video_06_track_20.jpg,BEE_EVENT_CHN_00443,0,New Unique Individual
PSBB-CHN-002_video_06.mp4,7/30/2026 10:21,"30C, Humid/Partly Cloudy",0.94,High - lantana,3m to planted soil,15,"1.0m height, 45-deg downward",1,4827,5045,7.3,bee_crops/PSBB-CHN-002_video_06_track_1.jpg,BEE_EVENT_CHN_00444,0,New Unique Individual
PSBB-CHN-003_video_10.mp4,7/1/2026 8:41,"30C, Humid/Sunny",2.59,Low - mixed ornamental planting,3m to planted soil,15,"0.8m height, 45-deg downward",58,908,1397,16.32,bee_crops/PSBB-CHN-003_video_10_track_58.jpg,BEE_EVENT_CHN_00445,0,New Unique Individual
PSBB-CHN-002_video_04.mp4,7/24/2026 7:09,"33C, Humid/Partly Cloudy",1.96,Medium - zinnia,8m to tree/shrub edge,15,"0.9m height, 40-deg downward",28,1610,1982,12.43,bee_crops/PSBB-CHN-002_video_04_track_28.jpg,BEE_EVENT_CHN_00445,0.533,Re-entry (P=53%)
PSBB-CHN-005_video_06.mp4,7/27/2026 17:36,"30C, Cloudy",3.1,High - hibiscus,6m to leaf litter,15,"0.9m height, 40-deg downward",28,4122,4412,9.7,bee_crops/PSBB-CHN-005_video_06_track_28.jpg,BEE_EVENT_CHN_00446,0,New Unique Individual
PSBB-CHN-002_video_10.mp4,7/4/2026 16:44,"30C, Partly Cloudy",1.63,High - ixora,2m to bare soil,15,"0.9m height, 40-deg downward",16,5332,5406,2.5,bee_crops/PSBB-CHN-002_video_10_track_16.jpg,BEE_EVENT_CHN_00447,0,New Unique Individual
PSBB-CHN-002_video_01.mp4,7/7/2026 9:18,"32C, Cloudy",2.82,High - ixora,3m to planted soil,15,"0.9m height, 40-deg downward",6,3183,3714,17.75,bee_crops/PSBB-CHN-002_video_01_track_6.jpg,BEE_EVENT_CHN_00447,0.754,Re-entry (P=75%)
PSBB-CHN-005_video_03.mp4,8/14/2026 10:43,"32C, Humid/Sunny",1.98,High - jasmine,6m to leaf litter,15,"1.2m height, 50-deg downward",83,4443,4825,12.76,bee_crops/PSBB-CHN-005_video_03_track_83.jpg,BEE_EVENT_CHN_00448,0,New Unique Individual
PSBB-CHN-002_video_11.mp4,8/26/2026 10:36,"27C, Humid/Partly Cloudy",0.72,High - bougainvillea,1m to bare soil,15,"1.2m height, 50-deg downward",5,4454,4650,6.58,bee_crops/PSBB-CHN-002_video_11_track_5.jpg,BEE_EVENT_CHN_00448,0.915,Re-entry (P=92%)
PSBB-CHN-003_video_06.mp4,8/12/2026 15:39,"30C, Humid/Partly Cloudy",0.98,Low - mixed ornamental planting,1m to bare soil,15,"0.8m height, 45-deg downward",73,665,1033,12.31,bee_crops/PSBB-CHN-003_video_06_track_73.jpg,BEE_EVENT_CHN_00448,0.587,Re-entry (P=59%)
PSBB-CHN-005_video_04.mp4,8/20/2026 10:16,"33C, Humid/Partly Cloudy",0.94,High - hibiscus,3m to planted soil,15,"0.9m height, 40-deg downward",37,5234,5467,7.81,bee_crops/PSBB-CHN-005_video_04_track_37.jpg,BEE_EVENT_CHN_00449,0,New Unique Individual
PSBB-CHN-003_video_04.mp4,8/24/2026 7:40,"28C, Sunny",1.5,High - bougainvillea,2m to bare soil,15,"0.8m height, 45-deg downward",83,2608,2727,4.01,bee_crops/PSBB-CHN-003_video_04_track_83.jpg,BEE_EVENT_CHN_00449,0.559,Re-entry (P=56%)
PSBB-CHN-002_video_11.mp4,7/10/2026 9:20,"34C, Humid/Sunny",2.08,High - ixora,3m to planted soil,15,"0.8m height, 45-deg downward",52,2837,3147,10.36,bee_crops/PSBB-CHN-002_video_11_track_52.jpg,BEE_EVENT_CHN_00449,0.731,Re-entry (P=73%)
PSBB-CHN-003_video_02.mp4,7/4/2026 8:46,"29C, Sunny",2.74,Medium - marigold,3m to planted soil,15,"1.0m height, 45-deg downward",36,1925,2063,4.62,bee_crops/PSBB-CHN-003_video_02_track_36.jpg,BEE_EVENT_CHN_00450,0,New Unique Individual
PSBB-CHN-001_video_08.mp4,8/30/2026 16:28,"27C, Humid/Sunny",0.77,High - bougainvillea,1m to bare soil,15,"1.2m height, 50-deg downward",23,1159,1365,6.91,bee_crops/PSBB-CHN-001_video_08_track_23.jpg,BEE_EVENT_CHN_00451,0,New Unique Individual
PSBB-CHN-003_video_04.mp4,7/19/2026 7:24,"35C, Partly Cloudy",0.72,Medium - zinnia,2m to bare soil,15,"0.9m height, 40-deg downward",13,3443,3579,4.57,bee_crops/PSBB-CHN-003_video_04_track_13.jpg,BEE_EVENT_CHN_00452,0,New Unique Individual
PSBB-CHN-003_video_01.mp4,8/20/2026 10:18,"33C, Humid/Sunny",2.38,Medium - zinnia,6m to leaf litter,15,"1.2m height, 50-deg downward",71,1788,1982,6.51,bee_crops/PSBB-CHN-003_video_01_track_71.jpg,BEE_EVENT_CHN_00453,0,New Unique Individual
PSBB-CHN-003_video_08.mp4,7/11/2026 16:11,"30C, Humid/Sunny",3.8,High - hibiscus,6m to leaf litter,15,"0.8m height, 45-deg downward",72,161,660,16.66,bee_crops/PSBB-CHN-003_video_08_track_72.jpg,BEE_EVENT_CHN_00454,0,New Unique Individual
PSBB-CHN-004_video_04.mp4,7/12/2026 9:19,"31C, Partly Cloudy",0.79,High - jasmine,8m to tree/shrub edge,15,"0.8m height, 45-deg downward",82,3785,3956,5.72,bee_crops/PSBB-CHN-004_video_04_track_82.jpg,BEE_EVENT_CHN_00455,0,New Unique Individual
PSBB-CHN-004_video_06.mp4,8/18/2026 9:46,"34C, Cloudy",2.8,High - lantana,8m to tree/shrub edge,15,"1.0m height, 45-deg downward",37,3724,3917,6.46,bee_crops/PSBB-CHN-004_video_06_track_37.jpg,BEE_EVENT_CHN_00456,0,New Unique Individual
PSBB-CHN-005_video_05.mp4,7/23/2026 17:25,"35C, Sunny",3.29,High - hibiscus,2m to bare soil,15,"1.2m height, 50-deg downward",43,3704,3943,8.01,bee_crops/PSBB-CHN-005_video_05_track_43.jpg,BEE_EVENT_CHN_00457,0,New Unique Individual
PSBB-CHN-004_video_10.mp4,7/11/2026 17:42,"29C, Partly Cloudy",1.94,Medium - mixed flowering ornamentals,3m to planted soil,15,"1.0m height, 45-deg downward",66,290,643,11.81,bee_crops/PSBB-CHN-004_video_10_track_66.jpg,BEE_EVENT_CHN_00457,0.882,Re-entry (P=88%)
PSBB-CHN-003_video_05.mp4,7/27/2026 16:07,"29C, Partly Cloudy",2.48,High - jasmine,4m to shrub border,15,"0.9m height, 40-deg downward",86,570,875,10.21,bee_crops/PSBB-CHN-003_video_05_track_86.jpg,BEE_EVENT_CHN_00458,0,New Unique Individual
PSBB-CHN-002_video_09.mp4,7/7/2026 16:35,"35C, Sunny",1.66,Medium - marigold,4m to shrub border,15,"1.0m height, 45-deg downward",14,2945,2989,1.5,bee_crops/PSBB-CHN-002_video_09_track_14.jpg,BEE_EVENT_CHN_00459,0,New Unique Individual
PSBB-CHN-005_video_06.mp4,7/16/2026 16:41,"33C, Humid/Partly Cloudy",1.46,Medium - mixed flowering ornamentals,6m to leaf litter,15,"1.2m height, 50-deg downward",68,3411,3535,4.17,bee_crops/PSBB-CHN-005_video_06_track_68.jpg,BEE_EVENT_CHN_00459,0.504,Re-entry (P=50%)
PSBB-CHN-002_video_09.mp4,7/27/2026 16:40,"30C, Humid/Partly Cloudy",2.18,High - lantana,4m to shrub border,15,"1.0m height, 45-deg downward",77,4933,5272,11.32,bee_crops/PSBB-CHN-002_video_09_track_77.jpg,BEE_EVENT_CHN_00460,0,New Unique Individual
PSBB-CHN-004_video_08.mp4,7/21/2026 16:43,"28C, Partly Cloudy",2.03,Medium - mixed flowering ornamentals,6m to leaf litter,15,"1.2m height, 50-deg downward",32,1641,1931,9.71,bee_crops/PSBB-CHN-004_video_08_track_32.jpg,BEE_EVENT_CHN_00460,0.594,Re-entry (P=59%)
PSBB-CHN-005_video_08.mp4,8/19/2026 9:35,"27C, Sunny",3.69,Medium - tropical garden mix,8m to tree/shrub edge,15,"0.8m height, 45-deg downward",69,271,775,16.82,bee_crops/PSBB-CHN-005_video_08_track_69.jpg,BEE_EVENT_CHN_00461,0,New Unique Individual
PSBB-CHN-002_video_09.mp4,8/25/2026 10:32,"31C, Humid/Partly Cloudy",2.4,High - hibiscus,6m to leaf litter,15,"1.2m height, 50-deg downward",6,4241,4263,0.78,bee_crops/PSBB-CHN-002_video_09_track_6.jpg,BEE_EVENT_CHN_00462,0,New Unique Individual
PSBB-CHN-005_video_02.mp4,7/2/2026 10:17,"33C, Humid/Sunny",0.77,Low - mixed ornamental planting,8m to tree/shrub edge,15,"0.9m height, 40-deg downward",3,5199,5381,6.09,bee_crops/PSBB-CHN-005_video_02_track_3.jpg,BEE_EVENT_CHN_00463,0,New Unique Individual
PSBB-CHN-001_video_06.mp4,8/21/2026 9:35,"35C, Partly Cloudy",2.96,High - hibiscus,1m to bare soil,15,"1.0m height, 45-deg downward",20,1059,1257,6.64,bee_crops/PSBB-CHN-001_video_06_track_20.jpg,BEE_EVENT_CHN_00463,0.631,Re-entry (P=63%)
PSBB-CHN-001_video_06.mp4,7/25/2026 10:32,"31C, Sunny",2.79,High - jasmine,3m to planted soil,15,"0.9m height, 40-deg downward",81,1819,2379,18.71,bee_crops/PSBB-CHN-001_video_06_track_81.jpg,BEE_EVENT_CHN_00464,0,New Unique Individual
PSBB-CHN-003_video_03.mp4,8/23/2026 17:28,"34C, Humid/Sunny",2.04,Medium - marigold,4m to shrub border,15,"0.9m height, 40-deg downward",76,4059,4112,1.79,bee_crops/PSBB-CHN-003_video_03_track_76.jpg,BEE_EVENT_CHN_00465,0,New Unique Individual
PSBB-CHN-004_video_06.mp4,7/15/2026 8:07,"30C, Partly Cloudy",2.18,High - ixora,3m to planted soil,15,"1.0m height, 45-deg downward",76,2602,2755,5.14,bee_crops/PSBB-CHN-004_video_06_track_76.jpg,BEE_EVENT_CHN_00466,0,New Unique Individual
PSBB-CHN-004_video_08.mp4,7/3/2026 17:10,"27C, Humid/Partly Cloudy",2.84,High - lantana,6m to leaf litter,15,"0.8m height, 45-deg downward",77,4477,4595,3.97,bee_crops/PSBB-CHN-004_video_08_track_77.jpg,BEE_EVENT_CHN_00467,0,New Unique Individual
PSBB-CHN-002_video_10.mp4,8/4/2026 10:11,"27C, Sunny",3.69,High - hibiscus,6m to leaf litter,15,"1.0m height, 45-deg downward",29,152,272,4.03,bee_crops/PSBB-CHN-002_video_10_track_29.jpg,BEE_EVENT_CHN_00468,0.463,New Unique Individual
PSBB-CHN-001_video_09.mp4,8/25/2026 9:36,"32C, Humid/Partly Cloudy",0.95,Medium - zinnia,8m to tree/shrub edge,15,"0.8m height, 45-deg downward",54,4959,5233,9.17,bee_crops/PSBB-CHN-001_video_09_track_54.jpg,BEE_EVENT_CHN_00469,0,New Unique Individual
PSBB-CHN-005_video_02.mp4,7/24/2026 16:04,"31C, Humid/Sunny",3.3,High - ixora,1m to bare soil,15,"0.8m height, 45-deg downward",50,3161,3885,24.16,bee_crops/PSBB-CHN-005_video_02_track_50.jpg,BEE_EVENT_CHN_00470,0,New Unique Individual
PSBB-CHN-003_video_08.mp4,8/9/2026 16:24,"28C, Cloudy",1.4,Low - mixed ornamental planting,8m to tree/shrub edge,15,"0.8m height, 45-deg downward",19,1978,2280,10.11,bee_crops/PSBB-CHN-003_video_08_track_19.jpg,BEE_EVENT_CHN_00471,0,New Unique Individual
PSBB-CHN-004_video_06.mp4,8/30/2026 10:16,"30C, Humid/Sunny",2.24,High - lantana,6m to leaf litter,15,"0.9m height, 40-deg downward",7,1688,1901,7.15,bee_crops/PSBB-CHN-004_video_06_track_7.jpg,BEE_EVENT_CHN_00471,0.567,Re-entry (P=57%)
PSBB-CHN-002_video_08.mp4,7/1/2026 8:44,"33C, Partly Cloudy",3.31,Medium - zinnia,1m to bare soil,15,"1.0m height, 45-deg downward",49,3971,4178,6.92,bee_crops/PSBB-CHN-002_video_08_track_49.jpg,BEE_EVENT_CHN_00472,0,New Unique Individual
PSBB-CHN-005_video_09.mp4,7/29/2026 7:13,"35C, Humid/Partly Cloudy",2.25,High - ixora,1m to bare soil,15,"1.2m height, 50-deg downward",71,2745,2857,3.76,bee_crops/PSBB-CHN-005_video_09_track_71.jpg,BEE_EVENT_CHN_00473,0,New Unique Individual
PSBB-CHN-005_video_10.mp4,7/5/2026 15:04,"32C, Cloudy",1.96,High - bougainvillea,3m to planted soil,15,"1.2m height, 50-deg downward",10,3765,3883,3.96,bee_crops/PSBB-CHN-005_video_10_track_10.jpg,BEE_EVENT_CHN_00473,0.865,Re-entry (P=87%)
PSBB-CHN-004_video_05.mp4,8/19/2026 8:24,"32C, Humid/Partly Cloudy",0.81,High - lantana,2m to bare soil,15,"0.8m height, 45-deg downward",58,93,491,13.3,bee_crops/PSBB-CHN-004_video_05_track_58.jpg,BEE_EVENT_CHN_00474,0,New Unique Individual
PSBB-CHN-002_video_11.mp4,7/16/2026 16:13,"31C, Sunny",3.32,High - lantana,6m to leaf litter,15,"0.8m height, 45-deg downward",38,4302,4549,8.25,bee_crops/PSBB-CHN-002_video_11_track_38.jpg,BEE_EVENT_CHN_00475,0,New Unique Individual
PSBB-CHN-003_video_10.mp4,8/3/2026 17:35,"34C, Humid/Sunny",3.7,Medium - zinnia,6m to leaf litter,15,"0.9m height, 40-deg downward",3,4177,4531,11.84,bee_crops/PSBB-CHN-003_video_10_track_3.jpg,BEE_EVENT_CHN_00475,0.809,Re-entry (P=81%)
PSBB-CHN-005_video_05.mp4,7/23/2026 10:33,"30C, Humid/Sunny",3.19,Medium - tropical garden mix,1m to bare soil,15,"1.0m height, 45-deg downward",22,3389,3594,6.88,bee_crops/PSBB-CHN-005_video_05_track_22.jpg,BEE_EVENT_CHN_00476,0,New Unique Individual
PSBB-CHN-005_video_11.mp4,8/27/2026 9:13,"35C, Cloudy",1.09,Low - mixed ornamental planting,4m to shrub border,15,"0.8m height, 45-deg downward",41,3290,3611,10.72,bee_crops/PSBB-CHN-005_video_11_track_41.jpg,BEE_EVENT_CHN_00477,0,New Unique Individual
PSBB-CHN-003_video_08.mp4,8/26/2026 16:16,"28C, Humid/Sunny",2.8,High - lantana,8m to tree/shrub edge,15,"1.2m height, 50-deg downward",11,5195,5417,7.43,bee_crops/PSBB-CHN-003_video_08_track_11.jpg,BEE_EVENT_CHN_00478,0.438,New Unique Individual
PSBB-CHN-004_video_10.mp4,8/14/2026 7:22,"34C, Partly Cloudy",3.49,High - hibiscus,2m to bare soil,15,"0.8m height, 45-deg downward",54,4655,5033,12.62,bee_crops/PSBB-CHN-004_video_10_track_54.jpg,BEE_EVENT_CHN_00479,0,New Unique Individual
PSBB-CHN-001_video_02.mp4,7/6/2026 17:46,"30C, Partly Cloudy",1.21,Low - mixed ornamental planting,6m to leaf litter,15,"1.2m height, 50-deg downward",79,2814,4901,69.59,bee_crops/PSBB-CHN-001_video_02_track_79.jpg,BEE_EVENT_CHN_00480,0.477,New Unique Individual
PSBB-CHN-001_video_01.mp4,7/26/2026 15:41,"34C, Cloudy",1.62,Medium - zinnia,4m to shrub border,15,"1.2m height, 50-deg downward",46,4653,5051,13.3,bee_crops/PSBB-CHN-001_video_01_track_46.jpg,BEE_EVENT_CHN_00481,0,New Unique Individual
PSBB-CHN-004_video_03.mp4,7/29/2026 16:45,"29C, Humid/Sunny",2.3,Medium - marigold,3m to planted soil,15,"0.9m height, 40-deg downward",10,1679,1712,1.13,bee_crops/PSBB-CHN-004_video_03_track_10.jpg,BEE_EVENT_CHN_00482,0,New Unique Individual
PSBB-CHN-002_video_08.mp4,8/30/2026 9:20,"28C, Sunny",1.89,High - hibiscus,6m to leaf litter,15,"1.0m height, 45-deg downward",88,5286,5361,2.53,bee_crops/PSBB-CHN-002_video_08_track_88.jpg,BEE_EVENT_CHN_00483,0,New Unique Individual
PSBB-CHN-003_video_04.mp4,7/18/2026 17:09,"33C, Partly Cloudy",1.2,Medium - zinnia,6m to leaf litter,15,"1.2m height, 50-deg downward",27,3466,3578,3.78,bee_crops/PSBB-CHN-003_video_04_track_27.jpg,BEE_EVENT_CHN_00483,0.762,Re-entry (P=76%)
PSBB-CHN-003_video_12.mp4,8/23/2026 7:21,"27C, Partly Cloudy",2.77,Medium - zinnia,6m to leaf litter,15,"0.8m height, 45-deg downward",66,850,1039,6.33,bee_crops/PSBB-CHN-003_video_12_track_66.jpg,BEE_EVENT_CHN_00484,0,New Unique Individual
PSBB-CHN-003_video_02.mp4,8/19/2026 10:02,"29C, Cloudy",0.7,Medium - marigold,2m to bare soil,15,"0.8m height, 45-deg downward",39,2738,2917,5.99,bee_crops/PSBB-CHN-003_video_02_track_39.jpg,BEE_EVENT_CHN_00484,0.718,Re-entry (P=72%)
PSBB-CHN-003_video_12.mp4,8/10/2026 10:06,"28C, Humid/Partly Cloudy",1.44,Medium - marigold,8m to tree/shrub edge,15,"0.9m height, 40-deg downward",73,5054,5209,5.21,bee_crops/PSBB-CHN-003_video_12_track_73.jpg,BEE_EVENT_CHN_00484,0.849,Re-entry (P=85%)
PSBB-CHN-001_video_09.mp4,8/14/2026 8:49,"34C, Humid/Sunny",3.62,Medium - mixed flowering ornamentals,6m to leaf litter,15,"1.0m height, 45-deg downward",56,4737,4917,6.03,bee_crops/PSBB-CHN-001_video_09_track_56.jpg,BEE_EVENT_CHN_00485,0,New Unique Individual
PSBB-CHN-004_video_12.mp4,7/27/2026 16:08,"32C, Sunny",2.44,Medium - mixed flowering ornamentals,2m to bare soil,15,"1.2m height, 50-deg downward",83,1721,1873,5.11,bee_crops/PSBB-CHN-004_video_12_track_83.jpg,BEE_EVENT_CHN_00486,0.425,New Unique Individual
PSBB-CHN-002_video_07.mp4,7/4/2026 9:02,"30C, Partly Cloudy",3.72,Medium - marigold,4m to shrub border,15,"1.0m height, 45-deg downward",17,3862,4029,5.59,bee_crops/PSBB-CHN-002_video_07_track_17.jpg,BEE_EVENT_CHN_00486,0.627,Re-entry (P=63%)
PSBB-CHN-003_video_07.mp4,7/20/2026 7:42,"31C, Humid/Partly Cloudy",3.1,High - bougainvillea,2m to bare soil,15,"1.2m height, 50-deg downward",53,2468,2933,15.55,bee_crops/PSBB-CHN-003_video_07_track_53.jpg,BEE_EVENT_CHN_00487,0,New Unique Individual
PSBB-CHN-004_video_05.mp4,7/13/2026 16:41,"35C, Humid/Partly Cloudy",1.08,Medium - marigold,2m to bare soil,15,"1.0m height, 45-deg downward",75,4830,4920,3.03,bee_crops/PSBB-CHN-004_video_05_track_75.jpg,BEE_EVENT_CHN_00488,0.408,New Unique Individual
PSBB-CHN-004_video_12.mp4,8/23/2026 10:35,"33C, Sunny",2.61,Medium - zinnia,4m to shrub border,15,"1.2m height, 50-deg downward",55,3275,3435,5.37,bee_crops/PSBB-CHN-004_video_12_track_55.jpg,BEE_EVENT_CHN_00489,0,New Unique Individual
PSBB-CHN-003_video_06.mp4,7/26/2026 16:36,"33C, Sunny",0.9,Medium - mixed flowering ornamentals,1m to bare soil,15,"1.0m height, 45-deg downward",66,5190,5395,6.86,bee_crops/PSBB-CHN-003_video_06_track_66.jpg,BEE_EVENT_CHN_00489,0.682,Re-entry (P=68%)
PSBB-CHN-001_video_11.mp4,7/18/2026 16:50,"28C, Partly Cloudy",0.85,Medium - mixed flowering ornamentals,8m to tree/shrub edge,15,"1.2m height, 50-deg downward",70,4752,5173,14.08,bee_crops/PSBB-CHN-001_video_11_track_70.jpg,BEE_EVENT_CHN_00490,0,New Unique Individual
PSBB-CHN-001_video_05.mp4,7/29/2026 8:46,"33C, Cloudy",2.42,Medium - zinnia,6m to leaf litter,15,"1.0m height, 45-deg downward",61,560,789,7.67,bee_crops/PSBB-CHN-001_video_05_track_61.jpg,BEE_EVENT_CHN_00491,0,New Unique Individual
PSBB-CHN-001_video_06.mp4,7/3/2026 10:26,"34C, Partly Cloudy",1.76,Medium - zinnia,4m to shrub border,15,"0.9m height, 40-deg downward",60,379,566,6.28,bee_crops/PSBB-CHN-001_video_06_track_60.jpg,BEE_EVENT_CHN_00492,0.433,New Unique Individual
PSBB-CHN-004_video_01.mp4,7/27/2026 9:46,"34C, Cloudy",2.09,Low - mixed ornamental planting,1m to bare soil,15,"1.0m height, 45-deg downward",31,3950,4127,5.92,bee_crops/PSBB-CHN-004_video_01_track_31.jpg,BEE_EVENT_CHN_00493,0.495,New Unique Individual
PSBB-CHN-001_video_03.mp4,7/6/2026 15:23,"32C, Humid/Partly Cloudy",2.45,Medium - zinnia,2m to bare soil,15,"0.9m height, 40-deg downward",18,4329,4842,17.14,bee_crops/PSBB-CHN-001_video_03_track_18.jpg,BEE_EVENT_CHN_00493,0.52,Re-entry (P=52%)
PSBB-CHN-004_video_10.mp4,7/18/2026 17:14,"30C, Sunny",1.38,High - hibiscus,3m to planted soil,15,"1.0m height, 45-deg downward",37,4303,4453,5.04,bee_crops/PSBB-CHN-004_video_10_track_37.jpg,BEE_EVENT_CHN_00494,0,New Unique Individual
PSBB-CHN-004_video_01.mp4,7/17/2026 17:03,"28C, Sunny",3.41,High - jasmine,2m to bare soil,15,"0.8m height, 45-deg downward",90,4908,5033,4.2,bee_crops/PSBB-CHN-004_video_01_track_90.jpg,BEE_EVENT_CHN_00495,0,New Unique Individual
PSBB-CHN-001_video_03.mp4,8/5/2026 10:27,"30C, Humid/Sunny",1.38,Medium - marigold,4m to shrub border,15,"0.9m height, 40-deg downward",20,3645,3881,7.9,bee_crops/PSBB-CHN-001_video_03_track_20.jpg,BEE_EVENT_CHN_00495,0.562,Re-entry (P=56%)
PSBB-CHN-003_video_01.mp4,7/10/2026 7:47,"29C, Humid/Partly Cloudy",1.45,High - bougainvillea,8m to tree/shrub edge,15,"0.9m height, 40-deg downward",80,3876,5023,38.26,bee_crops/PSBB-CHN-003_video_01_track_80.jpg,BEE_EVENT_CHN_00496,0,New Unique Individual
PSBB-CHN-003_video_06.mp4,8/14/2026 7:02,"27C, Sunny",1.64,Medium - zinnia,2m to bare soil,15,"1.0m height, 45-deg downward",32,3498,3707,7.01,bee_crops/PSBB-CHN-003_video_06_track_32.jpg,BEE_EVENT_CHN_00497,0,New Unique Individual
PSBB-CHN-002_video_10.mp4,7/15/2026 7:46,"33C, Humid/Sunny",2.83,High - bougainvillea,1m to bare soil,15,"1.2m height, 50-deg downward",86,540,733,6.45,bee_crops/PSBB-CHN-002_video_10_track_86.jpg,BEE_EVENT_CHN_00497,0.59,Re-entry (P=59%)
PSBB-CHN-002_video_04.mp4,7/16/2026 9:46,"29C, Humid/Partly Cloudy",2.65,High - lantana,1m to bare soil,15,"1.0m height, 45-deg downward",61,1165,1310,4.87,bee_crops/PSBB-CHN-002_video_04_track_61.jpg,BEE_EVENT_CHN_00497,0.633,Re-entry (P=63%)
PSBB-CHN-005_video_11.mp4,7/13/2026 10:15,"33C, Cloudy",1.31,High - ixora,4m to shrub border,15,"0.8m height, 45-deg downward",12,1810,2055,8.19,bee_crops/PSBB-CHN-005_video_11_track_12.jpg,BEE_EVENT_CHN_00498,0,New Unique Individual
PSBB-CHN-002_video_10.mp4,8/4/2026 7:10,"35C, Cloudy",1.98,High - lantana,4m to shrub border,15,"1.0m height, 45-deg downward",32,3557,3594,1.26,bee_crops/PSBB-CHN-002_video_10_track_32.jpg,BEE_EVENT_CHN_00499,0,New Unique Individual
PSBB-CHN-002_video_04.mp4,7/7/2026 10:18,"29C, Humid/Partly Cloudy",2.61,High - hibiscus,8m to tree/shrub edge,15,"0.9m height, 40-deg downward",46,2249,2642,13.12,bee_crops/PSBB-CHN-002_video_04_track_46.jpg,BEE_EVENT_CHN_00500,0,New Unique Individual
PSBB-CHN-001_video_12.mp4,7/26/2026 15:02,"31C, Partly Cloudy",3.13,Low - mixed ornamental planting,3m to planted soil,15,"0.8m height, 45-deg downward",48,1959,2107,4.97,bee_crops/PSBB-CHN-001_video_12_track_48.jpg,BEE_EVENT_CHN_00501,0,New Unique Individual
PSBB-CHN-005_video_08.mp4,8/24/2026 10:19,"31C, Cloudy",3.31,Medium - marigold,2m to bare soil,15,"0.9m height, 40-deg downward",71,3305,3378,2.46,bee_crops/PSBB-CHN-005_video_08_track_71.jpg,BEE_EVENT_CHN_00502,0.491,New Unique Individual
PSBB-CHN-003_video_07.mp4,8/25/2026 16:24,"30C, Humid/Partly Cloudy",0.85,Medium - marigold,3m to planted soil,15,"1.0m height, 45-deg downward",86,4339,4439,3.37,bee_crops/PSBB-CHN-003_video_07_track_86.jpg,BEE_EVENT_CHN_00503,0.455,New Unique Individual
PSBB-CHN-005_video_05.mp4,8/11/2026 16:47,"30C, Humid/Sunny",3.63,Medium - mixed flowering ornamentals,1m to bare soil,15,"0.9m height, 40-deg downward",38,2603,2827,7.51,bee_crops/PSBB-CHN-005_video_05_track_38.jpg,BEE_EVENT_CHN_00503,0.764,Re-entry (P=76%)
PSBB-CHN-003_video_12.mp4,8/25/2026 10:15,"33C, Partly Cloudy",2.08,High - hibiscus,1m to bare soil,15,"0.9m height, 40-deg downward",69,1007,1100,3.14,bee_crops/PSBB-CHN-003_video_12_track_69.jpg,BEE_EVENT_CHN_00504,0,New Unique Individual
PSBB-CHN-002_video_10.mp4,7/6/2026 15:20,"35C, Partly Cloudy",2.33,High - bougainvillea,1m to bare soil,15,"1.0m height, 45-deg downward",61,5297,5514,7.26,bee_crops/PSBB-CHN-002_video_10_track_61.jpg,BEE_EVENT_CHN_00505,0,New Unique Individual
PSBB-CHN-003_video_04.mp4,8/31/2026 10:44,"32C, Cloudy",1.85,High - hibiscus,8m to tree/shrub edge,15,"1.0m height, 45-deg downward",16,2250,2482,7.76,bee_crops/PSBB-CHN-003_video_04_track_16.jpg,BEE_EVENT_CHN_00506,0.396,New Unique Individual
PSBB-CHN-004_video_02.mp4,8/7/2026 9:01,"32C, Cloudy",3.66,Medium - zinnia,1m to bare soil,15,"1.0m height, 45-deg downward",22,4750,4903,5.13,bee_crops/PSBB-CHN-004_video_02_track_22.jpg,BEE_EVENT_CHN_00506,0.504,Re-entry (P=50%)
PSBB-CHN-001_video_05.mp4,7/18/2026 8:15,"30C, Sunny",2.87,High - bougainvillea,4m to shrub border,15,"1.2m height, 50-deg downward",64,2894,3258,12.17,bee_crops/PSBB-CHN-001_video_05_track_64.jpg,BEE_EVENT_CHN_00507,0,New Unique Individual
PSBB-CHN-004_video_12.mp4,7/28/2026 9:23,"29C, Cloudy",3.44,High - lantana,6m to leaf litter,15,"1.2m height, 50-deg downward",48,2321,2638,10.6,bee_crops/PSBB-CHN-004_video_12_track_48.jpg,BEE_EVENT_CHN_00508,0,New Unique Individual
PSBB-CHN-002_video_08.mp4,7/7/2026 16:24,"29C, Humid/Sunny",0.83,Medium - tropical garden mix,8m to tree/shrub edge,15,"0.8m height, 45-deg downward",6,2527,2743,7.24,bee_crops/PSBB-CHN-002_video_08_track_6.jpg,BEE_EVENT_CHN_00509,0,New Unique Individual
PSBB-CHN-004_video_08.mp4,8/31/2026 15:00,"30C, Partly Cloudy",2.63,High - bougainvillea,8m to tree/shrub edge,15,"0.9m height, 40-deg downward",34,4907,5074,5.6,bee_crops/PSBB-CHN-004_video_08_track_34.jpg,BEE_EVENT_CHN_00510,0,New Unique Individual
PSBB-CHN-001_video_09.mp4,8/13/2026 10:27,"33C, Sunny",1.09,Low - mixed ornamental planting,1m to bare soil,15,"0.8m height, 45-deg downward",10,2616,2849,7.81,bee_crops/PSBB-CHN-001_video_09_track_10.jpg,BEE_EVENT_CHN_00511,0,New Unique Individual
PSBB-CHN-005_video_05.mp4,8/22/2026 7:36,"35C, Humid/Sunny",0.85,High - jasmine,1m to bare soil,15,"1.2m height, 50-deg downward",5,1869,2233,12.18,bee_crops/PSBB-CHN-005_video_05_track_5.jpg,BEE_EVENT_CHN_00512,0,New Unique Individual
PSBB-CHN-002_video_08.mp4,7/21/2026 15:47,"34C, Sunny",1.5,Medium - mixed flowering ornamentals,1m to bare soil,15,"1.0m height, 45-deg downward",15,821,1081,8.71,bee_crops/PSBB-CHN-002_video_08_track_15.jpg,BEE_EVENT_CHN_00513,0,New Unique Individual
PSBB-CHN-002_video_04.mp4,7/31/2026 7:31,"28C, Humid/Sunny",1.03,Medium - zinnia,8m to tree/shrub edge,15,"0.9m height, 40-deg downward",41,2000,2244,8.16,bee_crops/PSBB-CHN-002_video_04_track_41.jpg,BEE_EVENT_CHN_00514,0,New Unique Individual
PSBB-CHN-004_video_05.mp4,7/14/2026 10:06,"31C, Humid/Sunny",3.4,Medium - marigold,4m to shrub border,15,"0.8m height, 45-deg downward",13,2827,3217,13.02,bee_crops/PSBB-CHN-004_video_05_track_13.jpg,BEE_EVENT_CHN_00515,0.404,New Unique Individual
PSBB-CHN-004_video_02.mp4,8/21/2026 8:20,"30C, Sunny",2.94,Medium - marigold,8m to tree/shrub edge,15,"1.0m height, 45-deg downward",66,3362,3831,15.68,bee_crops/PSBB-CHN-004_video_02_track_66.jpg,BEE_EVENT_CHN_00516,0,New Unique Individual
PSBB-CHN-003_video_08.mp4,7/16/2026 10:39,"28C, Sunny",2.68,Medium - tropical garden mix,8m to tree/shrub edge,15,"0.8m height, 45-deg downward",37,4809,5118,10.35,bee_crops/PSBB-CHN-003_video_08_track_37.jpg,BEE_EVENT_CHN_00516,0.63,Re-entry (P=63%)
PSBB-CHN-001_video_12.mp4,8/11/2026 15:01,"28C, Humid/Partly Cloudy",3.24,Medium - tropical garden mix,6m to leaf litter,15,"0.9m height, 40-deg downward",4,1615,1830,7.21,bee_crops/PSBB-CHN-001_video_12_track_4.jpg,BEE_EVENT_CHN_00517,0,New Unique Individual
PSBB-CHN-001_video_09.mp4,8/25/2026 16:41,"33C, Humid/Sunny",3.75,Medium - marigold,4m to shrub border,15,"1.2m height, 50-deg downward",33,2770,3053,9.46,bee_crops/PSBB-CHN-001_video_09_track_33.jpg,BEE_EVENT_CHN_00517,0.8,Re-entry (P=80%)
PSBB-CHN-003_video_01.mp4,7/30/2026 15:25,"31C, Sunny",2.84,High - bougainvillea,8m to tree/shrub edge,15,"1.0m height, 45-deg downward",29,5364,5804,14.71,bee_crops/PSBB-CHN-003_video_01_track_29.jpg,BEE_EVENT_CHN_00518,0.442,New Unique Individual
PSBB-CHN-001_video_01.mp4,7/18/2026 17:31,"28C, Sunny",2.67,High - lantana,8m to tree/shrub edge,15,"1.2m height, 50-deg downward",60,1518,1673,5.19,bee_crops/PSBB-CHN-001_video_01_track_60.jpg,BEE_EVENT_CHN_00519,0,New Unique Individual
PSBB-CHN-003_video_08.mp4,8/20/2026 16:24,"31C, Partly Cloudy",1.18,Medium - zinnia,1m to bare soil,15,"0.8m height, 45-deg downward",62,1312,1682,12.36,bee_crops/PSBB-CHN-003_video_08_track_62.jpg,BEE_EVENT_CHN_00520,0,New Unique Individual
PSBB-CHN-005_video_06.mp4,8/10/2026 17:46,"31C, Sunny",3.31,High - lantana,8m to tree/shrub edge,15,"1.0m height, 45-deg downward",55,4392,4452,2.02,bee_crops/PSBB-CHN-005_video_06_track_55.jpg,BEE_EVENT_CHN_00521,0,New Unique Individual
PSBB-CHN-005_video_12.mp4,7/15/2026 10:10,"33C, Humid/Partly Cloudy",0.88,High - lantana,6m to leaf litter,15,"0.9m height, 40-deg downward",78,4903,5085,6.11,bee_crops/PSBB-CHN-005_video_12_track_78.jpg,BEE_EVENT_CHN_00522,0,New Unique Individual
PSBB-CHN-002_video_07.mp4,7/27/2026 15:37,"31C, Cloudy",1.25,Low - mixed ornamental planting,8m to tree/shrub edge,15,"0.8m height, 45-deg downward",88,457,628,5.75,bee_crops/PSBB-CHN-002_video_07_track_88.jpg,BEE_EVENT_CHN_00523,0,New Unique Individual
PSBB-CHN-003_video_10.mp4,8/26/2026 8:05,"34C, Humid/Sunny",3.15,High - jasmine,3m to planted soil,15,"0.9m height, 40-deg downward",42,1998,2298,10.04,bee_crops/PSBB-CHN-003_video_10_track_42.jpg,BEE_EVENT_CHN_00523,0.746,Re-entry (P=75%)
PSBB-CHN-004_video_02.mp4,8/2/2026 17:19,"35C, Cloudy",2.94,Medium - tropical garden mix,1m to bare soil,15,"0.8m height, 45-deg downward",31,4459,4588,4.34,bee_crops/PSBB-CHN-004_video_02_track_31.jpg,BEE_EVENT_CHN_00524,0,New Unique Individual
PSBB-CHN-001_video_09.mp4,7/27/2026 15:44,"29C, Humid/Partly Cloudy",1.34,Low - mixed ornamental planting,6m to leaf litter,15,"0.9m height, 40-deg downward",22,1327,1378,1.73,bee_crops/PSBB-CHN-001_video_09_track_22.jpg,BEE_EVENT_CHN_00524,0.547,Re-entry (P=55%)
PSBB-CHN-003_video_06.mp4,7/10/2026 15:38,"28C, Cloudy",2.82,Medium - marigold,4m to shrub border,15,"0.8m height, 45-deg downward",32,1253,1369,3.9,bee_crops/PSBB-CHN-003_video_06_track_32.jpg,BEE_EVENT_CHN_00524,0.509,Re-entry (P=51%)
PSBB-CHN-005_video_07.mp4,7/23/2026 9:47,"34C, Humid/Partly Cloudy",3.09,High - bougainvillea,1m to bare soil,15,"0.9m height, 40-deg downward",48,277,600,10.79,bee_crops/PSBB-CHN-005_video_07_track_48.jpg,BEE_EVENT_CHN_00525,0,New Unique Individual
PSBB-CHN-005_video_11.mp4,8/24/2026 17:49,"32C, Humid/Sunny",3.1,High - hibiscus,8m to tree/shrub edge,15,"0.8m height, 45-deg downward",57,4783,5051,8.96,bee_crops/PSBB-CHN-005_video_11_track_57.jpg,BEE_EVENT_CHN_00526,0.459,New Unique Individual
PSBB-CHN-004_video_07.mp4,7/8/2026 15:39,"31C, Partly Cloudy",3.46,Medium - mixed flowering ornamentals,4m to shrub border,15,"0.8m height, 45-deg downward",73,2089,2213,4.17,bee_crops/PSBB-CHN-004_video_07_track_73.jpg,BEE_EVENT_CHN_00527,0,New Unique Individual
PSBB-CHN-003_video_12.mp4,8/19/2026 15:19,"30C, Partly Cloudy",3.29,High - jasmine,1m to bare soil,15,"1.0m height, 45-deg downward",45,1186,1406,7.36,bee_crops/PSBB-CHN-003_video_12_track_45.jpg,BEE_EVENT_CHN_00528,0,New Unique Individual
PSBB-CHN-001_video_08.mp4,8/27/2026 9:34,"27C, Sunny",3.01,High - bougainvillea,2m to bare soil,15,"0.9m height, 40-deg downward",33,1691,2024,11.13,bee_crops/PSBB-CHN-001_video_08_track_33.jpg,BEE_EVENT_CHN_00529,0,New Unique Individual
PSBB-CHN-003_video_04.mp4,7/4/2026 7:44,"35C, Humid/Sunny",2.63,Medium - zinnia,8m to tree/shrub edge,15,"0.8m height, 45-deg downward",90,1130,1373,8.14,bee_crops/PSBB-CHN-003_video_04_track_90.jpg,BEE_EVENT_CHN_00530,0,New Unique Individual
PSBB-CHN-004_video_12.mp4,8/15/2026 7:11,"34C, Partly Cloudy",0.86,High - hibiscus,2m to bare soil,15,"1.0m height, 45-deg downward",63,3966,4387,14.06,bee_crops/PSBB-CHN-004_video_12_track_63.jpg,BEE_EVENT_CHN_00531,0,New Unique Individual
PSBB-CHN-005_video_06.mp4,7/18/2026 7:01,"28C, Humid/Partly Cloudy",2.13,High - hibiscus,1m to bare soil,15,"1.2m height, 50-deg downward",88,3878,4118,8.03,bee_crops/PSBB-CHN-005_video_06_track_88.jpg,BEE_EVENT_CHN_00532,0,New Unique Individual
PSBB-CHN-002_video_04.mp4,7/21/2026 17:18,"30C, Humid/Partly Cloudy",3.59,High - hibiscus,8m to tree/shrub edge,15,"1.2m height, 50-deg downward",59,5357,5502,4.86,bee_crops/PSBB-CHN-002_video_04_track_59.jpg,BEE_EVENT_CHN_00533,0,New Unique Individual
PSBB-CHN-002_video_06.mp4,8/9/2026 9:17,"34C, Humid/Partly Cloudy",1.71,Medium - mixed flowering ornamentals,8m to tree/shrub edge,15,"1.2m height, 50-deg downward",3,2339,2475,4.56,bee_crops/PSBB-CHN-002_video_06_track_3.jpg,BEE_EVENT_CHN_00534,0,New Unique Individual
PSBB-CHN-001_video_09.mp4,8/13/2026 16:40,"35C, Humid/Sunny",2.58,High - hibiscus,6m to leaf litter,15,"1.2m height, 50-deg downward",29,1759,2026,8.93,bee_crops/PSBB-CHN-001_video_09_track_29.jpg,BEE_EVENT_CHN_00535,0,New Unique Individual
PSBB-CHN-001_video_06.mp4,7/24/2026 17:07,"31C, Partly Cloudy",1.19,High - jasmine,6m to leaf litter,15,"1.2m height, 50-deg downward",78,5169,5225,1.9,bee_crops/PSBB-CHN-001_video_06_track_78.jpg,BEE_EVENT_CHN_00536,0,New Unique Individual
PSBB-CHN-004_video_10.mp4,7/8/2026 9:35,"31C, Sunny",1.09,Medium - zinnia,3m to planted soil,15,"0.9m height, 40-deg downward",81,3659,4368,23.68,bee_crops/PSBB-CHN-004_video_10_track_81.jpg,BEE_EVENT_CHN_00537,0,New Unique Individual
PSBB-CHN-003_video_05.mp4,8/13/2026 16:28,"33C, Humid/Sunny",0.73,Medium - mixed flowering ornamentals,6m to leaf litter,15,"0.9m height, 40-deg downward",51,1081,1384,10.13,bee_crops/PSBB-CHN-003_video_05_track_51.jpg,BEE_EVENT_CHN_00538,0,New Unique Individual
PSBB-CHN-005_video_03.mp4,7/28/2026 16:02,"33C, Partly Cloudy",3.76,Medium - tropical garden mix,1m to bare soil,15,"1.0m height, 45-deg downward",16,291,496,6.88,bee_crops/PSBB-CHN-005_video_03_track_16.jpg,BEE_EVENT_CHN_00539,0,New Unique Individual
PSBB-CHN-003_video_04.mp4,8/20/2026 17:22,"33C, Humid/Sunny",3.06,Medium - marigold,2m to bare soil,15,"0.8m height, 45-deg downward",53,2451,3476,34.19,bee_crops/PSBB-CHN-003_video_04_track_53.jpg,BEE_EVENT_CHN_00540,0,New Unique Individual
PSBB-CHN-004_video_01.mp4,7/16/2026 10:27,"35C, Partly Cloudy",1.27,High - bougainvillea,6m to leaf litter,15,"0.8m height, 45-deg downward",85,711,909,6.64,bee_crops/PSBB-CHN-004_video_01_track_85.jpg,BEE_EVENT_CHN_00541,0.449,New Unique Individual
PSBB-CHN-002_video_03.mp4,8/8/2026 8:34,"30C, Humid/Partly Cloudy",0.79,Medium - tropical garden mix,6m to leaf litter,15,"0.9m height, 40-deg downward",64,4043,4136,3.14,bee_crops/PSBB-CHN-002_video_03_track_64.jpg,BEE_EVENT_CHN_00541,0.673,Re-entry (P=67%)
PSBB-CHN-003_video_02.mp4,8/7/2026 15:22,"33C, Cloudy",1.42,High - ixora,3m to planted soil,15,"1.2m height, 50-deg downward",23,5071,5331,8.71,bee_crops/PSBB-CHN-003_video_02_track_23.jpg,BEE_EVENT_CHN_00542,0,New Unique Individual
PSBB-CHN-001_video_07.mp4,7/9/2026 17:28,"30C, Sunny",2.35,High - hibiscus,1m to bare soil,15,"0.9m height, 40-deg downward",8,2884,3092,6.96,bee_crops/PSBB-CHN-001_video_07_track_8.jpg,BEE_EVENT_CHN_00543,0.48,New Unique Individual
PSBB-CHN-001_video_01.mp4,8/6/2026 8:18,"28C, Sunny",1.91,Medium - tropical garden mix,1m to bare soil,15,"0.8m height, 45-deg downward",61,3664,3879,7.21,bee_crops/PSBB-CHN-001_video_01_track_61.jpg,BEE_EVENT_CHN_00544,0,New Unique Individual
PSBB-CHN-001_video_11.mp4,8/15/2026 8:14,"30C, Partly Cloudy",0.92,Medium - zinnia,6m to leaf litter,15,"0.8m height, 45-deg downward",20,1587,1839,8.42,bee_crops/PSBB-CHN-001_video_11_track_20.jpg,BEE_EVENT_CHN_00545,0,New Unique Individual
PSBB-CHN-001_video_02.mp4,7/1/2026 17:00,"35C, Partly Cloudy",1.15,High - hibiscus,8m to tree/shrub edge,15,"0.8m height, 45-deg downward",37,4192,4541,11.66,bee_crops/PSBB-CHN-001_video_02_track_37.jpg,BEE_EVENT_CHN_00546,0,New Unique Individual
PSBB-CHN-003_video_06.mp4,7/16/2026 9:40,"30C, Sunny",2.87,Medium - tropical garden mix,3m to planted soil,15,"1.0m height, 45-deg downward",7,779,999,7.36,bee_crops/PSBB-CHN-003_video_06_track_7.jpg,BEE_EVENT_CHN_00547,0.49,New Unique Individual
PSBB-CHN-005_video_07.mp4,8/28/2026 17:17,"33C, Humid/Sunny",1.46,Medium - mixed flowering ornamentals,6m to leaf litter,15,"1.0m height, 45-deg downward",49,625,913,9.64,bee_crops/PSBB-CHN-005_video_07_track_49.jpg,BEE_EVENT_CHN_00548,0,New Unique Individual
PSBB-CHN-004_video_12.mp4,8/6/2026 15:46,"33C, Partly Cloudy",0.75,Low - mixed ornamental planting,4m to shrub border,15,"1.0m height, 45-deg downward",51,4482,4585,3.47,bee_crops/PSBB-CHN-004_video_12_track_51.jpg,BEE_EVENT_CHN_00548,0.542,Re-entry (P=54%)
PSBB-CHN-003_video_12.mp4,8/27/2026 15:39,"27C, Cloudy",2.88,Medium - mixed flowering ornamentals,4m to shrub border,15,"1.2m height, 50-deg downward",25,75,238,5.46,bee_crops/PSBB-CHN-003_video_12_track_25.jpg,BEE_EVENT_CHN_00549,0.398,New Unique Individual
PSBB-CHN-003_video_12.mp4,7/17/2026 17:08,"35C, Partly Cloudy",3.3,High - hibiscus,1m to bare soil,15,"0.8m height, 45-deg downward",55,2251,2463,7.1,bee_crops/PSBB-CHN-003_video_12_track_55.jpg,BEE_EVENT_CHN_00549,0.908,Re-entry (P=91%)
PSBB-CHN-001_video_06.mp4,7/30/2026 17:19,"35C, Sunny",1.57,Low - mixed ornamental planting,4m to shrub border,15,"0.9m height, 40-deg downward",53,4541,4618,2.59,bee_crops/PSBB-CHN-001_video_06_track_53.jpg,BEE_EVENT_CHN_00550,0,New Unique Individual
PSBB-CHN-005_video_07.mp4,8/21/2026 16:07,"28C, Humid/Partly Cloudy",2.77,High - lantana,4m to shrub border,15,"1.0m height, 45-deg downward",39,2767,2947,6.04,bee_crops/PSBB-CHN-005_video_07_track_39.jpg,BEE_EVENT_CHN_00551,0,New Unique Individual
PSBB-CHN-005_video_02.mp4,8/11/2026 9:39,"32C, Humid/Sunny",3.66,Low - mixed ornamental planting,6m to leaf litter,15,"0.9m height, 40-deg downward",33,151,344,6.48,bee_crops/PSBB-CHN-005_video_02_track_33.jpg,BEE_EVENT_CHN_00552,0,New Unique Individual
PSBB-CHN-002_video_05.mp4,8/25/2026 16:09,"35C, Partly Cloudy",3.19,Medium - mixed flowering ornamentals,3m to planted soil,15,"0.8m height, 45-deg downward",12,1673,3407,57.82,bee_crops/PSBB-CHN-002_video_05_track_12.jpg,BEE_EVENT_CHN_00553,0,New Unique Individual
PSBB-CHN-002_video_08.mp4,7/16/2026 7:35,"29C, Humid/Sunny",1.93,Low - mixed ornamental planting,8m to tree/shrub edge,15,"0.8m height, 45-deg downward",65,493,885,13.09,bee_crops/PSBB-CHN-002_video_08_track_65.jpg,BEE_EVENT_CHN_00554,0,New Unique Individual
PSBB-CHN-001_video_11.mp4,7/17/2026 16:18,"29C, Humid/Partly Cloudy",2.4,High - hibiscus,1m to bare soil,15,"0.8m height, 45-deg downward",29,2380,2529,5.01,bee_crops/PSBB-CHN-001_video_11_track_29.jpg,BEE_EVENT_CHN_00555,0,New Unique Individual
PSBB-CHN-004_video_12.mp4,8/12/2026 16:16,"29C, Humid/Partly Cloudy",0.82,Medium - mixed flowering ornamentals,2m to bare soil,15,"1.2m height, 50-deg downward",8,3955,4493,17.98,bee_crops/PSBB-CHN-004_video_12_track_8.jpg,BEE_EVENT_CHN_00556,0,New Unique Individual
PSBB-CHN-002_video_03.mp4,8/23/2026 17:08,"28C, Humid/Partly Cloudy",2.59,High - jasmine,8m to tree/shrub edge,15,"0.9m height, 40-deg downward",84,2126,2461,11.21,bee_crops/PSBB-CHN-002_video_03_track_84.jpg,BEE_EVENT_CHN_00556,0.508,Re-entry (P=51%)
PSBB-CHN-001_video_08.mp4,8/7/2026 16:16,"34C, Cloudy",1.02,Low - mixed ornamental planting,6m to leaf litter,15,"0.9m height, 40-deg downward",73,2915,3067,5.09,bee_crops/PSBB-CHN-001_video_08_track_73.jpg,BEE_EVENT_CHN_00557,0,New Unique Individual
PSBB-CHN-001_video_04.mp4,7/26/2026 7:35,"29C, Partly Cloudy",1.12,High - bougainvillea,8m to tree/shrub edge,15,"1.2m height, 50-deg downward",77,2370,2505,4.55,bee_crops/PSBB-CHN-001_video_04_track_77.jpg,BEE_EVENT_CHN_00558,0,New Unique Individual
PSBB-CHN-001_video_02.mp4,7/26/2026 8:32,"28C, Humid/Sunny",1.31,High - bougainvillea,6m to leaf litter,15,"0.8m height, 45-deg downward",27,4781,5856,35.87,bee_crops/PSBB-CHN-001_video_02_track_27.jpg,BEE_EVENT_CHN_00559,0.369,New Unique Individual
PSBB-CHN-001_video_08.mp4,7/10/2026 8:20,"31C, Partly Cloudy",3.48,High - hibiscus,6m to leaf litter,15,"1.0m height, 45-deg downward",51,2854,2941,2.94,bee_crops/PSBB-CHN-001_video_08_track_51.jpg,BEE_EVENT_CHN_00560,0,New Unique Individual
PSBB-CHN-002_video_07.mp4,7/16/2026 8:43,"35C, Partly Cloudy",1.49,High - hibiscus,3m to planted soil,15,"0.9m height, 40-deg downward",46,3683,3907,7.49,bee_crops/PSBB-CHN-002_video_07_track_46.jpg,BEE_EVENT_CHN_00561,0.422,New Unique Individual
PSBB-CHN-004_video_07.mp4,7/13/2026 16:32,"32C, Humid/Sunny",1.33,High - bougainvillea,8m to tree/shrub edge,15,"0.9m height, 40-deg downward",4,4691,4770,2.65,bee_crops/PSBB-CHN-004_video_07_track_4.jpg,BEE_EVENT_CHN_00562,0,New Unique Individual
PSBB-CHN-002_video_09.mp4,7/18/2026 7:40,"31C, Sunny",1.38,Medium - marigold,2m to bare soil,15,"1.2m height, 50-deg downward",81,1905,2066,5.4,bee_crops/PSBB-CHN-002_video_09_track_81.jpg,BEE_EVENT_CHN_00563,0,New Unique Individual
PSBB-CHN-005_video_01.mp4,8/16/2026 9:11,"33C, Sunny",1.91,Medium - marigold,4m to shrub border,15,"0.8m height, 45-deg downward",32,3848,4053,6.85,bee_crops/PSBB-CHN-005_video_01_track_32.jpg,BEE_EVENT_CHN_00564,0,New Unique Individual
PSBB-CHN-003_video_12.mp4,7/5/2026 9:19,"27C, Partly Cloudy",2.8,High - lantana,1m to bare soil,15,"1.2m height, 50-deg downward",11,2376,2696,10.71,bee_crops/PSBB-CHN-003_video_12_track_11.jpg,BEE_EVENT_CHN_00564,0.564,Re-entry (P=56%)
PSBB-CHN-002_video_06.mp4,8/23/2026 16:41,"29C, Partly Cloudy",1.23,Low - mixed ornamental planting,6m to leaf litter,15,"0.8m height, 45-deg downward",62,4439,4538,3.33,bee_crops/PSBB-CHN-002_video_06_track_62.jpg,BEE_EVENT_CHN_00565,0,New Unique Individual
PSBB-CHN-005_video_01.mp4,8/31/2026 8:12,"32C, Partly Cloudy",0.9,High - bougainvillea,2m to bare soil,15,"0.8m height, 45-deg downward",9,3390,3501,3.75,bee_crops/PSBB-CHN-005_video_01_track_9.jpg,BEE_EVENT_CHN_00566,0,New Unique Individual
PSBB-CHN-003_video_12.mp4,7/13/2026 10:09,"31C, Partly Cloudy",1.45,Medium - mixed flowering ornamentals,3m to planted soil,15,"0.8m height, 45-deg downward",24,1623,1682,2.01,bee_crops/PSBB-CHN-003_video_12_track_24.jpg,BEE_EVENT_CHN_00567,0,New Unique Individual
PSBB-CHN-002_video_10.mp4,7/7/2026 8:24,"31C, Sunny",0.87,Medium - mixed flowering ornamentals,2m to bare soil,15,"0.8m height, 45-deg downward",87,4393,4802,13.66,bee_crops/PSBB-CHN-002_video_10_track_87.jpg,BEE_EVENT_CHN_00567,0.507,Re-entry (P=51%)
PSBB-CHN-004_video_08.mp4,7/4/2026 10:25,"28C, Partly Cloudy",3.01,Medium - marigold,3m to planted soil,15,"0.9m height, 40-deg downward",23,295,419,4.18,bee_crops/PSBB-CHN-004_video_08_track_23.jpg,BEE_EVENT_CHN_00568,0,New Unique Individual
PSBB-CHN-002_video_07.mp4,8/21/2026 8:43,"30C, Partly Cloudy",1.33,High - lantana,1m to bare soil,15,"0.9m height, 40-deg downward",90,4445,4550,3.55,bee_crops/PSBB-CHN-002_video_07_track_90.jpg,BEE_EVENT_CHN_00569,0,New Unique Individual
PSBB-CHN-002_video_07.mp4,8/11/2026 8:22,"31C, Partly Cloudy",2.53,High - hibiscus,4m to shrub border,15,"1.0m height, 45-deg downward",45,93,360,8.92,bee_crops/PSBB-CHN-002_video_07_track_45.jpg,BEE_EVENT_CHN_00570,0,New Unique Individual
PSBB-CHN-005_video_07.mp4,8/7/2026 10:13,"35C, Partly Cloudy",3.02,Medium - tropical garden mix,1m to bare soil,15,"1.0m height, 45-deg downward",35,5179,5590,13.74,bee_crops/PSBB-CHN-005_video_07_track_35.jpg,BEE_EVENT_CHN_00571,0,New Unique Individual
PSBB-CHN-005_video_03.mp4,7/13/2026 17:00,"32C, Partly Cloudy",3.59,Medium - zinnia,3m to planted soil,15,"0.8m height, 45-deg downward",55,1883,2324,14.73,bee_crops/PSBB-CHN-005_video_03_track_55.jpg,BEE_EVENT_CHN_00571,0.517,Re-entry (P=52%)
PSBB-CHN-001_video_12.mp4,8/25/2026 9:45,"27C, Partly Cloudy",3.54,High - bougainvillea,4m to shrub border,15,"0.9m height, 40-deg downward",4,5324,5390,2.23,bee_crops/PSBB-CHN-001_video_12_track_4.jpg,BEE_EVENT_CHN_00572,0,New Unique Individual
PSBB-CHN-004_video_02.mp4,7/11/2026 7:46,"33C, Humid/Sunny",3.19,High - bougainvillea,6m to leaf litter,15,"1.2m height, 50-deg downward",81,3174,3334,5.38,bee_crops/PSBB-CHN-004_video_02_track_81.jpg,BEE_EVENT_CHN_00573,0.354,New Unique Individual
PSBB-CHN-003_video_06.mp4,7/4/2026 8:45,"32C, Sunny",0.72,High - bougainvillea,8m to tree/shrub edge,15,"1.0m height, 45-deg downward",40,1232,1488,8.57,bee_crops/PSBB-CHN-003_video_06_track_40.jpg,BEE_EVENT_CHN_00574,0,New Unique Individual
PSBB-CHN-001_video_10.mp4,8/26/2026 10:23,"34C, Partly Cloudy",0.75,Medium - marigold,8m to tree/shrub edge,15,"0.9m height, 40-deg downward",88,3979,4042,2.14,bee_crops/PSBB-CHN-001_video_10_track_88.jpg,BEE_EVENT_CHN_00575,0,New Unique Individual
PSBB-CHN-001_video_05.mp4,7/16/2026 17:33,"32C, Sunny",2.57,Medium - zinnia,3m to planted soil,15,"0.8m height, 45-deg downward",44,4021,4786,25.53,bee_crops/PSBB-CHN-001_video_05_track_44.jpg,BEE_EVENT_CHN_00576,0,New Unique Individual
PSBB-CHN-001_video_01.mp4,8/24/2026 7:50,"28C, Humid/Sunny",1.64,High - jasmine,3m to planted soil,15,"1.2m height, 50-deg downward",83,2871,2933,2.11,bee_crops/PSBB-CHN-001_video_01_track_83.jpg,BEE_EVENT_CHN_00577,0,New Unique Individual
PSBB-CHN-001_video_05.mp4,7/3/2026 16:47,"32C, Partly Cloudy",2.46,Medium - marigold,4m to shrub border,15,"1.0m height, 45-deg downward",7,3291,3581,9.7,bee_crops/PSBB-CHN-001_video_05_track_7.jpg,BEE_EVENT_CHN_00578,0,New Unique Individual
PSBB-CHN-001_video_11.mp4,8/25/2026 17:29,"31C, Humid/Sunny",0.79,High - jasmine,1m to bare soil,15,"0.8m height, 45-deg downward",88,5388,5749,12.06,bee_crops/PSBB-CHN-001_video_11_track_88.jpg,BEE_EVENT_CHN_00579,0,New Unique Individual
PSBB-CHN-002_video_10.mp4,8/18/2026 10:02,"27C, Partly Cloudy",1.66,High - hibiscus,1m to bare soil,15,"0.8m height, 45-deg downward",22,608,744,4.58,bee_crops/PSBB-CHN-002_video_10_track_22.jpg,BEE_EVENT_CHN_00580,0,New Unique Individual
PSBB-CHN-003_video_02.mp4,8/26/2026 17:20,"30C, Cloudy",2.75,Medium - marigold,2m to bare soil,15,"0.9m height, 40-deg downward",28,5014,5132,3.97,bee_crops/PSBB-CHN-003_video_02_track_28.jpg,BEE_EVENT_CHN_00581,0,New Unique Individual
PSBB-CHN-001_video_10.mp4,7/28/2026 15:15,"33C, Sunny",0.94,Low - mixed ornamental planting,1m to bare soil,15,"0.8m height, 45-deg downward",32,2061,2241,6.04,bee_crops/PSBB-CHN-001_video_10_track_32.jpg,BEE_EVENT_CHN_00582,0,New Unique Individual
PSBB-CHN-005_video_05.mp4,8/5/2026 16:45,"31C, Cloudy",2.45,High - hibiscus,2m to bare soil,15,"0.8m height, 45-deg downward",28,1106,1431,10.85,bee_crops/PSBB-CHN-005_video_05_track_28.jpg,BEE_EVENT_CHN_00583,0,New Unique Individual
PSBB-CHN-001_video_04.mp4,8/20/2026 7:10,"32C, Humid/Sunny",3.41,Low - mixed ornamental planting,8m to tree/shrub edge,15,"1.0m height, 45-deg downward",33,858,1053,6.52,bee_crops/PSBB-CHN-001_video_04_track_33.jpg,BEE_EVENT_CHN_00584,0,New Unique Individual
PSBB-CHN-002_video_10.mp4,8/14/2026 16:47,"31C, Partly Cloudy",0.79,High - bougainvillea,2m to bare soil,15,"0.9m height, 40-deg downward",72,1399,2058,21.99,bee_crops/PSBB-CHN-002_video_10_track_72.jpg,BEE_EVENT_CHN_00585,0,New Unique Individual
PSBB-CHN-004_video_06.mp4,7/28/2026 15:29,"34C, Sunny",3.07,High - lantana,1m to bare soil,15,"0.8m height, 45-deg downward",52,222,345,4.13,bee_crops/PSBB-CHN-004_video_06_track_52.jpg,BEE_EVENT_CHN_00586,0,New Unique Individual
PSBB-CHN-005_video_04.mp4,8/11/2026 15:30,"32C, Humid/Sunny",3.16,Medium - mixed flowering ornamentals,1m to bare soil,15,"0.8m height, 45-deg downward",52,3067,3218,5.06,bee_crops/PSBB-CHN-005_video_04_track_52.jpg,BEE_EVENT_CHN_00586,0.69,Re-entry (P=69%)
PSBB-CHN-004_video_07.mp4,8/9/2026 9:12,"28C, Cloudy",3.74,Medium - marigold,3m to planted soil,15,"0.8m height, 45-deg downward",21,91,322,7.74,bee_crops/PSBB-CHN-004_video_07_track_21.jpg,BEE_EVENT_CHN_00586,0.505,Re-entry (P=51%)
PSBB-CHN-001_video_08.mp4,7/23/2026 9:35,"34C, Cloudy",1.14,High - bougainvillea,6m to leaf litter,15,"0.9m height, 40-deg downward",86,656,788,4.44,bee_crops/PSBB-CHN-001_video_08_track_86.jpg,BEE_EVENT_CHN_00586,0.504,Re-entry (P=50%)
PSBB-CHN-003_video_09.mp4,7/21/2026 9:17,"34C, Sunny",1.91,Medium - tropical garden mix,6m to leaf litter,15,"1.0m height, 45-deg downward",44,1378,1695,10.61,bee_crops/PSBB-CHN-003_video_09_track_44.jpg,BEE_EVENT_CHN_00587,0.476,New Unique Individual
PSBB-CHN-004_video_07.mp4,7/9/2026 7:19,"29C, Sunny",1.83,High - bougainvillea,3m to planted soil,15,"0.8m height, 45-deg downward",87,3780,3976,6.57,bee_crops/PSBB-CHN-004_video_07_track_87.jpg,BEE_EVENT_CHN_00587,0.653,Re-entry (P=65%)
PSBB-CHN-001_video_05.mp4,8/11/2026 10:49,"35C, Sunny",2.37,High - ixora,1m to bare soil,15,"1.0m height, 45-deg downward",89,1305,1450,4.86,bee_crops/PSBB-CHN-001_video_05_track_89.jpg,BEE_EVENT_CHN_00588,0,New Unique Individual
PSBB-CHN-001_video_08.mp4,8/10/2026 10:39,"30C, Sunny",1.96,High - jasmine,1m to bare soil,15,"0.9m height, 40-deg downward",43,4276,4440,5.5,bee_crops/PSBB-CHN-001_video_08_track_43.jpg,BEE_EVENT_CHN_00588,0.758,Re-entry (P=76%)
PSBB-CHN-001_video_05.mp4,8/28/2026 16:17,"31C, Humid/Partly Cloudy",2.34,Medium - zinnia,4m to shrub border,15,"0.9m height, 40-deg downward",2,3215,3689,15.82,bee_crops/PSBB-CHN-001_video_05_track_2.jpg,BEE_EVENT_CHN_00589,0.457,New Unique Individual
PSBB-CHN-002_video_05.mp4,8/19/2026 7:08,"28C, Cloudy",3.15,Medium - marigold,3m to planted soil,15,"1.2m height, 50-deg downward",79,444,613,5.65,bee_crops/PSBB-CHN-002_video_05_track_79.jpg,BEE_EVENT_CHN_00589,0.536,Re-entry (P=54%)
PSBB-CHN-003_video_08.mp4,7/15/2026 15:44,"35C, Humid/Partly Cloudy",2.16,Medium - tropical garden mix,8m to tree/shrub edge,15,"0.8m height, 45-deg downward",90,3275,3497,7.44,bee_crops/PSBB-CHN-003_video_08_track_90.jpg,BEE_EVENT_CHN_00590,0,New Unique Individual
PSBB-CHN-003_video_04.mp4,7/6/2026 17:13,"34C, Partly Cloudy",2.58,Medium - tropical garden mix,6m to leaf litter,15,"0.9m height, 40-deg downward",65,2787,3370,19.48,bee_crops/PSBB-CHN-003_video_04_track_65.jpg,BEE_EVENT_CHN_00591,0,New Unique Individual
PSBB-CHN-003_video_03.mp4,7/25/2026 16:26,"33C, Partly Cloudy",1.2,Medium - zinnia,1m to bare soil,15,"0.8m height, 45-deg downward",18,2578,3111,17.81,bee_crops/PSBB-CHN-003_video_03_track_18.jpg,BEE_EVENT_CHN_00592,0,New Unique Individual
PSBB-CHN-002_video_03.mp4,7/4/2026 15:34,"29C, Humid/Sunny",0.83,Low - mixed ornamental planting,3m to planted soil,15,"0.9m height, 40-deg downward",89,5079,5263,6.18,bee_crops/PSBB-CHN-002_video_03_track_89.jpg,BEE_EVENT_CHN_00593,0,New Unique Individual
PSBB-CHN-005_video_02.mp4,7/30/2026 9:07,"31C, Humid/Partly Cloudy",1.81,Medium - zinnia,4m to shrub border,15,"1.0m height, 45-deg downward",90,4398,4601,6.8,bee_crops/PSBB-CHN-005_video_02_track_90.jpg,BEE_EVENT_CHN_00594,0,New Unique Individual
PSBB-CHN-005_video_11.mp4,8/27/2026 7:11,"30C, Humid/Partly Cloudy",2.4,Medium - marigold,2m to bare soil,15,"1.2m height, 50-deg downward",33,1513,1801,9.62,bee_crops/PSBB-CHN-005_video_11_track_33.jpg,BEE_EVENT_CHN_00595,0,New Unique Individual
PSBB-CHN-005_video_01.mp4,8/6/2026 7:35,"33C, Partly Cloudy",3.7,Medium - tropical garden mix,3m to planted soil,15,"0.9m height, 40-deg downward",85,1434,2141,23.6,bee_crops/PSBB-CHN-005_video_01_track_85.jpg,BEE_EVENT_CHN_00595,0.744,Re-entry (P=74%)
PSBB-CHN-004_video_06.mp4,8/3/2026 16:46,"31C, Cloudy",3.17,High - hibiscus,1m to bare soil,15,"0.8m height, 45-deg downward",42,2739,2875,4.58,bee_crops/PSBB-CHN-004_video_06_track_42.jpg,BEE_EVENT_CHN_00596,0,New Unique Individual
PSBB-CHN-002_video_06.mp4,8/3/2026 15:14,"31C, Humid/Partly Cloudy",0.85,Medium - tropical garden mix,3m to planted soil,15,"0.8m height, 45-deg downward",90,1838,2019,6.07,bee_crops/PSBB-CHN-002_video_06_track_90.jpg,BEE_EVENT_CHN_00597,0,New Unique Individual
PSBB-CHN-003_video_01.mp4,8/29/2026 10:01,"31C, Sunny",2.1,High - hibiscus,2m to bare soil,15,"1.0m height, 45-deg downward",1,3975,4514,17.99,bee_crops/PSBB-CHN-003_video_01_track_1.jpg,BEE_EVENT_CHN_00598,0.332,New Unique Individual
PSBB-CHN-003_video_10.mp4,8/30/2026 7:39,"30C, Partly Cloudy",1.99,High - lantana,1m to bare soil,15,"1.2m height, 50-deg downward",54,925,1293,12.3,bee_crops/PSBB-CHN-003_video_10_track_54.jpg,BEE_EVENT_CHN_00598,0.661,Re-entry (P=66%)
PSBB-CHN-004_video_11.mp4,8/8/2026 7:29,"35C, Humid/Partly Cloudy",2.94,Medium - mixed flowering ornamentals,2m to bare soil,15,"0.9m height, 40-deg downward",55,4311,4744,14.47,bee_crops/PSBB-CHN-004_video_11_track_55.jpg,BEE_EVENT_CHN_00599,0,New Unique Individual
PSBB-CHN-002_video_09.mp4,7/14/2026 9:32,"31C, Partly Cloudy",2.8,Medium - tropical garden mix,2m to bare soil,15,"1.0m height, 45-deg downward",70,676,841,5.52,bee_crops/PSBB-CHN-002_video_09_track_70.jpg,BEE_EVENT_CHN_00600,0,New Unique Individual
PSBB-CHN-001_video_03.mp4,7/29/2026 9:41,"32C, Humid/Partly Cloudy",1.75,High - jasmine,2m to bare soil,15,"1.2m height, 50-deg downward",8,3504,3829,10.86,bee_crops/PSBB-CHN-001_video_03_track_8.jpg,BEE_EVENT_CHN_00601,0,New Unique Individual
PSBB-CHN-003_video_09.mp4,7/6/2026 7:01,"31C, Sunny",2.83,Medium - tropical garden mix,8m to tree/shrub edge,15,"1.2m height, 50-deg downward",66,1607,2123,17.22,bee_crops/PSBB-CHN-003_video_09_track_66.jpg,BEE_EVENT_CHN_00602,0,New Unique Individual
PSBB-CHN-003_video_09.mp4,7/4/2026 17:14,"28C, Humid/Sunny",3.74,Medium - mixed flowering ornamentals,2m to bare soil,15,"0.8m height, 45-deg downward",39,4914,5083,5.67,bee_crops/PSBB-CHN-003_video_09_track_39.jpg,BEE_EVENT_CHN_00603,0,New Unique Individual
PSBB-CHN-003_video_10.mp4,7/4/2026 15:50,"29C, Sunny",0.72,High - jasmine,3m to planted soil,15,"1.0m height, 45-deg downward",74,3779,3959,6.03,bee_crops/PSBB-CHN-003_video_10_track_74.jpg,BEE_EVENT_CHN_00604,0,New Unique Individual
PSBB-CHN-001_video_07.mp4,8/11/2026 15:42,"35C, Cloudy",2.27,Medium - mixed flowering ornamentals,4m to shrub border,15,"0.9m height, 40-deg downward",24,975,1255,9.36,bee_crops/PSBB-CHN-001_video_07_track_24.jpg,BEE_EVENT_CHN_00604,0.605,Re-entry (P=60%)
PSBB-CHN-002_video_05.mp4,7/12/2026 17:21,"28C, Partly Cloudy",2.01,High - ixora,6m to leaf litter,15,"0.9m height, 40-deg downward",32,4569,4841,9.09,bee_crops/PSBB-CHN-002_video_05_track_32.jpg,BEE_EVENT_CHN_00605,0,New Unique Individual
PSBB-CHN-001_video_10.mp4,7/17/2026 7:06,"33C, Humid/Sunny",2.35,Medium - tropical garden mix,1m to bare soil,15,"1.2m height, 50-deg downward",53,3357,3463,3.57,bee_crops/PSBB-CHN-001_video_10_track_53.jpg,BEE_EVENT_CHN_00606,0,New Unique Individual
PSBB-CHN-002_video_05.mp4,8/9/2026 7:11,"28C, Sunny",2.37,Low - mixed ornamental planting,8m to tree/shrub edge,15,"0.8m height, 45-deg downward",73,1695,2291,19.91,bee_crops/PSBB-CHN-002_video_05_track_73.jpg,BEE_EVENT_CHN_00607,0,New Unique Individual
PSBB-CHN-002_video_12.mp4,7/17/2026 9:44,"31C, Humid/Sunny",0.75,Medium - mixed flowering ornamentals,3m to planted soil,15,"1.2m height, 50-deg downward",80,1890,2035,4.88,bee_crops/PSBB-CHN-002_video_12_track_80.jpg,BEE_EVENT_CHN_00607,0.81,Re-entry (P=81%)
PSBB-CHN-002_video_01.mp4,8/12/2026 16:11,"34C, Partly Cloudy",0.89,Medium - tropical garden mix,1m to bare soil,15,"1.0m height, 45-deg downward",64,1709,1948,8,bee_crops/PSBB-CHN-002_video_01_track_64.jpg,BEE_EVENT_CHN_00608,0,New Unique Individual
PSBB-CHN-002_video_09.mp4,7/8/2026 10:11,"31C, Humid/Sunny",2.47,High - jasmine,3m to planted soil,15,"1.0m height, 45-deg downward",14,3938,4211,9.13,bee_crops/PSBB-CHN-002_video_09_track_14.jpg,BEE_EVENT_CHN_00609,0,New Unique Individual
PSBB-CHN-005_video_01.mp4,8/13/2026 16:50,"30C, Cloudy",3.79,Medium - marigold,4m to shrub border,15,"1.0m height, 45-deg downward",65,4529,4629,3.38,bee_crops/PSBB-CHN-005_video_01_track_65.jpg,BEE_EVENT_CHN_00609,0.747,Re-entry (P=75%)
PSBB-CHN-005_video_09.mp4,8/21/2026 10:27,"32C, Sunny",1.88,High - bougainvillea,2m to bare soil,15,"0.8m height, 45-deg downward",29,5209,5346,4.61,bee_crops/PSBB-CHN-005_video_09_track_29.jpg,BEE_EVENT_CHN_00610,0,New Unique Individual
PSBB-CHN-004_video_03.mp4,8/2/2026 17:30,"34C, Cloudy",3.05,Medium - mixed flowering ornamentals,6m to leaf litter,15,"1.2m height, 50-deg downward",63,3454,3515,2.08,bee_crops/PSBB-CHN-004_video_03_track_63.jpg,BEE_EVENT_CHN_00611,0,New Unique Individual
PSBB-CHN-003_video_12.mp4,8/2/2026 7:47,"32C, Humid/Sunny",3.03,Medium - marigold,1m to bare soil,15,"0.8m height, 45-deg downward",69,4372,4544,5.78,bee_crops/PSBB-CHN-003_video_12_track_69.jpg,BEE_EVENT_CHN_00611,0.691,Re-entry (P=69%)
PSBB-CHN-004_video_04.mp4,8/30/2026 15:07,"28C, Cloudy",3.32,High - lantana,3m to planted soil,15,"0.8m height, 45-deg downward",46,3137,3267,4.36,bee_crops/PSBB-CHN-004_video_04_track_46.jpg,BEE_EVENT_CHN_00612,0,New Unique Individual
PSBB-CHN-002_video_06.mp4,8/20/2026 10:17,"31C, Humid/Partly Cloudy",2.76,Medium - mixed flowering ornamentals,1m to bare soil,15,"1.0m height, 45-deg downward",8,3928,4037,3.66,bee_crops/PSBB-CHN-002_video_06_track_8.jpg,BEE_EVENT_CHN_00613,0.49,New Unique Individual
PSBB-CHN-001_video_10.mp4,7/16/2026 9:25,"29C, Humid/Partly Cloudy",1.81,High - lantana,2m to bare soil,15,"1.0m height, 45-deg downward",27,856,1009,5.12,bee_crops/PSBB-CHN-001_video_10_track_27.jpg,BEE_EVENT_CHN_00613,0.602,Re-entry (P=60%)
PSBB-CHN-001_video_05.mp4,7/12/2026 7:05,"27C, Cloudy",3.74,High - bougainvillea,8m to tree/shrub edge,15,"1.0m height, 45-deg downward",50,1881,2153,9.1,bee_crops/PSBB-CHN-001_video_05_track_50.jpg,BEE_EVENT_CHN_00614,0,New Unique Individual
PSBB-CHN-001_video_06.mp4,8/19/2026 16:46,"33C, Partly Cloudy",1.97,High - ixora,8m to tree/shrub edge,15,"1.0m height, 45-deg downward",89,4329,4606,9.27,bee_crops/PSBB-CHN-001_video_06_track_89.jpg,BEE_EVENT_CHN_00615,0,New Unique Individual
PSBB-CHN-004_video_10.mp4,8/31/2026 15:39,"31C, Cloudy",1.27,Medium - zinnia,6m to leaf litter,15,"0.8m height, 45-deg downward",68,4599,4723,4.15,bee_crops/PSBB-CHN-004_video_10_track_68.jpg,BEE_EVENT_CHN_00615,0.779,Re-entry (P=78%)
PSBB-CHN-002_video_09.mp4,7/29/2026 17:02,"32C, Humid/Sunny",0.78,Medium - mixed flowering ornamentals,2m to bare soil,15,"1.0m height, 45-deg downward",28,2718,2887,5.66,bee_crops/PSBB-CHN-002_video_09_track_28.jpg,BEE_EVENT_CHN_00616,0,New Unique Individual
PSBB-CHN-002_video_12.mp4,7/20/2026 15:35,"27C, Sunny",0.91,High - bougainvillea,4m to shrub border,15,"0.9m height, 40-deg downward",70,4800,4967,5.59,bee_crops/PSBB-CHN-002_video_12_track_70.jpg,BEE_EVENT_CHN_00617,0,New Unique Individual
PSBB-CHN-003_video_10.mp4,8/28/2026 17:49,"32C, Humid/Sunny",1.82,Medium - tropical garden mix,4m to shrub border,15,"0.8m height, 45-deg downward",66,597,894,9.92,bee_crops/PSBB-CHN-003_video_10_track_66.jpg,BEE_EVENT_CHN_00618,0,New Unique Individual
PSBB-CHN-003_video_02.mp4,7/26/2026 16:49,"28C, Humid/Sunny",3.08,High - lantana,4m to shrub border,15,"1.2m height, 50-deg downward",44,444,589,4.86,bee_crops/PSBB-CHN-003_video_02_track_44.jpg,BEE_EVENT_CHN_00619,0.456,New Unique Individual
PSBB-CHN-004_video_09.mp4,7/14/2026 16:17,"30C, Sunny",3.09,Medium - zinnia,1m to bare soil,15,"0.8m height, 45-deg downward",45,2160,2992,27.77,bee_crops/PSBB-CHN-004_video_09_track_45.jpg,BEE_EVENT_CHN_00619,0.549,Re-entry (P=55%)
PSBB-CHN-004_video_03.mp4,8/4/2026 10:13,"34C, Humid/Partly Cloudy",1.2,Low - mixed ornamental planting,4m to shrub border,15,"0.9m height, 40-deg downward",47,4945,5201,8.56,bee_crops/PSBB-CHN-004_video_03_track_47.jpg,BEE_EVENT_CHN_00620,0,New Unique Individual
PSBB-CHN-004_video_07.mp4,8/7/2026 17:07,"30C, Cloudy",1.6,High - lantana,3m to planted soil,15,"0.8m height, 45-deg downward",22,1485,2061,19.23,bee_crops/PSBB-CHN-004_video_07_track_22.jpg,BEE_EVENT_CHN_00621,0,New Unique Individual
PSBB-CHN-004_video_03.mp4,7/5/2026 10:03,"33C, Partly Cloudy",2.11,High - ixora,6m to leaf litter,15,"0.9m height, 40-deg downward",69,447,674,7.6,bee_crops/PSBB-CHN-004_video_03_track_69.jpg,BEE_EVENT_CHN_00622,0,New Unique Individual
PSBB-CHN-004_video_10.mp4,7/23/2026 7:14,"27C, Cloudy",2.13,High - bougainvillea,8m to tree/shrub edge,15,"0.9m height, 40-deg downward",6,4268,4718,15.04,bee_crops/PSBB-CHN-004_video_10_track_6.jpg,BEE_EVENT_CHN_00623,0,New Unique Individual
PSBB-CHN-001_video_12.mp4,8/4/2026 8:46,"30C, Partly Cloudy",2.55,High - lantana,6m to leaf litter,15,"0.9m height, 40-deg downward",41,614,805,6.39,bee_crops/PSBB-CHN-001_video_12_track_41.jpg,BEE_EVENT_CHN_00623,0.752,Re-entry (P=75%)
PSBB-CHN-005_video_11.mp4,8/1/2026 15:45,"30C, Sunny",2.77,Medium - tropical garden mix,6m to leaf litter,15,"1.2m height, 50-deg downward",60,4479,5459,32.7,bee_crops/PSBB-CHN-005_video_11_track_60.jpg,BEE_EVENT_CHN_00624,0.451,New Unique Individual
PSBB-CHN-004_video_04.mp4,7/19/2026 15:21,"27C, Humid/Sunny",0.79,Medium - tropical garden mix,2m to bare soil,15,"0.8m height, 45-deg downward",22,2109,2439,11.02,bee_crops/PSBB-CHN-004_video_04_track_22.jpg,BEE_EVENT_CHN_00625,0,New Unique Individual
PSBB-CHN-005_video_08.mp4,7/15/2026 9:15,"30C, Partly Cloudy",2.84,High - ixora,2m to bare soil,15,"1.0m height, 45-deg downward",22,4552,4792,8.03,bee_crops/PSBB-CHN-005_video_08_track_22.jpg,BEE_EVENT_CHN_00626,0,New Unique Individual
PSBB-CHN-005_video_09.mp4,7/16/2026 9:24,"34C, Sunny",3.36,High - ixora,6m to leaf litter,15,"0.8m height, 45-deg downward",87,2681,3023,11.43,bee_crops/PSBB-CHN-005_video_09_track_87.jpg,BEE_EVENT_CHN_00627,0,New Unique Individual
PSBB-CHN-001_video_07.mp4,7/3/2026 15:38,"29C, Partly Cloudy",1.99,High - ixora,1m to bare soil,15,"0.9m height, 40-deg downward",59,5321,5486,5.55,bee_crops/PSBB-CHN-001_video_07_track_59.jpg,BEE_EVENT_CHN_00628,0,New Unique Individual
PSBB-CHN-002_video_10.mp4,7/12/2026 7:42,"27C, Partly Cloudy",1.17,Medium - mixed flowering ornamentals,1m to bare soil,15,"1.0m height, 45-deg downward",3,5160,5362,6.76,bee_crops/PSBB-CHN-002_video_10_track_3.jpg,BEE_EVENT_CHN_00629,0,New Unique Individual
PSBB-CHN-004_video_06.mp4,7/8/2026 10:39,"33C, Partly Cloudy",2.76,High - hibiscus,3m to planted soil,15,"1.2m height, 50-deg downward",23,4007,4238,7.75,bee_crops/PSBB-CHN-004_video_06_track_23.jpg,BEE_EVENT_CHN_00630,0,New Unique Individual
PSBB-CHN-004_video_01.mp4,7/30/2026 8:07,"33C, Humid/Partly Cloudy",1.75,High - hibiscus,2m to bare soil,15,"0.9m height, 40-deg downward",69,684,1007,10.8,bee_crops/PSBB-CHN-004_video_01_track_69.jpg,BEE_EVENT_CHN_00631,0,New Unique Individual
PSBB-CHN-005_video_12.mp4,8/18/2026 9:06,"30C, Sunny",1.82,High - bougainvillea,1m to bare soil,15,"0.9m height, 40-deg downward",5,1243,1576,11.13,bee_crops/PSBB-CHN-005_video_12_track_5.jpg,BEE_EVENT_CHN_00632,0,New Unique Individual
PSBB-CHN-001_video_08.mp4,7/14/2026 17:13,"27C, Partly Cloudy",1.15,High - ixora,3m to planted soil,15,"1.2m height, 50-deg downward",58,2974,3384,13.69,bee_crops/PSBB-CHN-001_video_08_track_58.jpg,BEE_EVENT_CHN_00633,0,New Unique Individual
PSBB-CHN-001_video_02.mp4,8/14/2026 9:25,"27C, Sunny",3.59,High - lantana,8m to tree/shrub edge,15,"1.0m height, 45-deg downward",14,984,1336,11.78,bee_crops/PSBB-CHN-001_video_02_track_14.jpg,BEE_EVENT_CHN_00634,0,New Unique Individual
PSBB-CHN-004_video_03.mp4,8/23/2026 8:18,"29C, Partly Cloudy",1.76,High - ixora,2m to bare soil,15,"0.9m height, 40-deg downward",72,2044,2401,11.94,bee_crops/PSBB-CHN-004_video_03_track_72.jpg,BEE_EVENT_CHN_00635,0.38,New Unique Individual
PSBB-CHN-002_video_03.mp4,8/31/2026 17:13,"35C, Cloudy",0.86,Medium - mixed flowering ornamentals,3m to planted soil,15,"0.9m height, 40-deg downward",44,5132,5519,12.95,bee_crops/PSBB-CHN-002_video_03_track_44.jpg,BEE_EVENT_CHN_00635,0.538,Re-entry (P=54%)
PSBB-CHN-002_video_06.mp4,8/6/2026 9:32,"35C, Humid/Partly Cloudy",1.75,Medium - zinnia,4m to shrub border,15,"0.9m height, 40-deg downward",31,4038,4596,18.64,bee_crops/PSBB-CHN-002_video_06_track_31.jpg,BEE_EVENT_CHN_00636,0,New Unique Individual
PSBB-CHN-003_video_05.mp4,7/29/2026 8:05,"27C, Humid/Partly Cloudy",0.78,High - jasmine,1m to bare soil,15,"1.0m height, 45-deg downward",33,4536,4642,3.58,bee_crops/PSBB-CHN-003_video_05_track_33.jpg,BEE_EVENT_CHN_00637,0,New Unique Individual
PSBB-CHN-005_video_04.mp4,8/17/2026 10:12,"34C, Humid/Partly Cloudy",3.32,Low - mixed ornamental planting,6m to leaf litter,15,"0.8m height, 45-deg downward",45,5261,5554,9.8,bee_crops/PSBB-CHN-005_video_04_track_45.jpg,BEE_EVENT_CHN_00638,0,New Unique Individual
PSBB-CHN-005_video_07.mp4,8/27/2026 15:39,"33C, Humid/Partly Cloudy",2.59,High - ixora,6m to leaf litter,15,"1.2m height, 50-deg downward",87,966,1273,10.26,bee_crops/PSBB-CHN-005_video_07_track_87.jpg,BEE_EVENT_CHN_00639,0,New Unique Individual
PSBB-CHN-002_video_02.mp4,7/4/2026 10:38,"28C, Partly Cloudy",0.97,High - hibiscus,1m to bare soil,15,"0.8m height, 45-deg downward",60,2658,2878,7.38,bee_crops/PSBB-CHN-002_video_02_track_60.jpg,BEE_EVENT_CHN_00640,0,New Unique Individual
PSBB-CHN-003_video_09.mp4,7/4/2026 17:20,"34C, Humid/Partly Cloudy",2.2,Low - mixed ornamental planting,4m to shrub border,15,"1.0m height, 45-deg downward",68,2368,3184,27.24,bee_crops/PSBB-CHN-003_video_09_track_68.jpg,BEE_EVENT_CHN_00641,0,New Unique Individual
PSBB-CHN-005_video_09.mp4,8/20/2026 7:40,"35C, Cloudy",1,High - bougainvillea,2m to bare soil,15,"1.0m height, 45-deg downward",77,3376,3593,7.25,bee_crops/PSBB-CHN-005_video_09_track_77.jpg,BEE_EVENT_CHN_00642,0,New Unique Individual
PSBB-CHN-002_video_11.mp4,8/12/2026 9:21,"34C, Humid/Partly Cloudy",3.41,High - jasmine,2m to bare soil,15,"1.2m height, 50-deg downward",88,1538,1784,8.24,bee_crops/PSBB-CHN-002_video_11_track_88.jpg,BEE_EVENT_CHN_00643,0,New Unique Individual
PSBB-CHN-002_video_12.mp4,7/31/2026 17:22,"32C, Humid/Partly Cloudy",3.53,High - bougainvillea,3m to planted soil,15,"1.2m height, 50-deg downward",39,4390,4439,1.66,bee_crops/PSBB-CHN-002_video_12_track_39.jpg,BEE_EVENT_CHN_00644,0,New Unique Individual
PSBB-CHN-002_video_07.mp4,7/31/2026 16:19,"34C, Cloudy",2.39,Medium - mixed flowering ornamentals,8m to tree/shrub edge,15,"1.0m height, 45-deg downward",67,2856,3322,15.56,bee_crops/PSBB-CHN-002_video_07_track_67.jpg,BEE_EVENT_CHN_00645,0,New Unique Individual
PSBB-CHN-002_video_06.mp4,8/20/2026 17:19,"31C, Sunny",3.56,Medium - tropical garden mix,1m to bare soil,15,"1.0m height, 45-deg downward",9,4521,4710,6.32,bee_crops/PSBB-CHN-002_video_06_track_9.jpg,BEE_EVENT_CHN_00646,0,New Unique Individual
PSBB-CHN-003_video_07.mp4,8/24/2026 15:31,"30C, Partly Cloudy",1.87,High - ixora,6m to leaf litter,15,"0.9m height, 40-deg downward",75,1829,2058,7.65,bee_crops/PSBB-CHN-003_video_07_track_75.jpg,BEE_EVENT_CHN_00647,0.444,New Unique Individual
PSBB-CHN-001_video_01.mp4,7/15/2026 16:26,"29C, Cloudy",0.97,High - hibiscus,8m to tree/shrub edge,15,"0.9m height, 40-deg downward",61,1585,1636,1.72,bee_crops/PSBB-CHN-001_video_01_track_61.jpg,BEE_EVENT_CHN_00647,0.62,Re-entry (P=62%)
PSBB-CHN-003_video_02.mp4,7/15/2026 15:02,"27C, Cloudy",2.84,High - ixora,4m to shrub border,15,"1.0m height, 45-deg downward",78,1703,1884,6.05,bee_crops/PSBB-CHN-003_video_02_track_78.jpg,BEE_EVENT_CHN_00648,0,New Unique Individual
PSBB-CHN-001_video_02.mp4,8/8/2026 17:48,"29C, Humid/Sunny",2.79,High - jasmine,6m to leaf litter,15,"0.9m height, 40-deg downward",49,5118,5271,5.15,bee_crops/PSBB-CHN-001_video_02_track_49.jpg,BEE_EVENT_CHN_00649,0,New Unique Individual
PSBB-CHN-002_video_05.mp4,8/18/2026 16:20,"30C, Cloudy",0.73,Low - mixed ornamental planting,2m to bare soil,15,"0.9m height, 40-deg downward",87,3619,3961,11.44,bee_crops/PSBB-CHN-002_video_05_track_87.jpg,BEE_EVENT_CHN_00650,0,New Unique Individual
PSBB-CHN-004_video_11.mp4,7/17/2026 16:49,"31C, Partly Cloudy",3.31,High - bougainvillea,3m to planted soil,15,"1.0m height, 45-deg downward",18,1941,2071,4.38,bee_crops/PSBB-CHN-004_video_11_track_18.jpg,BEE_EVENT_CHN_00651,0,New Unique Individual
PSBB-CHN-002_video_09.mp4,8/5/2026 17:07,"35C, Sunny",1.33,Medium - mixed flowering ornamentals,1m to bare soil,15,"1.0m height, 45-deg downward",27,5047,5290,8.13,bee_crops/PSBB-CHN-002_video_09_track_27.jpg,BEE_EVENT_CHN_00652,0,New Unique Individual
PSBB-CHN-005_video_09.mp4,8/12/2026 17:33,"32C, Cloudy",0.93,Medium - mixed flowering ornamentals,8m to tree/shrub edge,15,"0.8m height, 45-deg downward",68,3549,3766,7.27,bee_crops/PSBB-CHN-005_video_09_track_68.jpg,BEE_EVENT_CHN_00653,0,New Unique Individual
PSBB-CHN-005_video_01.mp4,8/7/2026 8:25,"28C, Partly Cloudy",1.4,Low - mixed ornamental planting,8m to tree/shrub edge,15,"1.0m height, 45-deg downward",41,547,694,4.93,bee_crops/PSBB-CHN-005_video_01_track_41.jpg,BEE_EVENT_CHN_00654,0,New Unique Individual
PSBB-CHN-004_video_03.mp4,8/2/2026 16:22,"27C, Cloudy",0.8,Medium - tropical garden mix,8m to tree/shrub edge,15,"0.9m height, 40-deg downward",88,420,753,11.13,bee_crops/PSBB-CHN-004_video_03_track_88.jpg,BEE_EVENT_CHN_00655,0,New Unique Individual
PSBB-CHN-003_video_04.mp4,7/30/2026 15:22,"33C, Humid/Partly Cloudy",1.29,Low - mixed ornamental planting,6m to leaf litter,15,"1.2m height, 50-deg downward",68,3169,3260,3.06,bee_crops/PSBB-CHN-003_video_04_track_68.jpg,BEE_EVENT_CHN_00656,0,New Unique Individual
PSBB-CHN-005_video_07.mp4,7/25/2026 9:44,"29C, Cloudy",2.45,Medium - tropical garden mix,4m to shrub border,15,"1.2m height, 50-deg downward",51,5074,5326,8.44,bee_crops/PSBB-CHN-005_video_07_track_51.jpg,BEE_EVENT_CHN_00657,0,New Unique Individual
PSBB-CHN-004_video_11.mp4,7/3/2026 16:04,"27C, Humid/Sunny",1.57,Medium - marigold,4m to shrub border,15,"1.2m height, 50-deg downward",4,2248,2414,5.56,bee_crops/PSBB-CHN-004_video_11_track_4.jpg,BEE_EVENT_CHN_00658,0,New Unique Individual
PSBB-CHN-002_video_10.mp4,8/15/2026 10:32,"34C, Humid/Sunny",2.95,High - hibiscus,8m to tree/shrub edge,15,"0.9m height, 40-deg downward",88,2800,3102,10.1,bee_crops/PSBB-CHN-002_video_10_track_88.jpg,BEE_EVENT_CHN_00659,0,New Unique Individual
PSBB-CHN-001_video_09.mp4,8/9/2026 17:01,"34C, Humid/Sunny",2.23,High - ixora,3m to planted soil,15,"0.8m height, 45-deg downward",27,4499,4689,6.36,bee_crops/PSBB-CHN-001_video_09_track_27.jpg,BEE_EVENT_CHN_00659,0.518,Re-entry (P=52%)
PSBB-CHN-005_video_03.mp4,7/4/2026 8:08,"28C, Humid/Partly Cloudy",2.28,Medium - tropical garden mix,2m to bare soil,15,"1.0m height, 45-deg downward",21,2626,2952,10.89,bee_crops/PSBB-CHN-005_video_03_track_21.jpg,BEE_EVENT_CHN_00659,0.523,Re-entry (P=52%)
PSBB-CHN-001_video_05.mp4,8/17/2026 17:25,"30C, Humid/Sunny",2.24,High - ixora,8m to tree/shrub edge,15,"1.2m height, 50-deg downward",39,4551,4996,14.85,bee_crops/PSBB-CHN-001_video_05_track_39.jpg,BEE_EVENT_CHN_00660,0,New Unique Individual
PSBB-CHN-005_video_03.mp4,8/9/2026 10:24,"31C, Partly Cloudy",2.11,Low - mixed ornamental planting,2m to bare soil,15,"1.2m height, 50-deg downward",64,3770,4566,26.56,bee_crops/PSBB-CHN-005_video_03_track_64.jpg,BEE_EVENT_CHN_00661,0.452,New Unique Individual
PSBB-CHN-001_video_05.mp4,8/23/2026 9:36,"27C, Humid/Partly Cloudy",1.97,Medium - mixed flowering ornamentals,6m to leaf litter,15,"1.2m height, 50-deg downward",17,5195,5259,2.17,bee_crops/PSBB-CHN-001_video_05_track_17.jpg,BEE_EVENT_CHN_00662,0,New Unique Individual
PSBB-CHN-005_video_05.mp4,7/31/2026 8:20,"33C, Cloudy",2.61,High - ixora,1m to bare soil,15,"0.9m height, 40-deg downward",31,2185,2479,9.84,bee_crops/PSBB-CHN-005_video_05_track_31.jpg,BEE_EVENT_CHN_00663,0,New Unique Individual
PSBB-CHN-003_video_03.mp4,8/10/2026 7:05,"29C, Cloudy",2.05,Medium - zinnia,8m to tree/shrub edge,15,"0.8m height, 45-deg downward",76,1892,2261,12.32,bee_crops/PSBB-CHN-003_video_03_track_76.jpg,BEE_EVENT_CHN_00664,0,New Unique Individual
PSBB-CHN-001_video_06.mp4,7/31/2026 9:05,"31C, Humid/Sunny",1.6,Low - mixed ornamental planting,2m to bare soil,15,"1.0m height, 45-deg downward",34,3535,3684,5.01,bee_crops/PSBB-CHN-001_video_06_track_34.jpg,BEE_EVENT_CHN_00664,0.555,Re-entry (P=56%)
PSBB-CHN-004_video_02.mp4,8/23/2026 16:00,"33C, Humid/Sunny",1.84,High - bougainvillea,2m to bare soil,15,"0.9m height, 40-deg downward",72,384,612,7.62,bee_crops/PSBB-CHN-004_video_02_track_72.jpg,BEE_EVENT_CHN_00665,0.354,New Unique Individual
PSBB-CHN-002_video_04.mp4,7/6/2026 16:26,"28C, Cloudy",3.38,High - lantana,2m to bare soil,15,"1.0m height, 45-deg downward",46,4810,4904,3.16,bee_crops/PSBB-CHN-002_video_04_track_46.jpg,BEE_EVENT_CHN_00666,0,New Unique Individual
PSBB-CHN-005_video_02.mp4,8/5/2026 9:16,"29C, Humid/Sunny",2.7,High - hibiscus,6m to leaf litter,15,"1.2m height, 50-deg downward",26,46,223,5.92,bee_crops/PSBB-CHN-005_video_02_track_26.jpg,BEE_EVENT_CHN_00666,0.614,Re-entry (P=61%)
PSBB-CHN-003_video_10.mp4,7/27/2026 17:06,"33C, Humid/Sunny",2.14,High - lantana,2m to bare soil,15,"0.8m height, 45-deg downward",18,1569,1981,13.76,bee_crops/PSBB-CHN-003_video_10_track_18.jpg,BEE_EVENT_CHN_00667,0,New Unique Individual
PSBB-CHN-004_video_03.mp4,7/27/2026 17:13,"35C, Humid/Partly Cloudy",2.03,Medium - mixed flowering ornamentals,3m to planted soil,15,"0.9m height, 40-deg downward",17,5157,5224,2.27,bee_crops/PSBB-CHN-004_video_03_track_17.jpg,BEE_EVENT_CHN_00668,0,New Unique Individual
PSBB-CHN-005_video_12.mp4,7/25/2026 10:23,"33C, Humid/Sunny",3.7,High - lantana,8m to tree/shrub edge,15,"0.8m height, 45-deg downward",74,1597,2012,13.86,bee_crops/PSBB-CHN-005_video_12_track_74.jpg,BEE_EVENT_CHN_00669,0,New Unique Individual
PSBB-CHN-001_video_05.mp4,7/27/2026 8:26,"27C, Sunny",2.16,Low - mixed ornamental planting,8m to tree/shrub edge,15,"1.0m height, 45-deg downward",80,4986,5202,7.24,bee_crops/PSBB-CHN-001_video_05_track_80.jpg,BEE_EVENT_CHN_00670,0,New Unique Individual
PSBB-CHN-005_video_06.mp4,8/10/2026 15:07,"31C, Partly Cloudy",2.91,Low - mixed ornamental planting,4m to shrub border,15,"1.2m height, 50-deg downward",41,3702,3866,5.51,bee_crops/PSBB-CHN-005_video_06_track_41.jpg,BEE_EVENT_CHN_00671,0,New Unique Individual
PSBB-CHN-002_video_10.mp4,8/28/2026 17:30,"28C, Humid/Sunny",3.23,High - jasmine,2m to bare soil,15,"0.9m height, 40-deg downward",61,1145,1296,5.05,bee_crops/PSBB-CHN-002_video_10_track_61.jpg,BEE_EVENT_CHN_00672,0,New Unique Individual
PSBB-CHN-002_video_12.mp4,8/9/2026 16:42,"28C, Sunny",2.42,Medium - zinnia,3m to planted soil,15,"0.8m height, 45-deg downward",69,3222,3378,5.22,bee_crops/PSBB-CHN-002_video_12_track_69.jpg,BEE_EVENT_CHN_00673,0.423,New Unique Individual
PSBB-CHN-002_video_03.mp4,7/8/2026 10:12,"27C, Humid/Partly Cloudy",2.73,High - ixora,1m to bare soil,15,"1.2m height, 50-deg downward",52,3245,3353,3.64,bee_crops/PSBB-CHN-002_video_03_track_52.jpg,BEE_EVENT_CHN_00674,0,New Unique Individual
PSBB-CHN-003_video_06.mp4,8/13/2026 9:20,"27C, Partly Cloudy",0.71,Medium - tropical garden mix,2m to bare soil,15,"1.2m height, 50-deg downward",39,856,1247,13.07,bee_crops/PSBB-CHN-003_video_06_track_39.jpg,BEE_EVENT_CHN_00675,0,New Unique Individual
PSBB-CHN-005_video_10.mp4,7/1/2026 10:05,"27C, Humid/Partly Cloudy",1.39,High - lantana,1m to bare soil,15,"1.2m height, 50-deg downward",65,4634,5284,21.69,bee_crops/PSBB-CHN-005_video_10_track_65.jpg,BEE_EVENT_CHN_00675,0.721,Re-entry (P=72%)
PSBB-CHN-001_video_04.mp4,8/17/2026 16:19,"31C, Sunny",3.21,High - bougainvillea,2m to bare soil,15,"0.9m height, 40-deg downward",62,4016,4368,11.77,bee_crops/PSBB-CHN-001_video_04_track_62.jpg,BEE_EVENT_CHN_00676,0,New Unique Individual
PSBB-CHN-004_video_11.mp4,7/19/2026 8:16,"35C, Cloudy",1.91,High - lantana,4m to shrub border,15,"1.0m height, 45-deg downward",55,1349,1633,9.5,bee_crops/PSBB-CHN-004_video_11_track_55.jpg,BEE_EVENT_CHN_00676,0.502,Re-entry (P=50%)
PSBB-CHN-003_video_06.mp4,7/20/2026 17:34,"32C, Partly Cloudy",2.32,Medium - mixed flowering ornamentals,3m to planted soil,15,"1.2m height, 50-deg downward",55,2651,2743,3.11,bee_crops/PSBB-CHN-003_video_06_track_55.jpg,BEE_EVENT_CHN_00676,0.689,Re-entry (P=69%)
PSBB-CHN-003_video_01.mp4,7/25/2026 9:39,"29C, Humid/Partly Cloudy",1.32,High - lantana,1m to bare soil,15,"1.2m height, 50-deg downward",16,2918,3062,4.82,bee_crops/PSBB-CHN-003_video_01_track_16.jpg,BEE_EVENT_CHN_00677,0,New Unique Individual
PSBB-CHN-004_video_10.mp4,7/27/2026 10:03,"31C, Cloudy",2.23,High - bougainvillea,2m to bare soil,15,"1.2m height, 50-deg downward",64,347,606,8.68,bee_crops/PSBB-CHN-004_video_10_track_64.jpg,BEE_EVENT_CHN_00678,0,New Unique Individual
PSBB-CHN-004_video_09.mp4,8/2/2026 17:33,"28C, Humid/Sunny",2,High - lantana,6m to leaf litter,15,"1.2m height, 50-deg downward",13,645,908,8.81,bee_crops/PSBB-CHN-004_video_09_track_13.jpg,BEE_EVENT_CHN_00679,0.491,New Unique Individual
PSBB-CHN-001_video_08.mp4,7/6/2026 17:05,"29C, Humid/Partly Cloudy",2.08,High - ixora,6m to leaf litter,15,"0.9m height, 40-deg downward",50,1375,1508,4.46,bee_crops/PSBB-CHN-001_video_08_track_50.jpg,BEE_EVENT_CHN_00679,0.549,Re-entry (P=55%)
PSBB-CHN-001_video_05.mp4,8/26/2026 15:02,"28C, Sunny",3.36,High - jasmine,3m to planted soil,15,"1.0m height, 45-deg downward",88,1384,1791,13.6,bee_crops/PSBB-CHN-001_video_05_track_88.jpg,BEE_EVENT_CHN_00680,0,New Unique Individual
PSBB-CHN-002_video_09.mp4,8/13/2026 16:44,"28C, Cloudy",1.26,High - jasmine,6m to leaf litter,15,"1.2m height, 50-deg downward",25,2093,2202,3.65,bee_crops/PSBB-CHN-002_video_09_track_25.jpg,BEE_EVENT_CHN_00681,0,New Unique Individual
PSBB-CHN-001_video_06.mp4,7/25/2026 7:08,"29C, Cloudy",1.55,High - hibiscus,3m to planted soil,15,"0.8m height, 45-deg downward",87,231,446,7.19,bee_crops/PSBB-CHN-001_video_06_track_87.jpg,BEE_EVENT_CHN_00681,0.541,Re-entry (P=54%)
PSBB-CHN-005_video_07.mp4,8/13/2026 7:35,"31C, Cloudy",3.53,High - bougainvillea,8m to tree/shrub edge,15,"1.2m height, 50-deg downward",66,3566,3889,10.8,bee_crops/PSBB-CHN-005_video_07_track_66.jpg,BEE_EVENT_CHN_00682,0,New Unique Individual
PSBB-CHN-001_video_07.mp4,8/5/2026 15:48,"30C, Sunny",1.26,High - jasmine,6m to leaf litter,15,"1.0m height, 45-deg downward",70,4307,4610,10.14,bee_crops/PSBB-CHN-001_video_07_track_70.jpg,BEE_EVENT_CHN_00683,0,New Unique Individual
PSBB-CHN-002_video_11.mp4,8/26/2026 9:32,"28C, Sunny",3.13,Medium - mixed flowering ornamentals,2m to bare soil,15,"1.0m height, 45-deg downward",42,4210,4298,2.96,bee_crops/PSBB-CHN-002_video_11_track_42.jpg,BEE_EVENT_CHN_00684,0,New Unique Individual
PSBB-CHN-005_video_11.mp4,7/18/2026 15:30,"27C, Sunny",3.22,High - jasmine,4m to shrub border,15,"1.2m height, 50-deg downward",50,462,602,4.69,bee_crops/PSBB-CHN-005_video_11_track_50.jpg,BEE_EVENT_CHN_00684,0.624,Re-entry (P=62%)
PSBB-CHN-001_video_03.mp4,8/24/2026 10:22,"30C, Humid/Partly Cloudy",3.45,High - hibiscus,4m to shrub border,15,"1.0m height, 45-deg downward",33,1256,1517,8.74,bee_crops/PSBB-CHN-001_video_03_track_33.jpg,BEE_EVENT_CHN_00685,0,New Unique Individual
PSBB-CHN-001_video_03.mp4,8/20/2026 15:17,"30C, Partly Cloudy",2.09,Medium - zinnia,6m to leaf litter,15,"0.8m height, 45-deg downward",75,1422,1767,11.54,bee_crops/PSBB-CHN-001_video_03_track_75.jpg,BEE_EVENT_CHN_00686,0,New Unique Individual
PSBB-CHN-005_video_07.mp4,7/24/2026 8:03,"34C, Cloudy",3.68,High - bougainvillea,2m to bare soil,15,"1.0m height, 45-deg downward",58,1021,1450,14.35,bee_crops/PSBB-CHN-005_video_07_track_58.jpg,BEE_EVENT_CHN_00686,0.707,Re-entry (P=71%)
PSBB-CHN-005_video_09.mp4,7/19/2026 8:40,"35C, Humid/Partly Cloudy",2.47,Low - mixed ornamental planting,8m to tree/shrub edge,15,"1.2m height, 50-deg downward",26,3672,3828,5.24,bee_crops/PSBB-CHN-005_video_09_track_26.jpg,BEE_EVENT_CHN_00687,0,New Unique Individual
PSBB-CHN-004_video_01.mp4,8/26/2026 17:38,"28C, Humid/Sunny",1.48,Medium - zinnia,8m to tree/shrub edge,15,"1.2m height, 50-deg downward",61,2499,2766,8.92,bee_crops/PSBB-CHN-004_video_01_track_61.jpg,BEE_EVENT_CHN_00688,0,New Unique Individual
PSBB-CHN-003_video_05.mp4,7/17/2026 15:26,"34C, Humid/Partly Cloudy",2.16,High - bougainvillea,4m to shrub border,15,"1.2m height, 50-deg downward",51,5203,5419,7.23,bee_crops/PSBB-CHN-003_video_05_track_51.jpg,BEE_EVENT_CHN_00689,0.442,New Unique Individual
PSBB-CHN-002_video_03.mp4,8/13/2026 9:19,"28C, Cloudy",2.04,Medium - marigold,3m to planted soil,15,"1.0m height, 45-deg downward",23,2614,2849,7.88,bee_crops/PSBB-CHN-002_video_03_track_23.jpg,BEE_EVENT_CHN_00690,0,New Unique Individual
PSBB-CHN-003_video_04.mp4,8/6/2026 15:34,"31C, Humid/Sunny",2.64,Medium - marigold,6m to leaf litter,15,"1.0m height, 45-deg downward",67,668,822,5.17,bee_crops/PSBB-CHN-003_video_04_track_67.jpg,BEE_EVENT_CHN_00691,0,New Unique Individual
PSBB-CHN-003_video_07.mp4,7/22/2026 10:47,"32C, Sunny",3.73,High - lantana,2m to bare soil,15,"1.0m height, 45-deg downward",70,3877,4060,6.15,bee_crops/PSBB-CHN-003_video_07_track_70.jpg,BEE_EVENT_CHN_00691,0.613,Re-entry (P=61%)
PSBB-CHN-004_video_11.mp4,8/6/2026 10:12,"32C, Cloudy",2.94,High - hibiscus,8m to tree/shrub edge,15,"0.9m height, 40-deg downward",29,4062,4164,3.44,bee_crops/PSBB-CHN-004_video_11_track_29.jpg,BEE_EVENT_CHN_00692,0,New Unique Individual
PSBB-CHN-003_video_03.mp4,8/10/2026 16:21,"31C, Humid/Sunny",2.04,Low - mixed ornamental planting,6m to leaf litter,15,"0.9m height, 40-deg downward",48,2994,3295,10.08,bee_crops/PSBB-CHN-003_video_03_track_48.jpg,BEE_EVENT_CHN_00693,0,New Unique Individual
PSBB-CHN-001_video_09.mp4,7/12/2026 15:40,"33C, Sunny",1.23,Medium - tropical garden mix,1m to bare soil,15,"1.0m height, 45-deg downward",48,264,349,2.87,bee_crops/PSBB-CHN-001_video_09_track_48.jpg,BEE_EVENT_CHN_00694,0,New Unique Individual
PSBB-CHN-003_video_01.mp4,7/17/2026 9:23,"31C, Cloudy",1.19,High - hibiscus,3m to planted soil,15,"0.8m height, 45-deg downward",90,760,1078,10.62,bee_crops/PSBB-CHN-003_video_01_track_90.jpg,BEE_EVENT_CHN_00695,0,New Unique Individual
PSBB-CHN-001_video_04.mp4,8/23/2026 10:43,"31C, Sunny",2.82,High - jasmine,8m to tree/shrub edge,15,"1.2m height, 50-deg downward",14,724,1287,18.81,bee_crops/PSBB-CHN-001_video_04_track_14.jpg,BEE_EVENT_CHN_00696,0,New Unique Individual
PSBB-CHN-001_video_11.mp4,7/28/2026 7:38,"32C, Humid/Partly Cloudy",1.47,Low - mixed ornamental planting,3m to planted soil,15,"0.9m height, 40-deg downward",62,2666,2973,10.26,bee_crops/PSBB-CHN-001_video_11_track_62.jpg,BEE_EVENT_CHN_00697,0,New Unique Individual
PSBB-CHN-003_video_06.mp4,8/2/2026 16:21,"31C, Partly Cloudy",1.67,Low - mixed ornamental planting,4m to shrub border,15,"0.9m height, 40-deg downward",8,183,1020,27.94,bee_crops/PSBB-CHN-003_video_06_track_8.jpg,BEE_EVENT_CHN_00698,0,New Unique Individual
PSBB-CHN-005_video_06.mp4,7/15/2026 16:36,"30C, Partly Cloudy",2.38,High - ixora,8m to tree/shrub edge,15,"1.0m height, 45-deg downward",90,794,855,2.07,bee_crops/PSBB-CHN-005_video_06_track_90.jpg,BEE_EVENT_CHN_00698,0.776,Re-entry (P=78%)
PSBB-CHN-001_video_04.mp4,8/3/2026 10:38,"30C, Cloudy",2.67,Medium - tropical garden mix,8m to tree/shrub edge,15,"0.8m height, 45-deg downward",66,318,414,3.24,bee_crops/PSBB-CHN-001_video_04_track_66.jpg,BEE_EVENT_CHN_00699,0,New Unique Individual
PSBB-CHN-002_video_04.mp4,7/2/2026 9:00,"35C, Sunny",1.95,High - jasmine,2m to bare soil,15,"1.0m height, 45-deg downward",87,1823,2176,11.81,bee_crops/PSBB-CHN-002_video_04_track_87.jpg,BEE_EVENT_CHN_00699,0.524,Re-entry (P=52%)
PSBB-CHN-002_video_11.mp4,7/27/2026 9:16,"33C, Sunny",0.85,Low - mixed ornamental planting,3m to planted soil,15,"1.2m height, 50-deg downward",33,3129,3340,7.05,bee_crops/PSBB-CHN-002_video_11_track_33.jpg,BEE_EVENT_CHN_00699,0.523,Re-entry (P=52%)
PSBB-CHN-004_video_06.mp4,8/13/2026 17:21,"30C, Humid/Partly Cloudy",1.17,Medium - zinnia,8m to tree/shrub edge,15,"0.9m height, 40-deg downward",45,2019,2075,1.89,bee_crops/PSBB-CHN-004_video_06_track_45.jpg,BEE_EVENT_CHN_00700,0,New Unique Individual
PSBB-CHN-002_video_01.mp4,8/27/2026 9:06,"33C, Humid/Partly Cloudy",1.31,Medium - tropical garden mix,2m to bare soil,15,"1.2m height, 50-deg downward",11,959,1196,7.94,bee_crops/PSBB-CHN-002_video_01_track_11.jpg,BEE_EVENT_CHN_00701,0.428,New Unique Individual
PSBB-CHN-004_video_11.mp4,7/23/2026 7:00,"27C, Cloudy",1.06,Medium - mixed flowering ornamentals,2m to bare soil,15,"1.2m height, 50-deg downward",31,5033,5148,3.88,bee_crops/PSBB-CHN-004_video_11_track_31.jpg,BEE_EVENT_CHN_00702,0,New Unique Individual
PSBB-CHN-003_video_06.mp4,7/17/2026 9:50,"34C, Cloudy",1.66,Low - mixed ornamental planting,8m to tree/shrub edge,15,"0.9m height, 40-deg downward",70,4084,4219,4.52,bee_crops/PSBB-CHN-003_video_06_track_70.jpg,BEE_EVENT_CHN_00702,0.814,Re-entry (P=81%)
PSBB-CHN-001_video_07.mp4,7/31/2026 9:07,"33C, Sunny",2.24,Medium - zinnia,2m to bare soil,15,"0.9m height, 40-deg downward",45,3374,3693,10.65,bee_crops/PSBB-CHN-001_video_07_track_45.jpg,BEE_EVENT_CHN_00702,0.501,Re-entry (P=50%)
PSBB-CHN-002_video_03.mp4,7/2/2026 10:10,"31C, Partly Cloudy",1.5,High - jasmine,4m to shrub border,15,"0.9m height, 40-deg downward",50,2149,2328,6.01,bee_crops/PSBB-CHN-002_video_03_track_50.jpg,BEE_EVENT_CHN_00702,0.583,Re-entry (P=58%)
PSBB-CHN-001_video_02.mp4,8/25/2026 10:03,"33C, Cloudy",2.61,Medium - marigold,3m to planted soil,15,"1.2m height, 50-deg downward",42,3843,4032,6.34,bee_crops/PSBB-CHN-001_video_02_track_42.jpg,BEE_EVENT_CHN_00702,0.51,Re-entry (P=51%)
PSBB-CHN-003_video_08.mp4,8/31/2026 16:19,"34C, Partly Cloudy",2.93,Medium - mixed flowering ornamentals,6m to leaf litter,15,"1.0m height, 45-deg downward",26,2723,2820,3.28,bee_crops/PSBB-CHN-003_video_08_track_26.jpg,BEE_EVENT_CHN_00703,0,New Unique Individual
PSBB-CHN-002_video_04.mp4,8/20/2026 16:46,"30C, Humid/Partly Cloudy",0.7,High - lantana,1m to bare soil,15,"1.2m height, 50-deg downward",60,5304,5380,2.58,bee_crops/PSBB-CHN-002_video_04_track_60.jpg,BEE_EVENT_CHN_00703,0.549,Re-entry (P=55%)
PSBB-CHN-005_video_11.mp4,8/2/2026 15:05,"31C, Partly Cloudy",3.07,Low - mixed ornamental planting,2m to bare soil,15,"1.2m height, 50-deg downward",83,3027,3104,2.59,bee_crops/PSBB-CHN-005_video_11_track_83.jpg,BEE_EVENT_CHN_00704,0,New Unique Individual
PSBB-CHN-003_video_06.mp4,8/21/2026 7:40,"33C, Partly Cloudy",1.28,Low - mixed ornamental planting,6m to leaf litter,15,"1.0m height, 45-deg downward",74,1834,2343,17,bee_crops/PSBB-CHN-003_video_06_track_74.jpg,BEE_EVENT_CHN_00705,0,New Unique Individual
PSBB-CHN-003_video_10.mp4,8/3/2026 10:15,"28C, Humid/Sunny",2.89,High - bougainvillea,2m to bare soil,15,"1.2m height, 50-deg downward",84,5222,5552,11.04,bee_crops/PSBB-CHN-003_video_10_track_84.jpg,BEE_EVENT_CHN_00706,0,New Unique Individual
PSBB-CHN-002_video_04.mp4,7/15/2026 8:15,"29C, Cloudy",2.07,High - hibiscus,8m to tree/shrub edge,15,"1.0m height, 45-deg downward",78,2609,3120,17.08,bee_crops/PSBB-CHN-002_video_04_track_78.jpg,BEE_EVENT_CHN_00707,0,New Unique Individual
PSBB-CHN-001_video_09.mp4,7/8/2026 9:35,"28C, Partly Cloudy",2.06,High - bougainvillea,4m to shrub border,15,"1.2m height, 50-deg downward",65,3825,3928,3.45,bee_crops/PSBB-CHN-001_video_09_track_65.jpg,BEE_EVENT_CHN_00708,0,New Unique Individual
PSBB-CHN-005_video_12.mp4,7/22/2026 7:06,"30C, Sunny",1.95,Medium - mixed flowering ornamentals,3m to planted soil,15,"0.8m height, 45-deg downward",63,330,1255,30.88,bee_crops/PSBB-CHN-005_video_12_track_63.jpg,BEE_EVENT_CHN_00709,0,New Unique Individual
PSBB-CHN-001_video_12.mp4,8/2/2026 15:14,"29C, Humid/Sunny",0.75,High - lantana,2m to bare soil,15,"1.0m height, 45-deg downward",35,538,1033,16.54,bee_crops/PSBB-CHN-001_video_12_track_35.jpg,BEE_EVENT_CHN_00710,0,New Unique Individual
PSBB-CHN-004_video_10.mp4,7/18/2026 9:00,"28C, Humid/Partly Cloudy",0.95,High - jasmine,3m to planted soil,15,"1.2m height, 50-deg downward",41,3472,3749,9.25,bee_crops/PSBB-CHN-004_video_10_track_41.jpg,BEE_EVENT_CHN_00711,0,New Unique Individual
PSBB-CHN-003_video_08.mp4,7/14/2026 16:27,"31C, Humid/Partly Cloudy",2.61,Medium - zinnia,3m to planted soil,15,"0.8m height, 45-deg downward",55,2963,3221,8.64,bee_crops/PSBB-CHN-003_video_08_track_55.jpg,BEE_EVENT_CHN_00712,0,New Unique Individual
PSBB-CHN-004_video_12.mp4,7/26/2026 16:50,"33C, Humid/Sunny",2.19,Medium - mixed flowering ornamentals,4m to shrub border,15,"0.9m height, 40-deg downward",32,2878,2968,3.03,bee_crops/PSBB-CHN-004_video_12_track_32.jpg,BEE_EVENT_CHN_00712,0.773,Re-entry (P=77%)
PSBB-CHN-005_video_03.mp4,8/10/2026 7:44,"31C, Humid/Partly Cloudy",1.11,High - jasmine,1m to bare soil,15,"0.8m height, 45-deg downward",66,5032,5522,16.35,bee_crops/PSBB-CHN-005_video_03_track_66.jpg,BEE_EVENT_CHN_00713,0,New Unique Individual
PSBB-CHN-002_video_12.mp4,7/13/2026 7:06,"29C, Humid/Sunny",1.96,High - hibiscus,1m to bare soil,15,"0.8m height, 45-deg downward",41,4781,4831,1.71,bee_crops/PSBB-CHN-002_video_12_track_41.jpg,BEE_EVENT_CHN_00714,0,New Unique Individual
PSBB-CHN-003_video_10.mp4,8/10/2026 9:04,"31C, Humid/Sunny",3.79,High - bougainvillea,6m to leaf litter,15,"1.0m height, 45-deg downward",52,2425,2903,15.96,bee_crops/PSBB-CHN-003_video_10_track_52.jpg,BEE_EVENT_CHN_00714,0.58,Re-entry (P=58%)
PSBB-CHN-002_video_02.mp4,7/22/2026 15:17,"33C, Partly Cloudy",1.03,Medium - marigold,3m to planted soil,15,"0.9m height, 40-deg downward",7,1909,2094,6.19,bee_crops/PSBB-CHN-002_video_02_track_7.jpg,BEE_EVENT_CHN_00714,0.672,Re-entry (P=67%)
PSBB-CHN-005_video_07.mp4,8/21/2026 7:24,"34C, Sunny",2.33,High - lantana,4m to shrub border,15,"0.8m height, 45-deg downward",51,1795,2125,11.03,bee_crops/PSBB-CHN-005_video_07_track_51.jpg,BEE_EVENT_CHN_00715,0,New Unique Individual
PSBB-CHN-004_video_07.mp4,8/12/2026 7:50,"34C, Cloudy",1.96,High - bougainvillea,1m to bare soil,15,"1.0m height, 45-deg downward",22,1286,1496,7.04,bee_crops/PSBB-CHN-004_video_07_track_22.jpg,BEE_EVENT_CHN_00716,0,New Unique Individual
PSBB-CHN-001_video_07.mp4,8/18/2026 10:45,"31C, Humid/Partly Cloudy",1.1,Medium - mixed flowering ornamentals,3m to planted soil,15,"0.9m height, 40-deg downward",18,2085,2330,8.2,bee_crops/PSBB-CHN-001_video_07_track_18.jpg,BEE_EVENT_CHN_00717,0,New Unique Individual
PSBB-CHN-004_video_01.mp4,7/16/2026 9:22,"29C, Cloudy",0.75,Medium - mixed flowering ornamentals,1m to bare soil,15,"0.9m height, 40-deg downward",83,1527,1883,11.9,bee_crops/PSBB-CHN-004_video_01_track_83.jpg,BEE_EVENT_CHN_00717,0.505,Re-entry (P=50%)
PSBB-CHN-002_video_10.mp4,7/17/2026 9:37,"34C, Humid/Partly Cloudy",2.22,High - hibiscus,1m to bare soil,15,"0.8m height, 45-deg downward",78,2305,2381,2.56,bee_crops/PSBB-CHN-002_video_10_track_78.jpg,BEE_EVENT_CHN_00718,0,New Unique Individual
PSBB-CHN-002_video_10.mp4,7/18/2026 16:22,"27C, Partly Cloudy",1.5,Medium - mixed flowering ornamentals,3m to planted soil,15,"0.9m height, 40-deg downward",23,605,754,5.01,bee_crops/PSBB-CHN-002_video_10_track_23.jpg,BEE_EVENT_CHN_00719,0.45,New Unique Individual
PSBB-CHN-003_video_09.mp4,8/1/2026 7:46,"31C, Humid/Partly Cloudy",1.78,High - ixora,3m to planted soil,15,"1.2m height, 50-deg downward",14,2795,3512,23.93,bee_crops/PSBB-CHN-003_video_09_track_14.jpg,BEE_EVENT_CHN_00720,0,New Unique Individual
PSBB-CHN-005_video_02.mp4,7/31/2026 15:07,"31C, Partly Cloudy",1.65,High - ixora,4m to shrub border,15,"1.2m height, 50-deg downward",57,4239,4379,4.7,bee_crops/PSBB-CHN-005_video_02_track_57.jpg,BEE_EVENT_CHN_00720,0.696,Re-entry (P=70%)
PSBB-CHN-002_video_06.mp4,8/23/2026 8:47,"30C, Sunny",1.08,High - hibiscus,6m to leaf litter,15,"0.9m height, 40-deg downward",27,4740,5125,12.87,bee_crops/PSBB-CHN-002_video_06_track_27.jpg,BEE_EVENT_CHN_00721,0,New Unique Individual
PSBB-CHN-001_video_08.mp4,7/14/2026 15:19,"35C, Cloudy",2.7,Medium - mixed flowering ornamentals,1m to bare soil,15,"0.8m height, 45-deg downward",64,3401,3535,4.5,bee_crops/PSBB-CHN-001_video_08_track_64.jpg,BEE_EVENT_CHN_00722,0,New Unique Individual
PSBB-CHN-003_video_09.mp4,8/10/2026 10:00,"33C, Humid/Sunny",1.13,High - hibiscus,2m to bare soil,15,"1.2m height, 50-deg downward",8,1356,1467,3.75,bee_crops/PSBB-CHN-003_video_09_track_8.jpg,BEE_EVENT_CHN_00722,0.546,Re-entry (P=55%)
PSBB-CHN-002_video_11.mp4,7/17/2026 9:41,"29C, Sunny",1.1,Low - mixed ornamental planting,4m to shrub border,15,"0.9m height, 40-deg downward",53,34,462,14.31,bee_crops/PSBB-CHN-002_video_11_track_53.jpg,BEE_EVENT_CHN_00722,0.727,Re-entry (P=73%)
PSBB-CHN-003_video_01.mp4,7/28/2026 9:08,"31C, Partly Cloudy",3.8,High - hibiscus,4m to shrub border,15,"0.8m height, 45-deg downward",37,2167,2536,12.32,bee_crops/PSBB-CHN-003_video_01_track_37.jpg,BEE_EVENT_CHN_00723,0,New Unique Individual
PSBB-CHN-004_video_11.mp4,7/29/2026 16:02,"34C, Humid/Sunny",2.58,Medium - marigold,4m to shrub border,15,"1.2m height, 50-deg downward",38,2167,2319,5.11,bee_crops/PSBB-CHN-004_video_11_track_38.jpg,BEE_EVENT_CHN_00723,0.664,Re-entry (P=66%)
PSBB-CHN-003_video_09.mp4,8/29/2026 16:40,"33C, Cloudy",3.19,Low - mixed ornamental planting,6m to leaf litter,15,"0.8m height, 45-deg downward",50,67,263,6.58,bee_crops/PSBB-CHN-003_video_09_track_50.jpg,BEE_EVENT_CHN_00724,0,New Unique Individual
PSBB-CHN-002_video_03.mp4,7/24/2026 15:11,"31C, Humid/Partly Cloudy",2.96,High - jasmine,6m to leaf litter,15,"0.8m height, 45-deg downward",77,687,786,3.32,bee_crops/PSBB-CHN-002_video_03_track_77.jpg,BEE_EVENT_CHN_00725,0,New Unique Individual
PSBB-CHN-003_video_04.mp4,8/16/2026 17:14,"35C, Cloudy",2.98,High - hibiscus,2m to bare soil,15,"1.0m height, 45-deg downward",78,60,586,17.56,bee_crops/PSBB-CHN-003_video_04_track_78.jpg,BEE_EVENT_CHN_00725,0.81,Re-entry (P=81%)
PSBB-CHN-003_video_05.mp4,8/27/2026 17:47,"31C, Sunny",2.45,Medium - marigold,2m to bare soil,15,"1.2m height, 50-deg downward",75,1144,1371,7.6,bee_crops/PSBB-CHN-003_video_05_track_75.jpg,BEE_EVENT_CHN_00726,0,New Unique Individual
PSBB-CHN-005_video_09.mp4,8/11/2026 9:11,"33C, Humid/Sunny",2.17,High - ixora,6m to leaf litter,15,"0.9m height, 40-deg downward",90,1661,1873,7.11,bee_crops/PSBB-CHN-005_video_09_track_90.jpg,BEE_EVENT_CHN_00727,0,New Unique Individual
PSBB-CHN-003_video_02.mp4,8/31/2026 10:29,"31C, Humid/Partly Cloudy",2.06,High - bougainvillea,8m to tree/shrub edge,15,"0.8m height, 45-deg downward",39,2122,2479,11.94,bee_crops/PSBB-CHN-003_video_02_track_39.jpg,BEE_EVENT_CHN_00728,0.37,New Unique Individual
PSBB-CHN-003_video_01.mp4,7/15/2026 10:44,"33C, Partly Cloudy",1.17,High - jasmine,6m to leaf litter,15,"0.9m height, 40-deg downward",67,1016,1073,1.93,bee_crops/PSBB-CHN-003_video_01_track_67.jpg,BEE_EVENT_CHN_00729,0,New Unique Individual
PSBB-CHN-004_video_11.mp4,7/6/2026 17:29,"33C, Sunny",2.55,High - lantana,6m to leaf litter,15,"1.0m height, 45-deg downward",14,2000,2137,4.61,bee_crops/PSBB-CHN-004_video_11_track_14.jpg,BEE_EVENT_CHN_00730,0,New Unique Individual
PSBB-CHN-001_video_05.mp4,7/15/2026 9:02,"31C, Cloudy",1.29,Low - mixed ornamental planting,3m to planted soil,15,"1.2m height, 50-deg downward",57,1694,2205,17.08,bee_crops/PSBB-CHN-001_video_05_track_57.jpg,BEE_EVENT_CHN_00731,0,New Unique Individual
PSBB-CHN-003_video_04.mp4,8/11/2026 9:27,"32C, Partly Cloudy",2.54,Medium - marigold,1m to bare soil,15,"0.9m height, 40-deg downward",70,4201,4934,24.45,bee_crops/PSBB-CHN-003_video_04_track_70.jpg,BEE_EVENT_CHN_00732,0,New Unique Individual
PSBB-CHN-003_video_10.mp4,7/6/2026 7:35,"33C, Cloudy",1.18,High - bougainvillea,6m to leaf litter,15,"0.9m height, 40-deg downward",56,4001,4511,17.02,bee_crops/PSBB-CHN-003_video_10_track_56.jpg,BEE_EVENT_CHN_00733,0,New Unique Individual
PSBB-CHN-005_video_10.mp4,7/22/2026 16:41,"33C, Partly Cloudy",3.45,High - hibiscus,4m to shrub border,15,"1.0m height, 45-deg downward",86,53,199,4.89,bee_crops/PSBB-CHN-005_video_10_track_86.jpg,BEE_EVENT_CHN_00734,0,New Unique Individual
PSBB-CHN-002_video_01.mp4,7/28/2026 17:29,"28C, Humid/Sunny",1.93,Medium - zinnia,3m to planted soil,15,"0.8m height, 45-deg downward",54,404,624,7.38,bee_crops/PSBB-CHN-002_video_01_track_54.jpg,BEE_EVENT_CHN_00734,0.598,Re-entry (P=60%)
PSBB-CHN-001_video_09.mp4,7/5/2026 10:35,"35C, Humid/Partly Cloudy",1.36,Medium - zinnia,2m to bare soil,15,"0.8m height, 45-deg downward",29,1153,1365,7.11,bee_crops/PSBB-CHN-001_video_09_track_29.jpg,BEE_EVENT_CHN_00734,0.542,Re-entry (P=54%)
PSBB-CHN-004_video_07.mp4,7/21/2026 16:33,"32C, Humid/Partly Cloudy",3.77,High - hibiscus,2m to bare soil,15,"0.9m height, 40-deg downward",51,277,391,3.83,bee_crops/PSBB-CHN-004_video_07_track_51.jpg,BEE_EVENT_CHN_00734,0.54,Re-entry (P=54%)
PSBB-CHN-005_video_02.mp4,8/16/2026 17:22,"30C, Cloudy",1.54,Medium - marigold,8m to tree/shrub edge,15,"0.9m height, 40-deg downward",21,3353,3576,7.47,bee_crops/PSBB-CHN-005_video_02_track_21.jpg,BEE_EVENT_CHN_00735,0,New Unique Individual
PSBB-CHN-005_video_05.mp4,7/13/2026 15:05,"31C, Humid/Sunny",3.24,Medium - zinnia,6m to leaf litter,15,"1.0m height, 45-deg downward",15,3458,3685,7.6,bee_crops/PSBB-CHN-005_video_05_track_15.jpg,BEE_EVENT_CHN_00736,0,New Unique Individual
PSBB-CHN-005_video_04.mp4,7/25/2026 15:00,"29C, Cloudy",2.27,High - ixora,2m to bare soil,15,"1.0m height, 45-deg downward",9,2032,2292,8.69,bee_crops/PSBB-CHN-005_video_04_track_9.jpg,BEE_EVENT_CHN_00737,0,New Unique Individual
PSBB-CHN-001_video_07.mp4,7/17/2026 9:12,"33C, Humid/Sunny",0.79,High - bougainvillea,2m to bare soil,15,"1.0m height, 45-deg downward",30,4779,4998,7.34,bee_crops/PSBB-CHN-001_video_07_track_30.jpg,BEE_EVENT_CHN_00738,0,New Unique Individual
PSBB-CHN-002_video_04.mp4,8/7/2026 10:29,"32C, Partly Cloudy",2.11,High - bougainvillea,8m to tree/shrub edge,15,"1.2m height, 50-deg downward",72,3835,4025,6.38,bee_crops/PSBB-CHN-002_video_04_track_72.jpg,BEE_EVENT_CHN_00739,0.366,New Unique Individual
PSBB-CHN-005_video_12.mp4,7/4/2026 7:24,"32C, Sunny",1.64,High - jasmine,6m to leaf litter,15,"0.9m height, 40-deg downward",68,465,539,2.5,bee_crops/PSBB-CHN-005_video_12_track_68.jpg,BEE_EVENT_CHN_00740,0,New Unique Individual
PSBB-CHN-002_video_08.mp4,8/3/2026 7:18,"33C, Cloudy",2.59,High - ixora,3m to planted soil,15,"0.9m height, 40-deg downward",65,85,353,8.98,bee_crops/PSBB-CHN-002_video_08_track_65.jpg,BEE_EVENT_CHN_00741,0,New Unique Individual
PSBB-CHN-003_video_10.mp4,7/25/2026 8:05,"30C, Humid/Partly Cloudy",2.18,Low - mixed ornamental planting,6m to leaf litter,15,"1.2m height, 50-deg downward",26,5340,5577,7.94,bee_crops/PSBB-CHN-003_video_10_track_26.jpg,BEE_EVENT_CHN_00742,0,New Unique Individual
PSBB-CHN-004_video_01.mp4,7/24/2026 17:14,"32C, Cloudy",2.99,High - hibiscus,4m to shrub border,15,"1.0m height, 45-deg downward",83,1619,1838,7.32,bee_crops/PSBB-CHN-004_video_01_track_83.jpg,BEE_EVENT_CHN_00742,0.628,Re-entry (P=63%)
PSBB-CHN-002_video_03.mp4,7/12/2026 10:12,"28C, Humid/Sunny",2.58,Medium - mixed flowering ornamentals,3m to planted soil,15,"1.2m height, 50-deg downward",36,1156,1751,19.87,bee_crops/PSBB-CHN-002_video_03_track_36.jpg,BEE_EVENT_CHN_00743,0,New Unique Individual
PSBB-CHN-004_video_06.mp4,7/19/2026 17:11,"33C, Humid/Sunny",1.33,Medium - tropical garden mix,1m to bare soil,15,"0.9m height, 40-deg downward",57,1621,1789,5.64,bee_crops/PSBB-CHN-004_video_06_track_57.jpg,BEE_EVENT_CHN_00744,0,New Unique Individual
PSBB-CHN-004_video_04.mp4,7/31/2026 15:41,"33C, Sunny",2.54,High - lantana,6m to leaf litter,15,"1.2m height, 50-deg downward",34,1074,1259,6.21,bee_crops/PSBB-CHN-004_video_04_track_34.jpg,BEE_EVENT_CHN_00745,0,New Unique Individual
PSBB-CHN-003_video_04.mp4,8/1/2026 15:11,"31C, Cloudy",1.79,Low - mixed ornamental planting,8m to tree/shrub edge,15,"0.9m height, 40-deg downward",23,4386,4703,10.61,bee_crops/PSBB-CHN-003_video_04_track_23.jpg,BEE_EVENT_CHN_00746,0,New Unique Individual
PSBB-CHN-005_video_02.mp4,7/7/2026 9:25,"31C, Cloudy",1.32,Medium - tropical garden mix,3m to planted soil,15,"1.0m height, 45-deg downward",1,683,798,3.88,bee_crops/PSBB-CHN-005_video_02_track_1.jpg,BEE_EVENT_CHN_00747,0,New Unique Individual
PSBB-CHN-005_video_05.mp4,7/25/2026 15:11,"31C, Humid/Sunny",2.86,High - ixora,3m to planted soil,15,"0.9m height, 40-deg downward",54,3596,3969,12.45,bee_crops/PSBB-CHN-005_video_05_track_54.jpg,BEE_EVENT_CHN_00748,0,New Unique Individual
PSBB-CHN-001_video_10.mp4,8/23/2026 8:03,"35C, Partly Cloudy",1.27,Low - mixed ornamental planting,4m to shrub border,15,"0.9m height, 40-deg downward",48,1729,1954,7.55,bee_crops/PSBB-CHN-001_video_10_track_48.jpg,BEE_EVENT_CHN_00748,0.615,Re-entry (P=62%)
PSBB-CHN-004_video_03.mp4,8/18/2026 8:10,"27C, Humid/Sunny",2.46,Medium - marigold,8m to tree/shrub edge,15,"0.9m height, 40-deg downward",2,1523,1626,3.46,bee_crops/PSBB-CHN-004_video_03_track_2.jpg,BEE_EVENT_CHN_00749,0,New Unique Individual
PSBB-CHN-003_video_03.mp4,8/5/2026 9:09,"27C, Humid/Partly Cloudy",1.14,Low - mixed ornamental planting,6m to leaf litter,15,"0.8m height, 45-deg downward",83,2888,4515,54.28,bee_crops/PSBB-CHN-003_video_03_track_83.jpg,BEE_EVENT_CHN_00750,0,New Unique Individual
PSBB-CHN-005_video_08.mp4,7/9/2026 10:10,"33C, Sunny",2.27,High - hibiscus,8m to tree/shrub edge,15,"1.0m height, 45-deg downward",47,2294,2345,1.74,bee_crops/PSBB-CHN-005_video_08_track_47.jpg,BEE_EVENT_CHN_00751,0,New Unique Individual
PSBB-CHN-004_video_01.mp4,8/10/2026 15:34,"35C, Sunny",3.2,High - hibiscus,8m to tree/shrub edge,15,"0.8m height, 45-deg downward",26,4375,4973,19.97,bee_crops/PSBB-CHN-004_video_01_track_26.jpg,BEE_EVENT_CHN_00752,0,New Unique Individual
PSBB-CHN-003_video_08.mp4,7/15/2026 7:20,"33C, Humid/Sunny",0.92,High - lantana,4m to shrub border,15,"0.9m height, 40-deg downward",6,317,504,6.25,bee_crops/PSBB-CHN-003_video_08_track_6.jpg,BEE_EVENT_CHN_00753,0,New Unique Individual
PSBB-CHN-004_video_02.mp4,8/25/2026 8:47,"28C, Sunny",3.75,Medium - zinnia,6m to leaf litter,15,"0.8m height, 45-deg downward",32,3307,3475,5.63,bee_crops/PSBB-CHN-004_video_02_track_32.jpg,BEE_EVENT_CHN_00753,0.573,Re-entry (P=57%)
PSBB-CHN-004_video_01.mp4,8/6/2026 7:03,"32C, Sunny",2.72,Medium - zinnia,3m to planted soil,15,"1.2m height, 50-deg downward",36,984,1285,10.08,bee_crops/PSBB-CHN-004_video_01_track_36.jpg,BEE_EVENT_CHN_00753,0.756,Re-entry (P=76%)
PSBB-CHN-003_video_03.mp4,7/3/2026 9:07,"29C, Cloudy",2.84,High - bougainvillea,4m to shrub border,15,"0.8m height, 45-deg downward",27,2231,2487,8.58,bee_crops/PSBB-CHN-003_video_03_track_27.jpg,BEE_EVENT_CHN_00754,0,New Unique Individual
PSBB-CHN-004_video_02.mp4,8/13/2026 16:32,"27C, Cloudy",2.72,High - hibiscus,6m to leaf litter,15,"1.0m height, 45-deg downward",70,4339,4434,3.2,bee_crops/PSBB-CHN-004_video_02_track_70.jpg,BEE_EVENT_CHN_00755,0,New Unique Individual
PSBB-CHN-005_video_05.mp4,7/29/2026 9:27,"30C, Partly Cloudy",3.78,Low - mixed ornamental planting,8m to tree/shrub edge,15,"0.8m height, 45-deg downward",52,5345,5626,9.4,bee_crops/PSBB-CHN-005_video_05_track_52.jpg,BEE_EVENT_CHN_00756,0,New Unique Individual
PSBB-CHN-002_video_03.mp4,7/19/2026 7:25,"27C, Cloudy",2.32,Medium - tropical garden mix,6m to leaf litter,15,"1.0m height, 45-deg downward",76,2343,2564,7.39,bee_crops/PSBB-CHN-002_video_03_track_76.jpg,BEE_EVENT_CHN_00757,0,New Unique Individual
PSBB-CHN-002_video_02.mp4,7/23/2026 17:45,"33C, Humid/Partly Cloudy",3.22,Medium - mixed flowering ornamentals,2m to bare soil,15,"1.0m height, 45-deg downward",41,3790,3966,5.9,bee_crops/PSBB-CHN-002_video_02_track_41.jpg,BEE_EVENT_CHN_00757,0.578,Re-entry (P=58%)
PSBB-CHN-002_video_07.mp4,8/15/2026 9:41,"28C, Humid/Sunny",2.21,Medium - tropical garden mix,4m to shrub border,15,"1.0m height, 45-deg downward",32,969,1228,8.68,bee_crops/PSBB-CHN-002_video_07_track_32.jpg,BEE_EVENT_CHN_00758,0.47,New Unique Individual
PSBB-CHN-003_video_09.mp4,8/5/2026 8:30,"27C, Humid/Partly Cloudy",3.55,High - ixora,8m to tree/shrub edge,15,"1.0m height, 45-deg downward",11,3677,4026,11.67,bee_crops/PSBB-CHN-003_video_09_track_11.jpg,BEE_EVENT_CHN_00759,0,New Unique Individual
PSBB-CHN-003_video_11.mp4,7/26/2026 7:44,"28C, Partly Cloudy",3.45,Low - mixed ornamental planting,2m to bare soil,15,"0.8m height, 45-deg downward",52,1947,2052,3.55,bee_crops/PSBB-CHN-003_video_11_track_52.jpg,BEE_EVENT_CHN_00759,0.917,Re-entry (P=92%)
PSBB-CHN-004_video_09.mp4,8/11/2026 7:07,"32C, Humid/Sunny",1.96,High - jasmine,4m to shrub border,15,"1.2m height, 50-deg downward",47,1413,1748,11.2,bee_crops/PSBB-CHN-004_video_09_track_47.jpg,BEE_EVENT_CHN_00759,0.639,Re-entry (P=64%)
PSBB-CHN-003_video_02.mp4,8/5/2026 10:38,"31C, Cloudy",1.98,High - ixora,2m to bare soil,15,"0.8m height, 45-deg downward",41,3731,3831,3.38,bee_crops/PSBB-CHN-003_video_02_track_41.jpg,BEE_EVENT_CHN_00760,0,New Unique Individual
PSBB-CHN-004_video_04.mp4,7/28/2026 8:37,"35C, Humid/Partly Cloudy",2.79,High - hibiscus,4m to shrub border,15,"1.2m height, 50-deg downward",46,4059,4299,8.04,bee_crops/PSBB-CHN-004_video_04_track_46.jpg,BEE_EVENT_CHN_00761,0,New Unique Individual
PSBB-CHN-002_video_06.mp4,8/2/2026 7:20,"35C, Sunny",0.8,High - hibiscus,2m to bare soil,15,"0.8m height, 45-deg downward",60,3333,3576,8.15,bee_crops/PSBB-CHN-002_video_06_track_60.jpg,BEE_EVENT_CHN_00762,0.353,New Unique Individual
PSBB-CHN-004_video_06.mp4,7/16/2026 8:13,"31C, Partly Cloudy",1.28,High - bougainvillea,1m to bare soil,15,"1.2m height, 50-deg downward",11,4686,4887,6.73,bee_crops/PSBB-CHN-004_video_06_track_11.jpg,BEE_EVENT_CHN_00763,0,New Unique Individual
PSBB-CHN-002_video_01.mp4,7/8/2026 9:27,"28C, Humid/Sunny",3.63,Low - mixed ornamental planting,3m to planted soil,15,"1.0m height, 45-deg downward",50,2504,2980,15.9,bee_crops/PSBB-CHN-002_video_01_track_50.jpg,BEE_EVENT_CHN_00764,0,New Unique Individual
PSBB-CHN-004_video_10.mp4,8/21/2026 17:44,"33C, Partly Cloudy",1.91,High - bougainvillea,6m to leaf litter,15,"0.9m height, 40-deg downward",46,2728,2861,4.48,bee_crops/PSBB-CHN-004_video_10_track_46.jpg,BEE_EVENT_CHN_00765,0,New Unique Individual
PSBB-CHN-002_video_07.mp4,7/12/2026 15:46,"33C, Humid/Sunny",1.53,High - hibiscus,3m to planted soil,15,"0.9m height, 40-deg downward",3,1375,1793,13.97,bee_crops/PSBB-CHN-002_video_07_track_3.jpg,BEE_EVENT_CHN_00765,0.534,Re-entry (P=53%)
PSBB-CHN-004_video_09.mp4,8/10/2026 15:09,"29C, Sunny",1.07,Medium - tropical garden mix,8m to tree/shrub edge,15,"0.8m height, 45-deg downward",66,831,1074,8.12,bee_crops/PSBB-CHN-004_video_09_track_66.jpg,BEE_EVENT_CHN_00765,0.603,Re-entry (P=60%)
PSBB-CHN-001_video_09.mp4,7/19/2026 9:32,"33C, Humid/Sunny",2.34,Low - mixed ornamental planting,8m to tree/shrub edge,15,"1.2m height, 50-deg downward",85,4576,4953,12.59,bee_crops/PSBB-CHN-001_video_09_track_85.jpg,BEE_EVENT_CHN_00765,0.641,Re-entry (P=64%)
PSBB-CHN-004_video_12.mp4,7/17/2026 8:11,"32C, Humid/Sunny",2.45,Medium - marigold,8m to tree/shrub edge,15,"1.0m height, 45-deg downward",12,3077,3181,3.5,bee_crops/PSBB-CHN-004_video_12_track_12.jpg,BEE_EVENT_CHN_00766,0,New Unique Individual
PSBB-CHN-004_video_08.mp4,7/19/2026 9:26,"31C, Sunny",1.87,High - jasmine,6m to leaf litter,15,"0.9m height, 40-deg downward",61,2513,2664,5.07,bee_crops/PSBB-CHN-004_video_08_track_61.jpg,BEE_EVENT_CHN_00766,0.515,Re-entry (P=51%)
PSBB-CHN-002_video_10.mp4,7/6/2026 16:20,"35C, Cloudy",3.73,Low - mixed ornamental planting,4m to shrub border,15,"0.9m height, 40-deg downward",79,5020,5209,6.35,bee_crops/PSBB-CHN-002_video_10_track_79.jpg,BEE_EVENT_CHN_00767,0,New Unique Individual
PSBB-CHN-004_video_03.mp4,7/9/2026 7:49,"34C, Humid/Partly Cloudy",2.33,Low - mixed ornamental planting,8m to tree/shrub edge,15,"1.0m height, 45-deg downward",11,2750,2865,3.87,bee_crops/PSBB-CHN-004_video_03_track_11.jpg,BEE_EVENT_CHN_00768,0,New Unique Individual
PSBB-CHN-004_video_04.mp4,8/22/2026 8:03,"31C, Humid/Sunny",3.42,High - bougainvillea,4m to shrub border,15,"1.2m height, 50-deg downward",77,427,642,7.21,bee_crops/PSBB-CHN-004_video_04_track_77.jpg,BEE_EVENT_CHN_00769,0,New Unique Individual
PSBB-CHN-003_video_11.mp4,7/22/2026 7:40,"30C, Humid/Sunny",2.78,High - ixora,1m to bare soil,15,"1.2m height, 50-deg downward",32,1536,1687,5.08,bee_crops/PSBB-CHN-003_video_11_track_32.jpg,BEE_EVENT_CHN_00770,0,New Unique Individual
PSBB-CHN-005_video_08.mp4,7/29/2026 9:35,"35C, Cloudy",2.9,High - bougainvillea,3m to planted soil,15,"0.8m height, 45-deg downward",74,1132,1412,9.36,bee_crops/PSBB-CHN-005_video_08_track_74.jpg,BEE_EVENT_CHN_00770,0.569,Re-entry (P=57%)
PSBB-CHN-002_video_02.mp4,7/2/2026 7:38,"27C, Sunny",3.65,Medium - mixed flowering ornamentals,8m to tree/shrub edge,15,"1.0m height, 45-deg downward",6,2837,3242,13.53,bee_crops/PSBB-CHN-002_video_02_track_6.jpg,BEE_EVENT_CHN_00771,0,New Unique Individual
PSBB-CHN-002_video_02.mp4,7/22/2026 8:27,"29C, Partly Cloudy",3.16,High - lantana,8m to tree/shrub edge,15,"1.0m height, 45-deg downward",4,2541,2682,4.73,bee_crops/PSBB-CHN-002_video_02_track_4.jpg,BEE_EVENT_CHN_00772,0,New Unique Individual
PSBB-CHN-004_video_02.mp4,8/31/2026 17:23,"30C, Partly Cloudy",2.94,Low - mixed ornamental planting,6m to leaf litter,15,"0.9m height, 40-deg downward",89,1603,1789,6.22,bee_crops/PSBB-CHN-004_video_02_track_89.jpg,BEE_EVENT_CHN_00773,0,New Unique Individual
PSBB-CHN-001_video_05.mp4,8/1/2026 10:11,"28C, Sunny",1.5,High - lantana,2m to bare soil,15,"0.8m height, 45-deg downward",54,1699,2252,18.48,bee_crops/PSBB-CHN-001_video_05_track_54.jpg,BEE_EVENT_CHN_00774,0,New Unique Individual
PSBB-CHN-005_video_01.mp4,7/21/2026 8:22,"31C, Partly Cloudy",2.6,High - hibiscus,6m to leaf litter,15,"1.0m height, 45-deg downward",40,690,867,5.95,bee_crops/PSBB-CHN-005_video_01_track_40.jpg,BEE_EVENT_CHN_00774,0.59,Re-entry (P=59%)
PSBB-CHN-003_video_01.mp4,8/27/2026 8:20,"32C, Cloudy",2.21,Medium - mixed flowering ornamentals,1m to bare soil,15,"0.8m height, 45-deg downward",7,3860,4050,6.36,bee_crops/PSBB-CHN-003_video_01_track_7.jpg,BEE_EVENT_CHN_00775,0,New Unique Individual
PSBB-CHN-001_video_11.mp4,8/14/2026 9:03,"28C, Sunny",3.65,High - jasmine,8m to tree/shrub edge,15,"0.8m height, 45-deg downward",87,1454,1587,4.48,bee_crops/PSBB-CHN-001_video_11_track_87.jpg,BEE_EVENT_CHN_00776,0,New Unique Individual
PSBB-CHN-002_video_10.mp4,7/13/2026 9:02,"27C, Humid/Sunny",2.97,Low - mixed ornamental planting,2m to bare soil,15,"1.0m height, 45-deg downward",88,5111,5252,4.73,bee_crops/PSBB-CHN-002_video_10_track_88.jpg,BEE_EVENT_CHN_00777,0,New Unique Individual
PSBB-CHN-003_video_12.mp4,8/20/2026 7:07,"33C, Partly Cloudy",1.44,High - hibiscus,3m to planted soil,15,"1.0m height, 45-deg downward",56,4675,4773,3.3,bee_crops/PSBB-CHN-003_video_12_track_56.jpg,BEE_EVENT_CHN_00778,0,New Unique Individual
PSBB-CHN-001_video_04.mp4,8/27/2026 15:37,"31C, Sunny",0.84,High - bougainvillea,3m to planted soil,15,"0.8m height, 45-deg downward",46,1799,2382,19.46,bee_crops/PSBB-CHN-001_video_04_track_46.jpg,BEE_EVENT_CHN_00779,0,New Unique Individual
PSBB-CHN-003_video_10.mp4,7/27/2026 17:35,"29C, Humid/Sunny",0.85,Medium - tropical garden mix,3m to planted soil,15,"0.9m height, 40-deg downward",22,4379,4631,8.45,bee_crops/PSBB-CHN-003_video_10_track_22.jpg,BEE_EVENT_CHN_00779,0.631,Re-entry (P=63%)
PSBB-CHN-005_video_02.mp4,7/7/2026 17:02,"31C, Cloudy",2.53,High - lantana,3m to planted soil,15,"0.9m height, 40-deg downward",25,5083,5188,3.53,bee_crops/PSBB-CHN-005_video_02_track_25.jpg,BEE_EVENT_CHN_00779,0.58,Re-entry (P=58%)
PSBB-CHN-004_video_12.mp4,7/29/2026 8:48,"34C, Partly Cloudy",1.61,High - ixora,3m to planted soil,15,"0.9m height, 40-deg downward",60,4711,4959,8.29,bee_crops/PSBB-CHN-004_video_12_track_60.jpg,BEE_EVENT_CHN_00779,0.501,Re-entry (P=50%)
PSBB-CHN-005_video_11.mp4,8/27/2026 8:43,"31C, Sunny",2.51,Medium - tropical garden mix,4m to shrub border,15,"0.9m height, 40-deg downward",45,1911,2071,5.38,bee_crops/PSBB-CHN-005_video_11_track_45.jpg,BEE_EVENT_CHN_00780,0,New Unique Individual
PSBB-CHN-005_video_11.mp4,8/28/2026 16:21,"28C, Humid/Sunny",1.99,Medium - mixed flowering ornamentals,1m to bare soil,15,"1.0m height, 45-deg downward",21,1052,1161,3.67,bee_crops/PSBB-CHN-005_video_11_track_21.jpg,BEE_EVENT_CHN_00780,0.527,Re-entry (P=53%)
PSBB-CHN-003_video_04.mp4,7/9/2026 8:11,"31C, Partly Cloudy",3.75,High - jasmine,8m to tree/shrub edge,15,"0.9m height, 40-deg downward",1,2591,2782,6.41,bee_crops/PSBB-CHN-003_video_04_track_1.jpg,BEE_EVENT_CHN_00781,0,New Unique Individual
PSBB-CHN-004_video_01.mp4,7/15/2026 9:18,"27C, Humid/Partly Cloudy",2.18,Medium - zinnia,6m to leaf litter,15,"0.9m height, 40-deg downward",36,2118,2346,7.63,bee_crops/PSBB-CHN-004_video_01_track_36.jpg,BEE_EVENT_CHN_00782,0,New Unique Individual
PSBB-CHN-002_video_01.mp4,7/15/2026 9:16,"31C, Sunny",1.28,High - bougainvillea,4m to shrub border,15,"0.8m height, 45-deg downward",57,3137,3625,16.3,bee_crops/PSBB-CHN-002_video_01_track_57.jpg,BEE_EVENT_CHN_00783,0,New Unique Individual
PSBB-CHN-002_video_04.mp4,7/8/2026 10:04,"28C, Partly Cloudy",0.81,Low - mixed ornamental planting,1m to bare soil,15,"1.2m height, 50-deg downward",16,1009,1147,4.64,bee_crops/PSBB-CHN-002_video_04_track_16.jpg,BEE_EVENT_CHN_00784,0,New Unique Individual
PSBB-CHN-002_video_11.mp4,7/21/2026 8:48,"34C, Sunny",2.31,High - ixora,4m to shrub border,15,"0.8m height, 45-deg downward",11,4042,4554,17.1,bee_crops/PSBB-CHN-002_video_11_track_11.jpg,BEE_EVENT_CHN_00785,0,New Unique Individual
PSBB-CHN-005_video_12.mp4,7/7/2026 9:10,"27C, Sunny",2.99,Medium - mixed flowering ornamentals,2m to bare soil,15,"0.8m height, 45-deg downward",59,609,876,8.95,bee_crops/PSBB-CHN-005_video_12_track_59.jpg,BEE_EVENT_CHN_00786,0,New Unique Individual
PSBB-CHN-003_video_07.mp4,7/26/2026 15:41,"31C, Cloudy",2.77,High - ixora,3m to planted soil,15,"1.0m height, 45-deg downward",1,3554,3900,11.57,bee_crops/PSBB-CHN-003_video_07_track_1.jpg,BEE_EVENT_CHN_00787,0,New Unique Individual
PSBB-CHN-002_video_10.mp4,8/1/2026 9:45,"29C, Partly Cloudy",1.56,High - jasmine,1m to bare soil,15,"0.9m height, 40-deg downward",55,4114,4153,1.33,bee_crops/PSBB-CHN-002_video_10_track_55.jpg,BEE_EVENT_CHN_00788,0,New Unique Individual
PSBB-CHN-002_video_08.mp4,7/3/2026 8:07,"28C, Sunny",2.22,Medium - tropical garden mix,3m to planted soil,15,"0.8m height, 45-deg downward",30,4753,5197,14.84,bee_crops/PSBB-CHN-002_video_08_track_30.jpg,BEE_EVENT_CHN_00788,0.822,Re-entry (P=82%)
PSBB-CHN-003_video_09.mp4,8/1/2026 10:31,"32C, Cloudy",2.48,High - jasmine,2m to bare soil,15,"0.8m height, 45-deg downward",79,366,486,4.04,bee_crops/PSBB-CHN-003_video_09_track_79.jpg,BEE_EVENT_CHN_00789,0,New Unique Individual
PSBB-CHN-002_video_05.mp4,7/30/2026 10:37,"29C, Humid/Partly Cloudy",1.86,High - jasmine,1m to bare soil,15,"0.8m height, 45-deg downward",70,5079,5435,11.91,bee_crops/PSBB-CHN-002_video_05_track_70.jpg,BEE_EVENT_CHN_00790,0,New Unique Individual
PSBB-CHN-003_video_12.mp4,7/6/2026 15:05,"31C, Humid/Partly Cloudy",2.33,High - ixora,8m to tree/shrub edge,15,"1.2m height, 50-deg downward",43,1403,1487,2.83,bee_crops/PSBB-CHN-003_video_12_track_43.jpg,BEE_EVENT_CHN_00791,0,New Unique Individual
PSBB-CHN-001_video_01.mp4,7/13/2026 16:02,"34C, Humid/Partly Cloudy",2.74,Medium - zinnia,1m to bare soil,15,"1.2m height, 50-deg downward",89,3878,4548,22.37,bee_crops/PSBB-CHN-001_video_01_track_89.jpg,BEE_EVENT_CHN_00792,0,New Unique Individual
PSBB-CHN-002_video_02.mp4,8/11/2026 7:05,"27C, Humid/Sunny",2.4,Medium - marigold,1m to bare soil,15,"1.0m height, 45-deg downward",23,4708,4898,6.38,bee_crops/PSBB-CHN-002_video_02_track_23.jpg,BEE_EVENT_CHN_00793,0,New Unique Individual
PSBB-CHN-005_video_03.mp4,7/18/2026 10:08,"30C, Humid/Sunny",2.36,High - hibiscus,1m to bare soil,15,"1.0m height, 45-deg downward",47,4016,4103,2.94,bee_crops/PSBB-CHN-005_video_03_track_47.jpg,BEE_EVENT_CHN_00794,0,New Unique Individual
PSBB-CHN-002_video_05.mp4,7/31/2026 7:11,"30C, Partly Cloudy",2.93,Medium - mixed flowering ornamentals,1m to bare soil,15,"1.2m height, 50-deg downward",38,1210,1503,9.79,bee_crops/PSBB-CHN-002_video_05_track_38.jpg,BEE_EVENT_CHN_00795,0.406,New Unique Individual
PSBB-CHN-001_video_10.mp4,8/8/2026 7:14,"31C, Humid/Partly Cloudy",1.14,Medium - mixed flowering ornamentals,8m to tree/shrub edge,15,"1.0m height, 45-deg downward",62,4588,4653,2.2,bee_crops/PSBB-CHN-001_video_10_track_62.jpg,BEE_EVENT_CHN_00796,0,New Unique Individual
PSBB-CHN-003_video_10.mp4,8/21/2026 16:01,"31C, Sunny",1.43,Medium - zinnia,3m to planted soil,15,"1.2m height, 50-deg downward",49,1217,1534,10.59,bee_crops/PSBB-CHN-003_video_10_track_49.jpg,BEE_EVENT_CHN_00797,0,New Unique Individual
PSBB-CHN-004_video_03.mp4,7/26/2026 15:41,"28C, Humid/Partly Cloudy",3.28,High - lantana,2m to bare soil,15,"1.2m height, 50-deg downward",88,3908,4493,19.55,bee_crops/PSBB-CHN-004_video_03_track_88.jpg,BEE_EVENT_CHN_00798,0,New Unique Individual
PSBB-CHN-001_video_08.mp4,7/9/2026 16:31,"33C, Humid/Sunny",3.31,High - hibiscus,8m to tree/shrub edge,15,"1.2m height, 50-deg downward",70,5039,5279,8.04,bee_crops/PSBB-CHN-001_video_08_track_70.jpg,BEE_EVENT_CHN_00799,0,New Unique Individual
PSBB-CHN-004_video_12.mp4,8/14/2026 17:04,"35C, Cloudy",3.78,High - bougainvillea,8m to tree/shrub edge,15,"0.8m height, 45-deg downward",52,331,478,4.95,bee_crops/PSBB-CHN-004_video_12_track_52.jpg,BEE_EVENT_CHN_00800,0,New Unique Individual
PSBB-CHN-001_video_04.mp4,7/26/2026 9:15,"31C, Humid/Partly Cloudy",3.55,High - lantana,4m to shrub border,15,"1.0m height, 45-deg downward",66,2900,3040,4.69,bee_crops/PSBB-CHN-001_video_04_track_66.jpg,BEE_EVENT_CHN_00801,0,New Unique Individual
PSBB-CHN-003_video_12.mp4,7/23/2026 16:22,"29C, Cloudy",3,Medium - tropical garden mix,3m to planted soil,15,"0.9m height, 40-deg downward",5,3568,3815,8.25,bee_crops/PSBB-CHN-003_video_12_track_5.jpg,BEE_EVENT_CHN_00802,0,New Unique Individual
PSBB-CHN-002_video_03.mp4,8/13/2026 7:40,"33C, Humid/Sunny",0.94,High - lantana,8m to tree/shrub edge,15,"1.2m height, 50-deg downward",71,1315,1404,3,bee_crops/PSBB-CHN-002_video_03_track_71.jpg,BEE_EVENT_CHN_00803,0,New Unique Individual
PSBB-CHN-001_video_10.mp4,8/15/2026 8:36,"33C, Sunny",3.46,High - hibiscus,6m to leaf litter,15,"1.2m height, 50-deg downward",67,2076,2154,2.64,bee_crops/PSBB-CHN-001_video_10_track_67.jpg,BEE_EVENT_CHN_00804,0.359,New Unique Individual
PSBB-CHN-005_video_10.mp4,7/31/2026 7:20,"34C, Sunny",0.74,High - ixora,8m to tree/shrub edge,15,"1.2m height, 50-deg downward",77,1490,1721,7.75,bee_crops/PSBB-CHN-005_video_10_track_77.jpg,BEE_EVENT_CHN_00805,0,New Unique Individual
PSBB-CHN-004_video_04.mp4,8/31/2026 10:16,"34C, Partly Cloudy",3.75,High - ixora,1m to bare soil,15,"1.2m height, 50-deg downward",56,4950,5159,6.99,bee_crops/PSBB-CHN-004_video_04_track_56.jpg,BEE_EVENT_CHN_00806,0.487,New Unique Individual
PSBB-CHN-001_video_03.mp4,8/22/2026 16:29,"32C, Humid/Partly Cloudy",3.67,Medium - marigold,3m to planted soil,15,"0.9m height, 40-deg downward",11,1373,1541,5.64,bee_crops/PSBB-CHN-001_video_03_track_11.jpg,BEE_EVENT_CHN_00807,0,New Unique Individual
PSBB-CHN-004_video_04.mp4,7/19/2026 10:37,"32C, Partly Cloudy",3.57,Medium - marigold,4m to shrub border,15,"0.8m height, 45-deg downward",8,1381,1485,3.51,bee_crops/PSBB-CHN-004_video_04_track_8.jpg,BEE_EVENT_CHN_00808,0,New Unique Individual
PSBB-CHN-004_video_04.mp4,7/7/2026 7:01,"28C, Cloudy",3.46,High - lantana,2m to bare soil,15,"0.8m height, 45-deg downward",6,3050,3441,13.06,bee_crops/PSBB-CHN-004_video_04_track_6.jpg,BEE_EVENT_CHN_00809,0,New Unique Individual
PSBB-CHN-001_video_09.mp4,7/9/2026 17:00,"33C, Cloudy",3.1,Medium - marigold,6m to leaf litter,15,"1.2m height, 50-deg downward",56,1258,1479,7.4,bee_crops/PSBB-CHN-001_video_09_track_56.jpg,BEE_EVENT_CHN_00810,0,New Unique Individual
PSBB-CHN-004_video_07.mp4,7/9/2026 9:12,"33C, Sunny",3.58,Low - mixed ornamental planting,4m to shrub border,15,"0.9m height, 40-deg downward",80,820,1201,12.72,bee_crops/PSBB-CHN-004_video_07_track_80.jpg,BEE_EVENT_CHN_00810,0.516,Re-entry (P=52%)
PSBB-CHN-001_video_10.mp4,8/4/2026 17:31,"35C, Humid/Partly Cloudy",1.61,Low - mixed ornamental planting,1m to bare soil,15,"1.2m height, 50-deg downward",3,2266,2493,7.6,bee_crops/PSBB-CHN-001_video_10_track_3.jpg,BEE_EVENT_CHN_00811,0,New Unique Individual
PSBB-CHN-005_video_09.mp4,8/17/2026 15:08,"35C, Humid/Partly Cloudy",2.15,High - lantana,3m to planted soil,15,"0.9m height, 40-deg downward",27,2043,2164,4.05,bee_crops/PSBB-CHN-005_video_09_track_27.jpg,BEE_EVENT_CHN_00812,0,New Unique Individual
PSBB-CHN-002_video_03.mp4,7/21/2026 15:18,"33C, Humid/Partly Cloudy",1.04,Medium - zinnia,4m to shrub border,15,"1.0m height, 45-deg downward",15,4862,5032,5.71,bee_crops/PSBB-CHN-002_video_03_track_15.jpg,BEE_EVENT_CHN_00813,0,New Unique Individual
PSBB-CHN-001_video_12.mp4,7/9/2026 7:36,"28C, Humid/Sunny",3.27,High - hibiscus,4m to shrub border,15,"0.8m height, 45-deg downward",44,2738,2997,8.66,bee_crops/PSBB-CHN-001_video_12_track_44.jpg,BEE_EVENT_CHN_00814,0,New Unique Individual
PSBB-CHN-003_video_04.mp4,8/2/2026 15:15,"34C, Cloudy",1.99,Medium - mixed flowering ornamentals,8m to tree/shrub edge,15,"1.2m height, 50-deg downward",43,136,218,2.78,bee_crops/PSBB-CHN-003_video_04_track_43.jpg,BEE_EVENT_CHN_00815,0,New Unique Individual
PSBB-CHN-001_video_04.mp4,8/7/2026 16:50,"29C, Sunny",0.87,Medium - marigold,6m to leaf litter,15,"0.8m height, 45-deg downward",37,1409,1781,12.44,bee_crops/PSBB-CHN-001_video_04_track_37.jpg,BEE_EVENT_CHN_00816,0.35,New Unique Individual
PSBB-CHN-003_video_11.mp4,8/8/2026 10:07,"27C, Cloudy",2.06,High - ixora,3m to planted soil,15,"0.9m height, 40-deg downward",66,149,594,14.88,bee_crops/PSBB-CHN-003_video_11_track_66.jpg,BEE_EVENT_CHN_00817,0,New Unique Individual
PSBB-CHN-003_video_09.mp4,7/17/2026 17:48,"30C, Humid/Partly Cloudy",1.92,High - lantana,2m to bare soil,15,"0.8m height, 45-deg downward",7,3386,3625,8.01,bee_crops/PSBB-CHN-003_video_09_track_7.jpg,BEE_EVENT_CHN_00818,0,New Unique Individual
PSBB-CHN-002_video_10.mp4,7/5/2026 16:25,"30C, Partly Cloudy",0.89,High - hibiscus,3m to planted soil,15,"1.0m height, 45-deg downward",3,4230,4392,5.42,bee_crops/PSBB-CHN-002_video_10_track_3.jpg,BEE_EVENT_CHN_00819,0,New Unique Individual
PSBB-CHN-005_video_08.mp4,8/13/2026 16:04,"28C, Humid/Sunny",3.31,Low - mixed ornamental planting,1m to bare soil,15,"1.0m height, 45-deg downward",76,1260,1340,2.69,bee_crops/PSBB-CHN-005_video_08_track_76.jpg,BEE_EVENT_CHN_00820,0,New Unique Individual
PSBB-CHN-002_video_06.mp4,7/22/2026 8:49,"31C, Humid/Sunny",3.73,High - bougainvillea,6m to leaf litter,15,"0.8m height, 45-deg downward",89,2232,2725,16.47,bee_crops/PSBB-CHN-002_video_06_track_89.jpg,BEE_EVENT_CHN_00821,0,New Unique Individual
PSBB-CHN-005_video_09.mp4,8/10/2026 17:07,"35C, Partly Cloudy",2.11,Medium - mixed flowering ornamentals,8m to tree/shrub edge,15,"1.0m height, 45-deg downward",75,1446,1817,12.39,bee_crops/PSBB-CHN-005_video_09_track_75.jpg,BEE_EVENT_CHN_00822,0.439,New Unique Individual
PSBB-CHN-005_video_01.mp4,7/16/2026 9:44,"30C, Cloudy",2.9,High - lantana,2m to bare soil,15,"1.0m height, 45-deg downward",37,4336,4573,7.93,bee_crops/PSBB-CHN-005_video_01_track_37.jpg,BEE_EVENT_CHN_00823,0,New Unique Individual
PSBB-CHN-004_video_07.mp4,7/31/2026 17:12,"33C, Partly Cloudy",3.48,High - jasmine,8m to tree/shrub edge,15,"1.0m height, 45-deg downward",66,2698,2776,2.63,bee_crops/PSBB-CHN-004_video_07_track_66.jpg,BEE_EVENT_CHN_00824,0,New Unique Individual
PSBB-CHN-001_video_06.mp4,7/12/2026 15:15,"29C, Cloudy",1.3,High - hibiscus,6m to leaf litter,15,"1.2m height, 50-deg downward",34,3085,3188,3.47,bee_crops/PSBB-CHN-001_video_06_track_34.jpg,BEE_EVENT_CHN_00825,0,New Unique Individual
PSBB-CHN-004_video_02.mp4,7/27/2026 7:32,"35C, Cloudy",2.65,Low - mixed ornamental planting,3m to planted soil,15,"1.2m height, 50-deg downward",41,1323,1519,6.56,bee_crops/PSBB-CHN-004_video_02_track_41.jpg,BEE_EVENT_CHN_00826,0,New Unique Individual
PSBB-CHN-004_video_02.mp4,7/21/2026 15:29,"32C, Partly Cloudy",1.5,High - bougainvillea,4m to shrub border,15,"1.0m height, 45-deg downward",44,3016,3323,10.26,bee_crops/PSBB-CHN-004_video_02_track_44.jpg,BEE_EVENT_CHN_00827,0,New Unique Individual
PSBB-CHN-005_video_06.mp4,8/2/2026 7:07,"29C, Sunny",3.25,Medium - marigold,2m to bare soil,15,"1.2m height, 50-deg downward",61,1012,1235,7.46,bee_crops/PSBB-CHN-005_video_06_track_61.jpg,BEE_EVENT_CHN_00827,0.836,Re-entry (P=84%)
PSBB-CHN-004_video_11.mp4,7/24/2026 7:35,"35C, Humid/Sunny",2.12,Medium - zinnia,3m to planted soil,15,"1.0m height, 45-deg downward",13,2293,2741,14.97,bee_crops/PSBB-CHN-004_video_11_track_13.jpg,BEE_EVENT_CHN_00828,0.426,New Unique Individual
PSBB-CHN-003_video_02.mp4,7/29/2026 10:05,"31C, Humid/Sunny",3.34,High - hibiscus,4m to shrub border,15,"1.2m height, 50-deg downward",45,3235,3327,3.09,bee_crops/PSBB-CHN-003_video_02_track_45.jpg,BEE_EVENT_CHN_00828,0.662,Re-entry (P=66%)
PSBB-CHN-002_video_03.mp4,8/7/2026 7:10,"31C, Cloudy",2.53,Medium - mixed flowering ornamentals,4m to shrub border,15,"1.2m height, 50-deg downward",48,16,458,14.78,bee_crops/PSBB-CHN-002_video_03_track_48.jpg,BEE_EVENT_CHN_00829,0,New Unique Individual
PSBB-CHN-004_video_07.mp4,7/10/2026 17:13,"30C, Sunny",1.86,High - ixora,3m to planted soil,15,"0.8m height, 45-deg downward",64,4793,4936,4.81,bee_crops/PSBB-CHN-004_video_07_track_64.jpg,BEE_EVENT_CHN_00830,0,New Unique Individual
PSBB-CHN-005_video_06.mp4,8/25/2026 10:27,"30C, Partly Cloudy",1.61,Medium - mixed flowering ornamentals,3m to planted soil,15,"1.0m height, 45-deg downward",80,5171,5511,11.38,bee_crops/PSBB-CHN-005_video_06_track_80.jpg,BEE_EVENT_CHN_00831,0,New Unique Individual
PSBB-CHN-002_video_08.mp4,8/18/2026 8:06,"29C, Cloudy",1.98,Medium - tropical garden mix,2m to bare soil,15,"1.2m height, 50-deg downward",35,3800,4073,9.14,bee_crops/PSBB-CHN-002_video_08_track_35.jpg,BEE_EVENT_CHN_00832,0,New Unique Individual
PSBB-CHN-001_video_05.mp4,8/18/2026 10:07,"33C, Humid/Sunny",2.16,Low - mixed ornamental planting,2m to bare soil,15,"1.0m height, 45-deg downward",31,3912,4266,11.83,bee_crops/PSBB-CHN-001_video_05_track_31.jpg,BEE_EVENT_CHN_00833,0,New Unique Individual
PSBB-CHN-004_video_03.mp4,8/10/2026 7:41,"27C, Cloudy",2.59,High - ixora,6m to leaf litter,15,"0.9m height, 40-deg downward",35,564,932,12.29,bee_crops/PSBB-CHN-004_video_03_track_35.jpg,BEE_EVENT_CHN_00834,0,New Unique Individual
PSBB-CHN-003_video_09.mp4,7/13/2026 15:18,"28C, Sunny",2.3,Medium - zinnia,4m to shrub border,15,"1.2m height, 50-deg downward",27,1019,1254,7.85,bee_crops/PSBB-CHN-003_video_09_track_27.jpg,BEE_EVENT_CHN_00835,0,New Unique Individual
PSBB-CHN-003_video_11.mp4,7/11/2026 9:18,"28C, Cloudy",3.35,High - jasmine,1m to bare soil,15,"1.0m height, 45-deg downward",25,2135,2410,9.2,bee_crops/PSBB-CHN-003_video_11_track_25.jpg,BEE_EVENT_CHN_00835,0.593,Re-entry (P=59%)
PSBB-CHN-004_video_08.mp4,8/20/2026 9:07,"29C, Partly Cloudy",3.28,Low - mixed ornamental planting,1m to bare soil,15,"0.9m height, 40-deg downward",56,937,1478,18.06,bee_crops/PSBB-CHN-004_video_08_track_56.jpg,BEE_EVENT_CHN_00835,0.509,Re-entry (P=51%)
PSBB-CHN-004_video_09.mp4,8/31/2026 17:02,"33C, Humid/Partly Cloudy",0.71,Low - mixed ornamental planting,3m to planted soil,15,"0.8m height, 45-deg downward",86,1719,1949,7.7,bee_crops/PSBB-CHN-004_video_09_track_86.jpg,BEE_EVENT_CHN_00836,0,New Unique Individual
PSBB-CHN-003_video_04.mp4,7/25/2026 9:01,"35C, Humid/Sunny",0.78,Medium - tropical garden mix,4m to shrub border,15,"0.9m height, 40-deg downward",50,4404,4467,2.14,bee_crops/PSBB-CHN-003_video_04_track_50.jpg,BEE_EVENT_CHN_00836,0.76,Re-entry (P=76%)
PSBB-CHN-001_video_10.mp4,7/13/2026 15:25,"34C, Humid/Partly Cloudy",2.9,High - hibiscus,2m to bare soil,15,"1.2m height, 50-deg downward",7,2461,2612,5.07,bee_crops/PSBB-CHN-001_video_10_track_7.jpg,BEE_EVENT_CHN_00837,0,New Unique Individual
PSBB-CHN-002_video_11.mp4,8/26/2026 17:08,"34C, Humid/Partly Cloudy",1.44,High - jasmine,4m to shrub border,15,"0.9m height, 40-deg downward",37,1206,1757,18.39,bee_crops/PSBB-CHN-002_video_11_track_37.jpg,BEE_EVENT_CHN_00838,0,New Unique Individual
PSBB-CHN-002_video_12.mp4,7/10/2026 7:40,"31C, Sunny",0.85,High - ixora,1m to bare soil,15,"1.0m height, 45-deg downward",65,3338,3495,5.28,bee_crops/PSBB-CHN-002_video_12_track_65.jpg,BEE_EVENT_CHN_00839,0.321,New Unique Individual
PSBB-CHN-002_video_02.mp4,8/23/2026 7:27,"30C, Humid/Sunny",3.62,Medium - tropical garden mix,2m to bare soil,15,"1.0m height, 45-deg downward",60,4485,4830,11.55,bee_crops/PSBB-CHN-002_video_02_track_60.jpg,BEE_EVENT_CHN_00840,0,New Unique Individual
PSBB-CHN-005_video_11.mp4,7/8/2026 16:07,"30C, Partly Cloudy",2.13,High - jasmine,6m to leaf litter,15,"1.2m height, 50-deg downward",25,3714,3878,5.49,bee_crops/PSBB-CHN-005_video_11_track_25.jpg,BEE_EVENT_CHN_00841,0,New Unique Individual
PSBB-CHN-001_video_03.mp4,8/29/2026 16:29,"27C, Sunny",1.72,High - bougainvillea,3m to planted soil,15,"0.9m height, 40-deg downward",56,2993,3188,6.54,bee_crops/PSBB-CHN-001_video_03_track_56.jpg,BEE_EVENT_CHN_00841,0.7,Re-entry (P=70%)
PSBB-CHN-001_video_12.mp4,7/12/2026 15:16,"28C, Humid/Sunny",2.99,High - hibiscus,2m to bare soil,15,"1.0m height, 45-deg downward",39,3191,3438,8.25,bee_crops/PSBB-CHN-001_video_12_track_39.jpg,BEE_EVENT_CHN_00842,0,New Unique Individual
PSBB-CHN-005_video_12.mp4,8/11/2026 16:44,"33C, Humid/Sunny",3.74,Medium - zinnia,1m to bare soil,15,"0.8m height, 45-deg downward",4,1379,1560,6.08,bee_crops/PSBB-CHN-005_video_12_track_4.jpg,BEE_EVENT_CHN_00843,0,New Unique Individual
PSBB-CHN-002_video_01.mp4,8/4/2026 16:31,"30C, Humid/Partly Cloudy",0.89,High - lantana,3m to planted soil,15,"1.0m height, 45-deg downward",37,716,1093,12.6,bee_crops/PSBB-CHN-002_video_01_track_37.jpg,BEE_EVENT_CHN_00844,0,New Unique Individual
PSBB-CHN-001_video_01.mp4,7/13/2026 8:47,"34C, Humid/Sunny",0.71,High - lantana,4m to shrub border,15,"0.9m height, 40-deg downward",68,1688,1835,4.93,bee_crops/PSBB-CHN-001_video_01_track_68.jpg,BEE_EVENT_CHN_00845,0.428,New Unique Individual
PSBB-CHN-001_video_11.mp4,7/23/2026 16:21,"33C, Partly Cloudy",0.96,High - bougainvillea,8m to tree/shrub edge,15,"0.8m height, 45-deg downward",79,1688,1901,7.14,bee_crops/PSBB-CHN-001_video_11_track_79.jpg,BEE_EVENT_CHN_00845,0.521,Re-entry (P=52%)
PSBB-CHN-003_video_07.mp4,7/16/2026 16:47,"28C, Partly Cloudy",1.85,Medium - mixed flowering ornamentals,3m to planted soil,15,"1.0m height, 45-deg downward",18,542,739,6.61,bee_crops/PSBB-CHN-003_video_07_track_18.jpg,BEE_EVENT_CHN_00846,0,New Unique Individual
PSBB-CHN-003_video_09.mp4,7/13/2026 15:24,"33C, Humid/Partly Cloudy",1.67,High - bougainvillea,4m to shrub border,15,"0.9m height, 40-deg downward",48,4493,4695,6.78,bee_crops/PSBB-CHN-003_video_09_track_48.jpg,BEE_EVENT_CHN_00846,0.652,Re-entry (P=65%)
PSBB-CHN-002_video_04.mp4,7/2/2026 9:42,"33C, Humid/Partly Cloudy",1.65,Medium - marigold,3m to planted soil,15,"1.2m height, 50-deg downward",58,3701,3832,4.39,bee_crops/PSBB-CHN-002_video_04_track_58.jpg,BEE_EVENT_CHN_00847,0,New Unique Individual
PSBB-CHN-003_video_03.mp4,7/27/2026 9:16,"27C, Partly Cloudy",2.38,High - bougainvillea,6m to leaf litter,15,"0.9m height, 40-deg downward",16,2629,2701,2.43,bee_crops/PSBB-CHN-003_video_03_track_16.jpg,BEE_EVENT_CHN_00847,0.611,Re-entry (P=61%)
PSBB-CHN-002_video_06.mp4,8/15/2026 17:03,"28C, Humid/Sunny",1.53,High - lantana,2m to bare soil,15,"0.8m height, 45-deg downward",70,4107,4380,9.14,bee_crops/PSBB-CHN-002_video_06_track_70.jpg,BEE_EVENT_CHN_00848,0.467,New Unique Individual
PSBB-CHN-002_video_08.mp4,7/13/2026 7:38,"30C, Sunny",3.4,High - bougainvillea,4m to shrub border,15,"0.8m height, 45-deg downward",85,4848,4899,1.75,bee_crops/PSBB-CHN-002_video_08_track_85.jpg,BEE_EVENT_CHN_00849,0,New Unique Individual
PSBB-CHN-001_video_05.mp4,8/28/2026 7:07,"28C, Partly Cloudy",2.04,High - lantana,6m to leaf litter,15,"1.0m height, 45-deg downward",18,818,1054,7.91,bee_crops/PSBB-CHN-001_video_05_track_18.jpg,BEE_EVENT_CHN_00849,0.566,Re-entry (P=57%)
PSBB-CHN-005_video_10.mp4,8/2/2026 8:10,"34C, Sunny",3.14,Medium - mixed flowering ornamentals,1m to bare soil,15,"1.2m height, 50-deg downward",8,1851,2154,10.12,bee_crops/PSBB-CHN-005_video_10_track_8.jpg,BEE_EVENT_CHN_00850,0,New Unique Individual
PSBB-CHN-001_video_10.mp4,7/7/2026 16:00,"32C, Sunny",1.98,Medium - mixed flowering ornamentals,2m to bare soil,15,"0.9m height, 40-deg downward",47,5259,5926,22.25,bee_crops/PSBB-CHN-001_video_10_track_47.jpg,BEE_EVENT_CHN_00851,0,New Unique Individual
PSBB-CHN-003_video_09.mp4,8/25/2026 9:37,"27C, Sunny",1.93,Medium - zinnia,2m to bare soil,15,"0.9m height, 40-deg downward",39,851,952,3.39,bee_crops/PSBB-CHN-003_video_09_track_39.jpg,BEE_EVENT_CHN_00852,0,New Unique Individual
PSBB-CHN-002_video_01.mp4,8/12/2026 15:37,"31C, Partly Cloudy",3.79,Medium - mixed flowering ornamentals,6m to leaf litter,15,"0.8m height, 45-deg downward",36,4630,4776,4.89,bee_crops/PSBB-CHN-002_video_01_track_36.jpg,BEE_EVENT_CHN_00853,0,New Unique Individual
PSBB-CHN-003_video_11.mp4,7/19/2026 15:29,"33C, Cloudy",2.52,Medium - marigold,8m to tree/shrub edge,15,"1.0m height, 45-deg downward",1,4986,5156,5.71,bee_crops/PSBB-CHN-003_video_11_track_1.jpg,BEE_EVENT_CHN_00854,0,New Unique Individual
PSBB-CHN-002_video_04.mp4,7/11/2026 16:14,"34C, Sunny",2.72,Medium - tropical garden mix,1m to bare soil,15,"0.9m height, 40-deg downward",80,340,610,9.03,bee_crops/PSBB-CHN-002_video_04_track_80.jpg,BEE_EVENT_CHN_00855,0,New Unique Individual
PSBB-CHN-004_video_07.mp4,7/5/2026 17:41,"27C, Humid/Partly Cloudy",1.08,Medium - mixed flowering ornamentals,2m to bare soil,15,"0.9m height, 40-deg downward",79,4236,4330,3.16,bee_crops/PSBB-CHN-004_video_07_track_79.jpg,BEE_EVENT_CHN_00856,0,New Unique Individual
PSBB-CHN-005_video_04.mp4,8/21/2026 7:24,"31C, Humid/Sunny",2.55,Medium - tropical garden mix,1m to bare soil,15,"1.2m height, 50-deg downward",55,3094,3735,21.39,bee_crops/PSBB-CHN-005_video_04_track_55.jpg,BEE_EVENT_CHN_00857,0,New Unique Individual
PSBB-CHN-005_video_06.mp4,8/24/2026 16:19,"32C, Humid/Sunny",0.85,Low - mixed ornamental planting,4m to shrub border,15,"0.8m height, 45-deg downward",81,2916,3061,4.85,bee_crops/PSBB-CHN-005_video_06_track_81.jpg,BEE_EVENT_CHN_00858,0,New Unique Individual
PSBB-CHN-005_video_11.mp4,8/26/2026 8:09,"28C, Humid/Partly Cloudy",1.97,High - ixora,8m to tree/shrub edge,15,"1.2m height, 50-deg downward",51,4949,5089,4.69,bee_crops/PSBB-CHN-005_video_11_track_51.jpg,BEE_EVENT_CHN_00859,0,New Unique Individual
PSBB-CHN-003_video_09.mp4,7/23/2026 8:08,"31C, Sunny",1.36,Medium - mixed flowering ornamentals,4m to shrub border,15,"0.9m height, 40-deg downward",67,3815,3921,3.56,bee_crops/PSBB-CHN-003_video_09_track_67.jpg,BEE_EVENT_CHN_00860,0,New Unique Individual
PSBB-CHN-001_video_04.mp4,8/23/2026 10:24,"30C, Cloudy",2.23,Medium - tropical garden mix,2m to bare soil,15,"1.0m height, 45-deg downward",70,2384,2461,2.59,bee_crops/PSBB-CHN-001_video_04_track_70.jpg,BEE_EVENT_CHN_00861,0,New Unique Individual
PSBB-CHN-004_video_05.mp4,8/19/2026 16:11,"29C, Humid/Partly Cloudy",2.98,Medium - mixed flowering ornamentals,3m to planted soil,15,"0.9m height, 40-deg downward",72,832,898,2.24,bee_crops/PSBB-CHN-004_video_05_track_72.jpg,BEE_EVENT_CHN_00862,0,New Unique Individual
PSBB-CHN-002_video_03.mp4,7/23/2026 17:12,"27C, Humid/Sunny",1.97,High - lantana,4m to shrub border,15,"1.2m height, 50-deg downward",85,641,734,3.13,bee_crops/PSBB-CHN-002_video_03_track_85.jpg,BEE_EVENT_CHN_00863,0.488,New Unique Individual
PSBB-CHN-002_video_08.mp4,7/17/2026 10:17,"34C, Humid/Sunny",1.13,Low - mixed ornamental planting,4m to shrub border,15,"1.0m height, 45-deg downward",79,1451,1760,10.32,bee_crops/PSBB-CHN-002_video_08_track_79.jpg,BEE_EVENT_CHN_00863,0.545,Re-entry (P=54%)
PSBB-CHN-002_video_05.mp4,8/13/2026 10:03,"35C, Humid/Partly Cloudy",0.82,Medium - zinnia,1m to bare soil,15,"0.8m height, 45-deg downward",48,1915,2242,10.94,bee_crops/PSBB-CHN-002_video_05_track_48.jpg,BEE_EVENT_CHN_00864,0,New Unique Individual
PSBB-CHN-005_video_02.mp4,8/12/2026 9:07,"34C, Humid/Sunny",3.37,High - hibiscus,2m to bare soil,15,"0.8m height, 45-deg downward",17,335,516,6.06,bee_crops/PSBB-CHN-005_video_02_track_17.jpg,BEE_EVENT_CHN_00865,0,New Unique Individual
PSBB-CHN-001_video_09.mp4,8/10/2026 8:09,"32C, Sunny",2.56,High - bougainvillea,2m to bare soil,15,"1.0m height, 45-deg downward",10,2030,2308,9.3,bee_crops/PSBB-CHN-001_video_09_track_10.jpg,BEE_EVENT_CHN_00866,0,New Unique Individual
PSBB-CHN-005_video_05.mp4,8/10/2026 16:37,"29C, Partly Cloudy",3.53,Medium - marigold,1m to bare soil,15,"1.2m height, 50-deg downward",42,297,424,4.25,bee_crops/PSBB-CHN-005_video_05_track_42.jpg,BEE_EVENT_CHN_00866,0.782,Re-entry (P=78%)
PSBB-CHN-005_video_01.mp4,8/15/2026 16:10,"32C, Humid/Sunny",2.56,High - lantana,4m to shrub border,15,"0.8m height, 45-deg downward",45,3948,4195,8.28,bee_crops/PSBB-CHN-005_video_01_track_45.jpg,BEE_EVENT_CHN_00867,0.401,New Unique Individual
PSBB-CHN-002_video_12.mp4,8/6/2026 16:50,"28C, Sunny",3.54,Low - mixed ornamental planting,1m to bare soil,15,"1.0m height, 45-deg downward",26,5274,5744,15.71,bee_crops/PSBB-CHN-002_video_12_track_26.jpg,BEE_EVENT_CHN_00868,0.352,New Unique Individual
PSBB-CHN-004_video_11.mp4,7/9/2026 8:49,"28C, Partly Cloudy",1.98,Medium - marigold,3m to planted soil,15,"1.2m height, 50-deg downward",53,2050,2158,3.63,bee_crops/PSBB-CHN-004_video_11_track_53.jpg,BEE_EVENT_CHN_00868,0.625,Re-entry (P=63%)
PSBB-CHN-005_video_10.mp4,8/24/2026 10:39,"28C, Humid/Partly Cloudy",3.52,Medium - zinnia,8m to tree/shrub edge,15,"1.2m height, 50-deg downward",31,4557,4643,2.89,bee_crops/PSBB-CHN-005_video_10_track_31.jpg,BEE_EVENT_CHN_00869,0,New Unique Individual
PSBB-CHN-002_video_04.mp4,7/31/2026 9:45,"28C, Sunny",1.78,Medium - zinnia,3m to planted soil,15,"0.9m height, 40-deg downward",87,3043,3387,11.5,bee_crops/PSBB-CHN-002_video_04_track_87.jpg,BEE_EVENT_CHN_00870,0,New Unique Individual
PSBB-CHN-001_video_11.mp4,7/25/2026 16:14,"29C, Sunny",3.13,Medium - zinnia,6m to leaf litter,15,"1.2m height, 50-deg downward",21,688,999,10.39,bee_crops/PSBB-CHN-001_video_11_track_21.jpg,BEE_EVENT_CHN_00871,0,New Unique Individual
PSBB-CHN-003_video_05.mp4,7/28/2026 10:31,"27C, Humid/Sunny",0.97,High - hibiscus,1m to bare soil,15,"1.2m height, 50-deg downward",41,1893,2371,15.98,bee_crops/PSBB-CHN-003_video_05_track_41.jpg,BEE_EVENT_CHN_00872,0,New Unique Individual
PSBB-CHN-003_video_01.mp4,8/25/2026 8:36,"29C, Partly Cloudy",2.92,Medium - marigold,2m to bare soil,15,"0.9m height, 40-deg downward",25,1253,1673,14.02,bee_crops/PSBB-CHN-003_video_01_track_25.jpg,BEE_EVENT_CHN_00872,0.787,Re-entry (P=79%)
PSBB-CHN-004_video_11.mp4,8/25/2026 10:06,"28C, Partly Cloudy",0.8,High - jasmine,6m to leaf litter,15,"0.9m height, 40-deg downward",80,3291,3524,7.8,bee_crops/PSBB-CHN-004_video_11_track_80.jpg,BEE_EVENT_CHN_00872,0.722,Re-entry (P=72%)
PSBB-CHN-001_video_09.mp4,8/5/2026 8:01,"32C, Cloudy",0.87,Medium - marigold,1m to bare soil,15,"1.2m height, 50-deg downward",59,5270,5577,10.28,bee_crops/PSBB-CHN-001_video_09_track_59.jpg,BEE_EVENT_CHN_00873,0,New Unique Individual
PSBB-CHN-002_video_08.mp4,7/24/2026 10:16,"27C, Humid/Sunny",1.27,Medium - zinnia,2m to bare soil,15,"1.0m height, 45-deg downward",77,1568,1875,10.26,bee_crops/PSBB-CHN-002_video_08_track_77.jpg,BEE_EVENT_CHN_00874,0.46,New Unique Individual
PSBB-CHN-003_video_02.mp4,7/12/2026 16:39,"28C, Partly Cloudy",1.08,High - lantana,6m to leaf litter,15,"1.2m height, 50-deg downward",75,2260,2400,4.69,bee_crops/PSBB-CHN-003_video_02_track_75.jpg,BEE_EVENT_CHN_00875,0,New Unique Individual
PSBB-CHN-001_video_08.mp4,8/17/2026 15:19,"28C, Humid/Sunny",1.05,High - lantana,6m to leaf litter,15,"0.9m height, 40-deg downward",3,2208,2306,3.29,bee_crops/PSBB-CHN-001_video_08_track_3.jpg,BEE_EVENT_CHN_00876,0,New Unique Individual
PSBB-CHN-003_video_03.mp4,7/1/2026 17:15,"30C, Humid/Partly Cloudy",2.52,Medium - mixed flowering ornamentals,6m to leaf litter,15,"0.8m height, 45-deg downward",78,985,1462,15.94,bee_crops/PSBB-CHN-003_video_03_track_78.jpg,BEE_EVENT_CHN_00877,0,New Unique Individual
PSBB-CHN-002_video_11.mp4,7/24/2026 16:03,"27C, Partly Cloudy",3.62,Medium - mixed flowering ornamentals,1m to bare soil,15,"0.9m height, 40-deg downward",2,4568,4901,11.13,bee_crops/PSBB-CHN-002_video_11_track_2.jpg,BEE_EVENT_CHN_00878,0,New Unique Individual
PSBB-CHN-003_video_11.mp4,7/30/2026 8:50,"32C, Humid/Partly Cloudy",2.66,High - bougainvillea,1m to bare soil,15,"0.8m height, 45-deg downward",17,2881,2985,3.5,bee_crops/PSBB-CHN-003_video_11_track_17.jpg,BEE_EVENT_CHN_00879,0,New Unique Individual
PSBB-CHN-003_video_12.mp4,7/21/2026 15:08,"31C, Sunny",1.66,Medium - zinnia,8m to tree/shrub edge,15,"1.2m height, 50-deg downward",88,1572,2372,26.71,bee_crops/PSBB-CHN-003_video_12_track_88.jpg,BEE_EVENT_CHN_00879,0.6,Re-entry (P=60%)
PSBB-CHN-004_video_05.mp4,8/24/2026 17:40,"29C, Sunny",1.79,Medium - zinnia,3m to planted soil,15,"0.9m height, 40-deg downward",42,4386,4554,5.64,bee_crops/PSBB-CHN-004_video_05_track_42.jpg,BEE_EVENT_CHN_00879,0.598,Re-entry (P=60%)
PSBB-CHN-003_video_05.mp4,7/31/2026 9:20,"29C, Partly Cloudy",1.51,Medium - marigold,2m to bare soil,15,"1.0m height, 45-deg downward",74,1596,2010,13.82,bee_crops/PSBB-CHN-003_video_05_track_74.jpg,BEE_EVENT_CHN_00880,0,New Unique Individual
PSBB-CHN-005_video_09.mp4,7/26/2026 17:26,"30C, Cloudy",2,Medium - zinnia,3m to planted soil,15,"0.9m height, 40-deg downward",56,993,1248,8.54,bee_crops/PSBB-CHN-005_video_09_track_56.jpg,BEE_EVENT_CHN_00881,0,New Unique Individual
PSBB-CHN-002_video_01.mp4,8/6/2026 7:07,"30C, Humid/Sunny",1.98,High - bougainvillea,6m to leaf litter,15,"0.8m height, 45-deg downward",19,3896,3994,3.31,bee_crops/PSBB-CHN-002_video_01_track_19.jpg,BEE_EVENT_CHN_00882,0,New Unique Individual
PSBB-CHN-001_video_09.mp4,8/7/2026 8:30,"31C, Partly Cloudy",3.42,High - hibiscus,6m to leaf litter,15,"0.9m height, 40-deg downward",77,172,369,6.6,bee_crops/PSBB-CHN-001_video_09_track_77.jpg,BEE_EVENT_CHN_00883,0,New Unique Individual
PSBB-CHN-002_video_10.mp4,8/23/2026 17:42,"35C, Cloudy",1.88,Medium - marigold,2m to bare soil,15,"0.9m height, 40-deg downward",26,2394,2524,4.37,bee_crops/PSBB-CHN-002_video_10_track_26.jpg,BEE_EVENT_CHN_00884,0.465,New Unique Individual
PSBB-CHN-004_video_11.mp4,8/18/2026 10:04,"33C, Humid/Sunny",3.76,High - jasmine,8m to tree/shrub edge,15,"1.0m height, 45-deg downward",11,4025,4148,4.12,bee_crops/PSBB-CHN-004_video_11_track_11.jpg,BEE_EVENT_CHN_00885,0,New Unique Individual
PSBB-CHN-005_video_06.mp4,7/22/2026 17:39,"28C, Humid/Sunny",2.68,High - ixora,2m to bare soil,15,"0.9m height, 40-deg downward",46,3247,3367,4.02,bee_crops/PSBB-CHN-005_video_06_track_46.jpg,BEE_EVENT_CHN_00886,0,New Unique Individual
PSBB-CHN-003_video_04.mp4,8/6/2026 7:26,"29C, Humid/Sunny",2.04,Medium - tropical garden mix,6m to leaf litter,15,"0.8m height, 45-deg downward",2,557,812,8.55,bee_crops/PSBB-CHN-003_video_04_track_2.jpg,BEE_EVENT_CHN_00887,0,New Unique Individual
PSBB-CHN-001_video_06.mp4,7/7/2026 9:04,"35C, Cloudy",2.84,Medium - zinnia,6m to leaf litter,15,"0.8m height, 45-deg downward",9,2364,2536,5.76,bee_crops/PSBB-CHN-001_video_06_track_9.jpg,BEE_EVENT_CHN_00888,0,New Unique Individual
PSBB-CHN-001_video_01.mp4,8/25/2026 8:47,"34C, Sunny",2.25,High - ixora,3m to planted soil,15,"1.2m height, 50-deg downward",28,4558,4683,4.21,bee_crops/PSBB-CHN-001_video_01_track_28.jpg,BEE_EVENT_CHN_00889,0,New Unique Individual
PSBB-CHN-002_video_03.mp4,8/27/2026 17:44,"32C, Humid/Partly Cloudy",3.63,Low - mixed ornamental planting,1m to bare soil,15,"1.2m height, 50-deg downward",63,2283,2397,3.82,bee_crops/PSBB-CHN-002_video_03_track_63.jpg,BEE_EVENT_CHN_00890,0,New Unique Individual
PSBB-CHN-001_video_05.mp4,8/23/2026 8:50,"28C, Humid/Partly Cloudy",3.7,Medium - zinnia,1m to bare soil,15,"1.0m height, 45-deg downward",35,2139,2208,2.33,bee_crops/PSBB-CHN-001_video_05_track_35.jpg,BEE_EVENT_CHN_00891,0,New Unique Individual
PSBB-CHN-003_video_05.mp4,7/27/2026 9:40,"32C, Humid/Sunny",2.35,High - hibiscus,4m to shrub border,15,"1.2m height, 50-deg downward",25,3794,4347,18.48,bee_crops/PSBB-CHN-003_video_05_track_25.jpg,BEE_EVENT_CHN_00892,0,New Unique Individual
PSBB-CHN-001_video_11.mp4,8/10/2026 10:15,"27C, Humid/Sunny",2.08,Medium - mixed flowering ornamentals,8m to tree/shrub edge,15,"1.2m height, 50-deg downward",47,1894,2173,9.33,bee_crops/PSBB-CHN-001_video_11_track_47.jpg,BEE_EVENT_CHN_00893,0,New Unique Individual
PSBB-CHN-004_video_04.mp4,8/17/2026 8:04,"28C, Humid/Partly Cloudy",1.86,High - hibiscus,6m to leaf litter,15,"0.8m height, 45-deg downward",77,3479,3568,3.01,bee_crops/PSBB-CHN-004_video_04_track_77.jpg,BEE_EVENT_CHN_00894,0,New Unique Individual
PSBB-CHN-003_video_11.mp4,8/16/2026 10:14,"30C, Humid/Partly Cloudy",0.78,Low - mixed ornamental planting,6m to leaf litter,15,"0.8m height, 45-deg downward",44,4329,4758,14.34,bee_crops/PSBB-CHN-003_video_11_track_44.jpg,BEE_EVENT_CHN_00895,0,New Unique Individual
PSBB-CHN-003_video_01.mp4,7/21/2026 8:43,"32C, Partly Cloudy",1.72,High - ixora,3m to planted soil,15,"0.9m height, 40-deg downward",13,3060,3259,6.65,bee_crops/PSBB-CHN-003_video_01_track_13.jpg,BEE_EVENT_CHN_00895,0.658,Re-entry (P=66%)
PSBB-CHN-002_video_08.mp4,8/2/2026 15:16,"30C, Humid/Partly Cloudy",1.74,Low - mixed ornamental planting,8m to tree/shrub edge,15,"1.2m height, 50-deg downward",15,5282,5518,7.89,bee_crops/PSBB-CHN-002_video_08_track_15.jpg,BEE_EVENT_CHN_00895,0.514,Re-entry (P=51%)
PSBB-CHN-003_video_03.mp4,8/7/2026 7:21,"32C, Humid/Partly Cloudy",2.5,High - lantana,6m to leaf litter,15,"1.0m height, 45-deg downward",43,1509,1674,5.55,bee_crops/PSBB-CHN-003_video_03_track_43.jpg,BEE_EVENT_CHN_00896,0.382,New Unique Individual
PSBB-CHN-001_video_01.mp4,8/12/2026 8:13,"35C, Humid/Partly Cloudy",2.58,Medium - marigold,3m to planted soil,15,"0.9m height, 40-deg downward",48,758,996,7.96,bee_crops/PSBB-CHN-001_video_01_track_48.jpg,BEE_EVENT_CHN_00897,0,New Unique Individual
PSBB-CHN-005_video_06.mp4,8/7/2026 10:24,"32C, Sunny",3.79,High - bougainvillea,4m to shrub border,15,"0.8m height, 45-deg downward",21,2522,2753,7.73,bee_crops/PSBB-CHN-005_video_06_track_21.jpg,BEE_EVENT_CHN_00898,0.49,New Unique Individual
PSBB-CHN-002_video_02.mp4,8/18/2026 16:40,"29C, Cloudy",2.27,High - lantana,3m to planted soil,15,"0.8m height, 45-deg downward",20,865,1007,4.78,bee_crops/PSBB-CHN-002_video_02_track_20.jpg,BEE_EVENT_CHN_00899,0,New Unique Individual
PSBB-CHN-002_video_11.mp4,8/2/2026 16:10,"35C, Humid/Sunny",3.62,Medium - marigold,8m to tree/shrub edge,15,"1.0m height, 45-deg downward",86,1615,2797,39.44,bee_crops/PSBB-CHN-002_video_11_track_86.jpg,BEE_EVENT_CHN_00899,0.743,Re-entry (P=74%)
PSBB-CHN-001_video_01.mp4,7/25/2026 10:21,"28C, Humid/Sunny",0.79,Medium - mixed flowering ornamentals,4m to shrub border,15,"0.9m height, 40-deg downward",18,902,1028,4.22,bee_crops/PSBB-CHN-001_video_01_track_18.jpg,BEE_EVENT_CHN_00900,0,New Unique Individual
PSBB-CHN-005_video_08.mp4,8/25/2026 17:35,"35C, Humid/Partly Cloudy",3.39,High - bougainvillea,8m to tree/shrub edge,15,"0.9m height, 40-deg downward",17,2273,2578,10.21,bee_crops/PSBB-CHN-005_video_08_track_17.jpg,BEE_EVENT_CHN_00901,0,New Unique Individual
PSBB-CHN-001_video_04.mp4,7/16/2026 8:08,"28C, Partly Cloudy",0.89,High - hibiscus,4m to shrub border,15,"1.2m height, 50-deg downward",15,1096,1267,5.72,bee_crops/PSBB-CHN-001_video_04_track_15.jpg,BEE_EVENT_CHN_00902,0,New Unique Individual
PSBB-CHN-001_video_02.mp4,7/3/2026 10:22,"28C, Humid/Partly Cloudy",2.27,High - ixora,1m to bare soil,15,"1.0m height, 45-deg downward",76,443,876,14.47,bee_crops/PSBB-CHN-001_video_02_track_76.jpg,BEE_EVENT_CHN_00903,0,New Unique Individual
PSBB-CHN-001_video_09.mp4,7/11/2026 16:13,"30C, Partly Cloudy",1.8,Medium - mixed flowering ornamentals,1m to bare soil,15,"1.2m height, 50-deg downward",13,2928,3262,11.16,bee_crops/PSBB-CHN-001_video_09_track_13.jpg,BEE_EVENT_CHN_00904,0,New Unique Individual
PSBB-CHN-004_video_07.mp4,7/29/2026 9:01,"27C, Partly Cloudy",3.24,Medium - tropical garden mix,4m to shrub border,15,"0.8m height, 45-deg downward",34,3208,3292,2.84,bee_crops/PSBB-CHN-004_video_07_track_34.jpg,BEE_EVENT_CHN_00904,0.802,Re-entry (P=80%)
PSBB-CHN-002_video_06.mp4,7/11/2026 7:37,"31C, Sunny",3.44,Medium - marigold,4m to shrub border,15,"1.0m height, 45-deg downward",88,2921,3045,4.15,bee_crops/PSBB-CHN-002_video_06_track_88.jpg,BEE_EVENT_CHN_00905,0.439,New Unique Individual
PSBB-CHN-003_video_08.mp4,7/5/2026 9:00,"33C, Sunny",1.58,Low - mixed ornamental planting,4m to shrub border,15,"0.8m height, 45-deg downward",13,341,1199,28.64,bee_crops/PSBB-CHN-003_video_08_track_13.jpg,BEE_EVENT_CHN_00906,0,New Unique Individual
PSBB-CHN-001_video_01.mp4,8/28/2026 9:12,"32C, Cloudy",0.88,Medium - mixed flowering ornamentals,1m to bare soil,15,"0.8m height, 45-deg downward",9,4260,4454,6.51,bee_crops/PSBB-CHN-001_video_01_track_9.jpg,BEE_EVENT_CHN_00907,0,New Unique Individual
PSBB-CHN-002_video_12.mp4,8/18/2026 16:07,"28C, Humid/Sunny",2.14,High - bougainvillea,3m to planted soil,15,"1.2m height, 50-deg downward",3,1633,1816,6.12,bee_crops/PSBB-CHN-002_video_12_track_3.jpg,BEE_EVENT_CHN_00908,0,New Unique Individual
PSBB-CHN-002_video_03.mp4,8/16/2026 17:48,"32C, Cloudy",1.67,Medium - zinnia,8m to tree/shrub edge,15,"1.2m height, 50-deg downward",49,1184,1515,11.06,bee_crops/PSBB-CHN-002_video_03_track_49.jpg,BEE_EVENT_CHN_00908,0.547,Re-entry (P=55%)
PSBB-CHN-002_video_05.mp4,7/14/2026 8:48,"31C, Humid/Partly Cloudy",2.97,Low - mixed ornamental planting,6m to leaf litter,15,"0.8m height, 45-deg downward",22,243,457,7.17,bee_crops/PSBB-CHN-002_video_05_track_22.jpg,BEE_EVENT_CHN_00909,0.463,New Unique Individual
PSBB-CHN-005_video_02.mp4,7/29/2026 16:26,"27C, Humid/Sunny",2.12,High - ixora,8m to tree/shrub edge,15,"0.9m height, 40-deg downward",83,3882,4184,10.09,bee_crops/PSBB-CHN-005_video_02_track_83.jpg,BEE_EVENT_CHN_00910,0,New Unique Individual
PSBB-CHN-003_video_07.mp4,8/27/2026 17:05,"30C, Partly Cloudy",3.64,Medium - tropical garden mix,2m to bare soil,15,"1.0m height, 45-deg downward",20,1008,1939,31.08,bee_crops/PSBB-CHN-003_video_07_track_20.jpg,BEE_EVENT_CHN_00911,0,New Unique Individual
PSBB-CHN-001_video_11.mp4,8/7/2026 7:36,"29C, Sunny",3.7,High - ixora,3m to planted soil,15,"0.9m height, 40-deg downward",52,4560,4801,8.08,bee_crops/PSBB-CHN-001_video_11_track_52.jpg,BEE_EVENT_CHN_00911,0.945,Re-entry (P=95%)
PSBB-CHN-002_video_12.mp4,7/6/2026 10:10,"33C, Humid/Sunny",0.96,High - lantana,3m to planted soil,15,"1.2m height, 50-deg downward",63,126,444,10.62,bee_crops/PSBB-CHN-002_video_12_track_63.jpg,BEE_EVENT_CHN_00912,0,New Unique Individual
PSBB-CHN-004_video_10.mp4,7/8/2026 10:45,"30C, Cloudy",2.24,Medium - marigold,4m to shrub border,15,"0.8m height, 45-deg downward",4,2727,3096,12.33,bee_crops/PSBB-CHN-004_video_10_track_4.jpg,BEE_EVENT_CHN_00912,0.736,Re-entry (P=74%)
PSBB-CHN-001_video_08.mp4,7/4/2026 8:39,"30C, Cloudy",3.46,Medium - mixed flowering ornamentals,8m to tree/shrub edge,15,"1.0m height, 45-deg downward",41,476,942,15.57,bee_crops/PSBB-CHN-001_video_08_track_41.jpg,BEE_EVENT_CHN_00913,0,New Unique Individual
PSBB-CHN-003_video_11.mp4,7/18/2026 9:36,"33C, Humid/Sunny",2.22,Medium - mixed flowering ornamentals,8m to tree/shrub edge,15,"0.9m height, 40-deg downward",59,4111,4492,12.72,bee_crops/PSBB-CHN-003_video_11_track_59.jpg,BEE_EVENT_CHN_00914,0,New Unique Individual
PSBB-CHN-001_video_09.mp4,7/22/2026 7:14,"35C, Humid/Partly Cloudy",1.22,Medium - marigold,3m to planted soil,15,"1.2m height, 50-deg downward",41,1414,2031,20.59,bee_crops/PSBB-CHN-001_video_09_track_41.jpg,BEE_EVENT_CHN_00915,0,New Unique Individual
PSBB-CHN-005_video_07.mp4,7/27/2026 17:39,"30C, Humid/Partly Cloudy",3.6,High - jasmine,6m to leaf litter,15,"1.0m height, 45-deg downward",62,3440,3685,8.21,bee_crops/PSBB-CHN-005_video_07_track_62.jpg,BEE_EVENT_CHN_00915,0.506,Re-entry (P=51%)
PSBB-CHN-003_video_04.mp4,8/9/2026 8:09,"28C, Cloudy",2.32,High - jasmine,2m to bare soil,15,"1.0m height, 45-deg downward",20,2338,2460,4.11,bee_crops/PSBB-CHN-003_video_04_track_20.jpg,BEE_EVENT_CHN_00916,0,New Unique Individual
PSBB-CHN-003_video_04.mp4,7/9/2026 9:04,"31C, Humid/Partly Cloudy",3.16,High - bougainvillea,6m to leaf litter,15,"1.0m height, 45-deg downward",50,4864,5069,6.88,bee_crops/PSBB-CHN-003_video_04_track_50.jpg,BEE_EVENT_CHN_00917,0.424,New Unique Individual
PSBB-CHN-001_video_05.mp4,8/26/2026 16:32,"27C, Cloudy",2.48,High - hibiscus,6m to leaf litter,15,"1.0m height, 45-deg downward",50,3504,3707,6.8,bee_crops/PSBB-CHN-001_video_05_track_50.jpg,BEE_EVENT_CHN_00918,0,New Unique Individual
PSBB-CHN-002_video_03.mp4,7/25/2026 9:11,"35C, Cloudy",2.2,High - bougainvillea,6m to leaf litter,15,"1.2m height, 50-deg downward",6,440,599,5.32,bee_crops/PSBB-CHN-002_video_03_track_6.jpg,BEE_EVENT_CHN_00919,0.484,New Unique Individual
PSBB-CHN-003_video_05.mp4,7/2/2026 15:40,"35C, Partly Cloudy",3.2,Medium - mixed flowering ornamentals,4m to shrub border,15,"1.2m height, 50-deg downward",9,2327,2577,8.36,bee_crops/PSBB-CHN-003_video_05_track_9.jpg,BEE_EVENT_CHN_00920,0,New Unique Individual
PSBB-CHN-005_video_03.mp4,8/24/2026 15:09,"27C, Cloudy",2.44,Medium - zinnia,8m to tree/shrub edge,15,"1.2m height, 50-deg downward",12,2603,2782,6.01,bee_crops/PSBB-CHN-005_video_03_track_12.jpg,BEE_EVENT_CHN_00920,0.53,Re-entry (P=53%)
PSBB-CHN-005_video_05.mp4,8/19/2026 10:36,"28C, Partly Cloudy",1.47,High - hibiscus,1m to bare soil,15,"0.9m height, 40-deg downward",76,197,452,8.54,bee_crops/PSBB-CHN-005_video_05_track_76.jpg,BEE_EVENT_CHN_00921,0,New Unique Individual
PSBB-CHN-002_video_10.mp4,8/17/2026 15:39,"33C, Humid/Partly Cloudy",2.41,High - ixora,1m to bare soil,15,"0.8m height, 45-deg downward",61,1547,1691,4.82,bee_crops/PSBB-CHN-002_video_10_track_61.jpg,BEE_EVENT_CHN_00922,0,New Unique Individual
PSBB-CHN-002_video_04.mp4,7/25/2026 9:07,"35C, Humid/Sunny",0.79,High - bougainvillea,1m to bare soil,15,"0.9m height, 40-deg downward",29,2685,3092,13.6,bee_crops/PSBB-CHN-002_video_04_track_29.jpg,BEE_EVENT_CHN_00923,0,New Unique Individual
PSBB-CHN-004_video_01.mp4,7/16/2026 9:01,"27C, Humid/Partly Cloudy",0.73,High - hibiscus,6m to leaf litter,15,"1.0m height, 45-deg downward",15,3030,3370,11.38,bee_crops/PSBB-CHN-004_video_01_track_15.jpg,BEE_EVENT_CHN_00924,0,New Unique Individual
PSBB-CHN-001_video_09.mp4,8/12/2026 9:41,"33C, Humid/Sunny",2.69,High - ixora,2m to bare soil,15,"0.9m height, 40-deg downward",4,1981,2240,8.67,bee_crops/PSBB-CHN-001_video_09_track_4.jpg,BEE_EVENT_CHN_00925,0,New Unique Individual
PSBB-CHN-005_video_01.mp4,8/8/2026 10:11,"28C, Partly Cloudy",1.04,High - ixora,3m to planted soil,15,"1.0m height, 45-deg downward",82,64,307,8.14,bee_crops/PSBB-CHN-005_video_01_track_82.jpg,BEE_EVENT_CHN_00925,0.523,Re-entry (P=52%)
PSBB-CHN-001_video_08.mp4,7/19/2026 17:35,"35C, Humid/Sunny",2.29,Medium - tropical garden mix,3m to planted soil,15,"0.9m height, 40-deg downward",20,1995,2188,6.47,bee_crops/PSBB-CHN-001_video_08_track_20.jpg,BEE_EVENT_CHN_00926,0,New Unique Individual
PSBB-CHN-002_video_02.mp4,7/18/2026 8:18,"27C, Humid/Partly Cloudy",1.52,High - bougainvillea,2m to bare soil,15,"1.2m height, 50-deg downward",82,5194,5799,20.2,bee_crops/PSBB-CHN-002_video_02_track_82.jpg,BEE_EVENT_CHN_00927,0.399,New Unique Individual
PSBB-CHN-001_video_07.mp4,7/5/2026 7:00,"32C, Humid/Partly Cloudy",0.82,Low - mixed ornamental planting,4m to shrub border,15,"1.2m height, 50-deg downward",46,1194,1322,4.29,bee_crops/PSBB-CHN-001_video_07_track_46.jpg,BEE_EVENT_CHN_00928,0,New Unique Individual
PSBB-CHN-002_video_06.mp4,8/26/2026 10:19,"30C, Partly Cloudy",3.13,High - jasmine,2m to bare soil,15,"1.2m height, 50-deg downward",88,4545,5328,26.12,bee_crops/PSBB-CHN-002_video_06_track_88.jpg,BEE_EVENT_CHN_00929,0.389,New Unique Individual
PSBB-CHN-001_video_08.mp4,8/28/2026 17:01,"28C, Cloudy",1.13,Medium - mixed flowering ornamentals,3m to planted soil,15,"0.9m height, 40-deg downward",2,1564,1882,10.64,bee_crops/PSBB-CHN-001_video_08_track_2.jpg,BEE_EVENT_CHN_00930,0,New Unique Individual
PSBB-CHN-002_video_12.mp4,8/30/2026 7:37,"35C, Partly Cloudy",1.76,High - lantana,8m to tree/shrub edge,15,"1.2m height, 50-deg downward",4,4871,5111,8.03,bee_crops/PSBB-CHN-002_video_12_track_4.jpg,BEE_EVENT_CHN_00931,0,New Unique Individual
PSBB-CHN-001_video_03.mp4,8/12/2026 9:16,"29C, Sunny",0.87,High - jasmine,6m to leaf litter,15,"1.0m height, 45-deg downward",73,2028,2435,13.6,bee_crops/PSBB-CHN-001_video_03_track_73.jpg,BEE_EVENT_CHN_00931,0.671,Re-entry (P=67%)
PSBB-CHN-005_video_02.mp4,8/27/2026 10:25,"35C, Partly Cloudy",1.16,High - bougainvillea,6m to leaf litter,15,"0.8m height, 45-deg downward",63,1415,1602,6.27,bee_crops/PSBB-CHN-005_video_02_track_63.jpg,BEE_EVENT_CHN_00932,0,New Unique Individual
PSBB-CHN-001_video_04.mp4,7/29/2026 15:49,"30C, Cloudy",2.37,High - bougainvillea,3m to planted soil,15,"0.9m height, 40-deg downward",81,1603,2570,32.25,bee_crops/PSBB-CHN-001_video_04_track_81.jpg,BEE_EVENT_CHN_00933,0,New Unique Individual
PSBB-CHN-004_video_08.mp4,7/24/2026 8:34,"29C, Partly Cloudy",3.12,Low - mixed ornamental planting,8m to tree/shrub edge,15,"0.8m height, 45-deg downward",9,1779,2091,10.43,bee_crops/PSBB-CHN-004_video_08_track_9.jpg,BEE_EVENT_CHN_00934,0,New Unique Individual
PSBB-CHN-002_video_02.mp4,8/17/2026 8:42,"31C, Humid/Partly Cloudy",0.82,Medium - zinnia,6m to leaf litter,15,"1.2m height, 50-deg downward",37,2642,2866,7.5,bee_crops/PSBB-CHN-002_video_02_track_37.jpg,BEE_EVENT_CHN_00935,0,New Unique Individual
PSBB-CHN-002_video_07.mp4,7/10/2026 9:02,"34C, Partly Cloudy",2.46,Medium - tropical garden mix,4m to shrub border,15,"0.8m height, 45-deg downward",66,3502,4172,22.38,bee_crops/PSBB-CHN-002_video_07_track_66.jpg,BEE_EVENT_CHN_00936,0,New Unique Individual
PSBB-CHN-003_video_08.mp4,8/19/2026 7:11,"35C, Humid/Partly Cloudy",3.75,High - jasmine,3m to planted soil,15,"1.2m height, 50-deg downward",3,2942,3297,11.86,bee_crops/PSBB-CHN-003_video_08_track_3.jpg,BEE_EVENT_CHN_00937,0,New Unique Individual
PSBB-CHN-002_video_06.mp4,8/17/2026 10:37,"29C, Cloudy",1.11,Medium - tropical garden mix,1m to bare soil,15,"1.2m height, 50-deg downward",42,2637,3130,16.45,bee_crops/PSBB-CHN-002_video_06_track_42.jpg,BEE_EVENT_CHN_00938,0,New Unique Individual
PSBB-CHN-003_video_01.mp4,7/19/2026 9:01,"30C, Sunny",3.17,Medium - mixed flowering ornamentals,3m to planted soil,15,"1.0m height, 45-deg downward",23,4304,4511,6.95,bee_crops/PSBB-CHN-003_video_01_track_23.jpg,BEE_EVENT_CHN_00939,0,New Unique Individual
PSBB-CHN-005_video_06.mp4,7/14/2026 16:39,"32C, Cloudy",2.76,Low - mixed ornamental planting,2m to bare soil,15,"0.8m height, 45-deg downward",46,5120,5672,18.44,bee_crops/PSBB-CHN-005_video_06_track_46.jpg,BEE_EVENT_CHN_00940,0.444,New Unique Individual
PSBB-CHN-001_video_06.mp4,7/2/2026 15:33,"27C, Cloudy",2.04,Medium - mixed flowering ornamentals,1m to bare soil,15,"0.8m height, 45-deg downward",22,3248,3467,7.33,bee_crops/PSBB-CHN-001_video_06_track_22.jpg,BEE_EVENT_CHN_00941,0,New Unique Individual
PSBB-CHN-005_video_06.mp4,7/18/2026 8:32,"31C, Cloudy",1.51,High - hibiscus,1m to bare soil,15,"0.9m height, 40-deg downward",43,2513,2894,12.74,bee_crops/PSBB-CHN-005_video_06_track_43.jpg,BEE_EVENT_CHN_00941,0.713,Re-entry (P=71%)
PSBB-CHN-003_video_11.mp4,8/10/2026 8:36,"30C, Sunny",1.66,Medium - mixed flowering ornamentals,3m to planted soil,15,"0.8m height, 45-deg downward",41,4793,4904,3.73,bee_crops/PSBB-CHN-003_video_11_track_41.jpg,BEE_EVENT_CHN_00941,0.817,Re-entry (P=82%)
PSBB-CHN-001_video_11.mp4,8/16/2026 10:37,"33C, Sunny",2.59,High - hibiscus,3m to planted soil,15,"0.9m height, 40-deg downward",61,1486,1579,3.14,bee_crops/PSBB-CHN-001_video_11_track_61.jpg,BEE_EVENT_CHN_00942,0,New Unique Individual
PSBB-CHN-001_video_04.mp4,7/30/2026 17:46,"31C, Humid/Partly Cloudy",2.41,High - bougainvillea,3m to planted soil,15,"0.8m height, 45-deg downward",9,313,974,22.06,bee_crops/PSBB-CHN-001_video_04_track_9.jpg,BEE_EVENT_CHN_00943,0,New Unique Individual
PSBB-CHN-003_video_10.mp4,7/24/2026 10:38,"30C, Humid/Partly Cloudy",1.4,Low - mixed ornamental planting,8m to tree/shrub edge,15,"1.2m height, 50-deg downward",47,677,773,3.23,bee_crops/PSBB-CHN-003_video_10_track_47.jpg,BEE_EVENT_CHN_00944,0,New Unique Individual
PSBB-CHN-005_video_11.mp4,8/10/2026 7:08,"29C, Partly Cloudy",2.39,High - hibiscus,8m to tree/shrub edge,15,"0.9m height, 40-deg downward",28,1747,1933,6.23,bee_crops/PSBB-CHN-005_video_11_track_28.jpg,BEE_EVENT_CHN_00945,0,New Unique Individual
PSBB-CHN-004_video_06.mp4,8/8/2026 9:22,"30C, Sunny",2.32,High - jasmine,6m to leaf litter,15,"1.0m height, 45-deg downward",64,2109,2251,4.77,bee_crops/PSBB-CHN-004_video_06_track_64.jpg,BEE_EVENT_CHN_00945,0.631,Re-entry (P=63%)
PSBB-CHN-004_video_11.mp4,7/14/2026 9:46,"30C, Humid/Sunny",2.83,Low - mixed ornamental planting,6m to leaf litter,15,"1.2m height, 50-deg downward",47,1238,1700,15.44,bee_crops/PSBB-CHN-004_video_11_track_47.jpg,BEE_EVENT_CHN_00946,0.326,New Unique Individual
PSBB-CHN-001_video_01.mp4,7/10/2026 7:32,"33C, Sunny",0.81,High - hibiscus,2m to bare soil,15,"0.9m height, 40-deg downward",4,1471,1929,15.3,bee_crops/PSBB-CHN-001_video_01_track_4.jpg,BEE_EVENT_CHN_00947,0,New Unique Individual
PSBB-CHN-004_video_09.mp4,7/28/2026 8:46,"30C, Humid/Sunny",3.03,Low - mixed ornamental planting,2m to bare soil,15,"1.2m height, 50-deg downward",60,99,371,9.09,bee_crops/PSBB-CHN-004_video_09_track_60.jpg,BEE_EVENT_CHN_00948,0,New Unique Individual
PSBB-CHN-005_video_06.mp4,7/20/2026 7:16,"33C, Humid/Sunny",2.36,Low - mixed ornamental planting,3m to planted soil,15,"0.8m height, 45-deg downward",12,1075,1297,7.43,bee_crops/PSBB-CHN-005_video_06_track_12.jpg,BEE_EVENT_CHN_00949,0,New Unique Individual
PSBB-CHN-001_video_09.mp4,7/20/2026 8:23,"29C, Sunny",2.28,High - jasmine,6m to leaf litter,15,"0.9m height, 40-deg downward",59,1684,1948,8.84,bee_crops/PSBB-CHN-001_video_09_track_59.jpg,BEE_EVENT_CHN_00950,0,New Unique Individual
PSBB-CHN-004_video_06.mp4,8/19/2026 10:01,"28C, Cloudy",0.87,High - bougainvillea,1m to bare soil,15,"1.0m height, 45-deg downward",6,656,1485,27.67,bee_crops/PSBB-CHN-004_video_06_track_6.jpg,BEE_EVENT_CHN_00951,0,New Unique Individual
PSBB-CHN-002_video_06.mp4,7/15/2026 16:38,"29C, Partly Cloudy",2.39,High - hibiscus,2m to bare soil,15,"1.2m height, 50-deg downward",44,840,985,4.87,bee_crops/PSBB-CHN-002_video_06_track_44.jpg,BEE_EVENT_CHN_00952,0,New Unique Individual
PSBB-CHN-002_video_05.mp4,8/1/2026 10:29,"33C, Humid/Partly Cloudy",1.83,Medium - tropical garden mix,8m to tree/shrub edge,15,"1.2m height, 50-deg downward",8,2988,3358,12.38,bee_crops/PSBB-CHN-002_video_05_track_8.jpg,BEE_EVENT_CHN_00953,0,New Unique Individual
PSBB-CHN-001_video_10.mp4,7/24/2026 16:33,"32C, Partly Cloudy",3.17,High - hibiscus,3m to planted soil,15,"0.8m height, 45-deg downward",14,670,935,8.87,bee_crops/PSBB-CHN-001_video_10_track_14.jpg,BEE_EVENT_CHN_00954,0,New Unique Individual
PSBB-CHN-003_video_01.mp4,8/29/2026 15:36,"35C, Cloudy",2.32,Medium - marigold,2m to bare soil,15,"1.0m height, 45-deg downward",3,2996,3287,9.73,bee_crops/PSBB-CHN-003_video_01_track_3.jpg,BEE_EVENT_CHN_00955,0,New Unique Individual
PSBB-CHN-001_video_08.mp4,7/23/2026 15:41,"30C, Humid/Partly Cloudy",1.42,Medium - mixed flowering ornamentals,6m to leaf litter,15,"1.2m height, 50-deg downward",45,5177,5331,5.16,bee_crops/PSBB-CHN-001_video_08_track_45.jpg,BEE_EVENT_CHN_00956,0,New Unique Individual
PSBB-CHN-003_video_04.mp4,8/30/2026 16:20,"30C, Cloudy",1.63,High - ixora,4m to shrub border,15,"1.0m height, 45-deg downward",7,4654,4904,8.37,bee_crops/PSBB-CHN-003_video_04_track_7.jpg,BEE_EVENT_CHN_00957,0,New Unique Individual
PSBB-CHN-004_video_09.mp4,8/18/2026 7:42,"32C, Cloudy",1.51,High - bougainvillea,6m to leaf litter,15,"0.8m height, 45-deg downward",28,4042,4269,7.61,bee_crops/PSBB-CHN-004_video_09_track_28.jpg,BEE_EVENT_CHN_00957,0.514,Re-entry (P=51%)
PSBB-CHN-002_video_11.mp4,8/8/2026 15:39,"28C, Sunny",3.42,Medium - tropical garden mix,3m to planted soil,15,"1.2m height, 50-deg downward",88,2076,2329,8.46,bee_crops/PSBB-CHN-002_video_11_track_88.jpg,BEE_EVENT_CHN_00958,0,New Unique Individual
PSBB-CHN-002_video_05.mp4,8/1/2026 7:30,"32C, Humid/Partly Cloudy",1.7,High - bougainvillea,2m to bare soil,15,"0.9m height, 40-deg downward",42,5160,6081,30.73,bee_crops/PSBB-CHN-002_video_05_track_42.jpg,BEE_EVENT_CHN_00958,0.54,Re-entry (P=54%)
PSBB-CHN-003_video_10.mp4,8/8/2026 9:34,"30C, Sunny",3.26,High - hibiscus,2m to bare soil,15,"1.2m height, 50-deg downward",5,4023,4141,3.98,bee_crops/PSBB-CHN-003_video_10_track_5.jpg,BEE_EVENT_CHN_00959,0,New Unique Individual
PSBB-CHN-001_video_06.mp4,8/4/2026 15:39,"27C, Humid/Sunny",0.82,High - ixora,6m to leaf litter,15,"0.8m height, 45-deg downward",82,1320,1512,6.42,bee_crops/PSBB-CHN-001_video_06_track_82.jpg,BEE_EVENT_CHN_00959,0.545,Re-entry (P=55%)
PSBB-CHN-005_video_02.mp4,8/7/2026 8:17,"32C, Humid/Partly Cloudy",1.45,High - ixora,1m to bare soil,15,"0.9m height, 40-deg downward",56,1489,1832,11.46,bee_crops/PSBB-CHN-005_video_02_track_56.jpg,BEE_EVENT_CHN_00960,0,New Unique Individual
PSBB-CHN-005_video_03.mp4,8/18/2026 17:11,"32C, Partly Cloudy",1.13,Low - mixed ornamental planting,1m to bare soil,15,"1.2m height, 50-deg downward",11,4982,5216,7.82,bee_crops/PSBB-CHN-005_video_03_track_11.jpg,BEE_EVENT_CHN_00961,0,New Unique Individual
PSBB-CHN-002_video_09.mp4,7/19/2026 9:07,"34C, Humid/Sunny",1.43,High - ixora,1m to bare soil,15,"1.2m height, 50-deg downward",86,2846,2963,3.92,bee_crops/PSBB-CHN-002_video_09_track_86.jpg,BEE_EVENT_CHN_00962,0,New Unique Individual
PSBB-CHN-002_video_04.mp4,8/16/2026 15:00,"29C, Sunny",2.48,Medium - tropical garden mix,4m to shrub border,15,"0.8m height, 45-deg downward",74,2909,3021,3.76,bee_crops/PSBB-CHN-002_video_04_track_74.jpg,BEE_EVENT_CHN_00963,0,New Unique Individual
PSBB-CHN-002_video_03.mp4,8/10/2026 15:34,"33C, Humid/Partly Cloudy",0.77,Medium - marigold,1m to bare soil,15,"1.0m height, 45-deg downward",37,1198,1349,5.05,bee_crops/PSBB-CHN-002_video_03_track_37.jpg,BEE_EVENT_CHN_00964,0,New Unique Individual
PSBB-CHN-004_video_05.mp4,7/30/2026 9:14,"34C, Humid/Sunny",2.64,Medium - tropical garden mix,8m to tree/shrub edge,15,"0.9m height, 40-deg downward",18,2694,2826,4.44,bee_crops/PSBB-CHN-004_video_05_track_18.jpg,BEE_EVENT_CHN_00965,0,New Unique Individual
PSBB-CHN-005_video_04.mp4,8/11/2026 15:06,"34C, Cloudy",3.31,High - ixora,2m to bare soil,15,"1.2m height, 50-deg downward",82,4162,4318,5.22,bee_crops/PSBB-CHN-005_video_04_track_82.jpg,BEE_EVENT_CHN_00965,0.554,Re-entry (P=55%)
PSBB-CHN-005_video_08.mp4,7/6/2026 9:24,"31C, Humid/Sunny",1.6,High - bougainvillea,1m to bare soil,15,"1.0m height, 45-deg downward",38,4768,5243,15.86,bee_crops/PSBB-CHN-005_video_08_track_38.jpg,BEE_EVENT_CHN_00966,0,New Unique Individual
PSBB-CHN-002_video_09.mp4,8/4/2026 15:17,"30C, Partly Cloudy",1.82,Low - mixed ornamental planting,8m to tree/shrub edge,15,"1.2m height, 50-deg downward",74,851,1198,11.61,bee_crops/PSBB-CHN-002_video_09_track_74.jpg,BEE_EVENT_CHN_00967,0,New Unique Individual
PSBB-CHN-001_video_05.mp4,8/25/2026 15:47,"28C, Partly Cloudy",1.65,Low - mixed ornamental planting,8m to tree/shrub edge,15,"1.2m height, 50-deg downward",84,4168,4532,12.18,bee_crops/PSBB-CHN-001_video_05_track_84.jpg,BEE_EVENT_CHN_00968,0,New Unique Individual
PSBB-CHN-004_video_05.mp4,8/20/2026 17:37,"30C, Humid/Partly Cloudy",2.27,Medium - mixed flowering ornamentals,2m to bare soil,15,"1.0m height, 45-deg downward",31,4306,4433,4.26,bee_crops/PSBB-CHN-004_video_05_track_31.jpg,BEE_EVENT_CHN_00969,0,New Unique Individual
PSBB-CHN-005_video_01.mp4,8/16/2026 15:35,"32C, Partly Cloudy",2,Medium - tropical garden mix,1m to bare soil,15,"0.9m height, 40-deg downward",32,2913,3121,6.98,bee_crops/PSBB-CHN-005_video_01_track_32.jpg,BEE_EVENT_CHN_00969,0.728,Re-entry (P=73%)
PSBB-CHN-004_video_02.mp4,7/6/2026 17:07,"35C, Partly Cloudy",2.4,Medium - zinnia,1m to bare soil,15,"1.2m height, 50-deg downward",61,540,748,6.98,bee_crops/PSBB-CHN-004_video_02_track_61.jpg,BEE_EVENT_CHN_00970,0,New Unique Individual
PSBB-CHN-004_video_07.mp4,8/13/2026 10:02,"35C, Humid/Partly Cloudy",3.43,Medium - tropical garden mix,4m to shrub border,15,"0.8m height, 45-deg downward",63,4957,5330,12.48,bee_crops/PSBB-CHN-004_video_07_track_63.jpg,BEE_EVENT_CHN_00971,0,New Unique Individual
PSBB-CHN-005_video_10.mp4,8/31/2026 8:49,"27C, Sunny",2.95,High - lantana,2m to bare soil,15,"1.0m height, 45-deg downward",31,2389,2513,4.17,bee_crops/PSBB-CHN-005_video_10_track_31.jpg,BEE_EVENT_CHN_00971,0.714,Re-entry (P=71%)
PSBB-CHN-001_video_03.mp4,8/19/2026 17:42,"28C, Humid/Sunny",1.07,Medium - tropical garden mix,8m to tree/shrub edge,15,"0.8m height, 45-deg downward",76,4648,5256,20.29,bee_crops/PSBB-CHN-001_video_03_track_76.jpg,BEE_EVENT_CHN_00972,0,New Unique Individual
PSBB-CHN-001_video_02.mp4,7/1/2026 15:21,"29C, Humid/Sunny",1.66,High - bougainvillea,1m to bare soil,15,"1.2m height, 50-deg downward",84,2975,3129,5.18,bee_crops/PSBB-CHN-001_video_02_track_84.jpg,BEE_EVENT_CHN_00972,0.658,Re-entry (P=66%)
PSBB-CHN-001_video_02.mp4,8/18/2026 16:02,"35C, Humid/Partly Cloudy",3.69,Medium - marigold,3m to planted soil,15,"1.2m height, 50-deg downward",78,3627,4006,12.66,bee_crops/PSBB-CHN-001_video_02_track_78.jpg,BEE_EVENT_CHN_00972,0.759,Re-entry (P=76%)
PSBB-CHN-002_video_08.mp4,7/12/2026 16:42,"33C, Partly Cloudy",3.49,Medium - tropical garden mix,6m to leaf litter,15,"1.2m height, 50-deg downward",33,4145,4318,5.79,bee_crops/PSBB-CHN-002_video_08_track_33.jpg,BEE_EVENT_CHN_00973,0,New Unique Individual
PSBB-CHN-002_video_03.mp4,8/7/2026 10:45,"27C, Partly Cloudy",0.8,High - ixora,2m to bare soil,15,"1.2m height, 50-deg downward",90,3116,3369,8.48,bee_crops/PSBB-CHN-002_video_03_track_90.jpg,BEE_EVENT_CHN_00974,0.354,New Unique Individual
PSBB-CHN-001_video_04.mp4,8/14/2026 17:50,"27C, Cloudy",1.68,Medium - zinnia,4m to shrub border,15,"0.8m height, 45-deg downward",4,2447,3060,20.48,bee_crops/PSBB-CHN-001_video_04_track_4.jpg,BEE_EVENT_CHN_00975,0.334,New Unique Individual
PSBB-CHN-003_video_02.mp4,8/1/2026 9:33,"33C, Cloudy",3.52,Medium - mixed flowering ornamentals,4m to shrub border,15,"0.9m height, 40-deg downward",50,1783,2198,13.87,bee_crops/PSBB-CHN-003_video_02_track_50.jpg,BEE_EVENT_CHN_00976,0.429,New Unique Individual
PSBB-CHN-002_video_07.mp4,7/30/2026 17:41,"30C, Humid/Partly Cloudy",0.9,Medium - mixed flowering ornamentals,4m to shrub border,15,"0.8m height, 45-deg downward",50,2920,2976,1.91,bee_crops/PSBB-CHN-002_video_07_track_50.jpg,BEE_EVENT_CHN_00977,0,New Unique Individual
PSBB-CHN-004_video_05.mp4,8/21/2026 7:02,"33C, Sunny",1.8,Medium - marigold,4m to shrub border,15,"0.8m height, 45-deg downward",28,1889,2083,6.5,bee_crops/PSBB-CHN-004_video_05_track_28.jpg,BEE_EVENT_CHN_00978,0,New Unique Individual
PSBB-CHN-005_video_07.mp4,7/21/2026 9:08,"34C, Humid/Sunny",3.62,High - lantana,3m to planted soil,15,"0.9m height, 40-deg downward",11,138,549,13.74,bee_crops/PSBB-CHN-005_video_07_track_11.jpg,BEE_EVENT_CHN_00979,0,New Unique Individual
PSBB-CHN-001_video_11.mp4,7/1/2026 7:02,"27C, Humid/Partly Cloudy",3.12,Medium - zinnia,8m to tree/shrub edge,15,"1.0m height, 45-deg downward",31,4884,5005,4.05,bee_crops/PSBB-CHN-001_video_11_track_31.jpg,BEE_EVENT_CHN_00980,0,New Unique Individual
PSBB-CHN-001_video_07.mp4,8/16/2026 9:40,"30C, Partly Cloudy",1.32,Medium - marigold,6m to leaf litter,15,"0.8m height, 45-deg downward",62,621,1101,16.04,bee_crops/PSBB-CHN-001_video_07_track_62.jpg,BEE_EVENT_CHN_00981,0,New Unique Individual
PSBB-CHN-005_video_09.mp4,7/1/2026 8:46,"31C, Partly Cloudy",2.65,High - jasmine,8m to tree/shrub edge,15,"0.9m height, 40-deg downward",50,3606,3733,4.28,bee_crops/PSBB-CHN-005_video_09_track_50.jpg,BEE_EVENT_CHN_00982,0,New Unique Individual
PSBB-CHN-003_video_01.mp4,8/13/2026 15:18,"28C, Sunny",2.31,Low - mixed ornamental planting,6m to leaf litter,15,"0.8m height, 45-deg downward",53,4347,4560,7.13,bee_crops/PSBB-CHN-003_video_01_track_53.jpg,BEE_EVENT_CHN_00983,0,New Unique Individual
PSBB-CHN-003_video_07.mp4,7/16/2026 9:30,"28C, Partly Cloudy",0.75,High - hibiscus,2m to bare soil,15,"0.9m height, 40-deg downward",2,3784,3971,6.27,bee_crops/PSBB-CHN-003_video_07_track_2.jpg,BEE_EVENT_CHN_00984,0,New Unique Individual
PSBB-CHN-004_video_08.mp4,7/4/2026 15:21,"32C, Sunny",2.12,High - ixora,6m to leaf litter,15,"0.8m height, 45-deg downward",69,1083,1315,7.78,bee_crops/PSBB-CHN-004_video_08_track_69.jpg,BEE_EVENT_CHN_00984,0.61,Re-entry (P=61%)
PSBB-CHN-001_video_04.mp4,7/12/2026 7:04,"30C, Humid/Sunny",3.69,High - lantana,6m to leaf litter,15,"0.8m height, 45-deg downward",60,2816,4301,49.55,bee_crops/PSBB-CHN-001_video_04_track_60.jpg,BEE_EVENT_CHN_00985,0,New Unique Individual
PSBB-CHN-002_video_09.mp4,8/31/2026 15:17,"30C, Humid/Partly Cloudy",2.11,High - jasmine,3m to planted soil,15,"0.9m height, 40-deg downward",77,5028,5325,9.92,bee_crops/PSBB-CHN-002_video_09_track_77.jpg,BEE_EVENT_CHN_00986,0,New Unique Individual
PSBB-CHN-001_video_03.mp4,7/4/2026 15:43,"33C, Humid/Sunny",3.2,Low - mixed ornamental planting,6m to leaf litter,15,"1.0m height, 45-deg downward",49,1481,1595,3.83,bee_crops/PSBB-CHN-001_video_03_track_49.jpg,BEE_EVENT_CHN_00987,0,New Unique Individual
PSBB-CHN-005_video_06.mp4,8/2/2026 7:12,"27C, Cloudy",1.42,High - bougainvillea,6m to leaf litter,15,"0.8m height, 45-deg downward",45,4240,4517,9.27,bee_crops/PSBB-CHN-005_video_06_track_45.jpg,BEE_EVENT_CHN_00988,0,New Unique Individual
PSBB-CHN-005_video_08.mp4,7/23/2026 16:30,"31C, Partly Cloudy",3.18,High - bougainvillea,2m to bare soil,15,"1.0m height, 45-deg downward",67,559,934,12.53,bee_crops/PSBB-CHN-005_video_08_track_67.jpg,BEE_EVENT_CHN_00989,0,New Unique Individual
PSBB-CHN-004_video_04.mp4,7/1/2026 7:10,"33C, Cloudy",1.82,Medium - zinnia,8m to tree/shrub edge,15,"1.0m height, 45-deg downward",23,5203,5574,12.4,bee_crops/PSBB-CHN-004_video_04_track_23.jpg,BEE_EVENT_CHN_00990,0,New Unique Individual
PSBB-CHN-005_video_02.mp4,8/10/2026 7:30,"35C, Humid/Sunny",1.8,Medium - mixed flowering ornamentals,1m to bare soil,15,"0.8m height, 45-deg downward",13,4981,5436,15.19,bee_crops/PSBB-CHN-005_video_02_track_13.jpg,BEE_EVENT_CHN_00991,0,New Unique Individual
PSBB-CHN-002_video_06.mp4,8/21/2026 7:25,"30C, Partly Cloudy",1.16,Medium - tropical garden mix,4m to shrub border,15,"1.2m height, 50-deg downward",59,1720,2011,9.75,bee_crops/PSBB-CHN-002_video_06_track_59.jpg,BEE_EVENT_CHN_00992,0.471,New Unique Individual
PSBB-CHN-002_video_11.mp4,7/23/2026 17:40,"34C, Cloudy",3.45,Medium - zinnia,3m to planted soil,15,"0.9m height, 40-deg downward",78,199,408,6.99,bee_crops/PSBB-CHN-002_video_11_track_78.jpg,BEE_EVENT_CHN_00992,0.584,Re-entry (P=58%)
PSBB-CHN-005_video_02.mp4,7/10/2026 10:32,"35C, Sunny",3.11,Medium - tropical garden mix,4m to shrub border,15,"1.2m height, 50-deg downward",39,396,558,5.42,bee_crops/PSBB-CHN-005_video_02_track_39.jpg,BEE_EVENT_CHN_00993,0,New Unique Individual
PSBB-CHN-004_video_05.mp4,7/29/2026 10:20,"31C, Partly Cloudy",0.93,High - jasmine,2m to bare soil,15,"0.8m height, 45-deg downward",67,3823,3955,4.43,bee_crops/PSBB-CHN-004_video_05_track_67.jpg,BEE_EVENT_CHN_00994,0.366,New Unique Individual
PSBB-CHN-002_video_06.mp4,7/18/2026 16:12,"31C, Sunny",1.1,High - ixora,8m to tree/shrub edge,15,"1.2m height, 50-deg downward",66,4042,4143,3.4,bee_crops/PSBB-CHN-002_video_06_track_66.jpg,BEE_EVENT_CHN_00995,0,New Unique Individual
PSBB-CHN-002_video_05.mp4,8/23/2026 7:09,"30C, Sunny",2.44,High - bougainvillea,6m to leaf litter,15,"0.8m height, 45-deg downward",71,3004,3561,18.59,bee_crops/PSBB-CHN-002_video_05_track_71.jpg,BEE_EVENT_CHN_00996,0,New Unique Individual
PSBB-CHN-003_video_07.mp4,7/23/2026 7:09,"31C, Humid/Partly Cloudy",1.9,High - ixora,2m to bare soil,15,"0.8m height, 45-deg downward",82,4348,4659,10.4,bee_crops/PSBB-CHN-003_video_07_track_82.jpg,BEE_EVENT_CHN_00996,0.743,Re-entry (P=74%)
PSBB-CHN-002_video_04.mp4,8/14/2026 8:08,"35C, Sunny",1.52,Medium - marigold,1m to bare soil,15,"0.9m height, 40-deg downward",67,3588,3753,5.54,bee_crops/PSBB-CHN-002_video_04_track_67.jpg,BEE_EVENT_CHN_00996,0.63,Re-entry (P=63%)
PSBB-CHN-004_video_08.mp4,7/18/2026 16:40,"34C, Cloudy",3.1,Medium - zinnia,4m to shrub border,15,"1.2m height, 50-deg downward",83,2678,3068,13.04,bee_crops/PSBB-CHN-004_video_08_track_83.jpg,BEE_EVENT_CHN_00997,0,New Unique Individual
PSBB-CHN-004_video_06.mp4,8/28/2026 8:22,"28C, Cloudy",1.72,High - hibiscus,1m to bare soil,15,"1.2m height, 50-deg downward",75,3549,3856,10.28,bee_crops/PSBB-CHN-004_video_06_track_75.jpg,BEE_EVENT_CHN_00997,0.71,Re-entry (P=71%)
PSBB-CHN-001_video_03.mp4,7/11/2026 16:31,"29C, Sunny",2.69,High - jasmine,6m to leaf litter,15,"0.9m height, 40-deg downward",6,1941,2180,8.01,bee_crops/PSBB-CHN-001_video_03_track_6.jpg,BEE_EVENT_CHN_00998,0.409,New Unique Individual
PSBB-CHN-003_video_08.mp4,8/4/2026 10:13,"34C, Humid/Sunny",1.21,Low - mixed ornamental planting,8m to tree/shrub edge,15,"1.2m height, 50-deg downward",70,4918,5406,16.3,bee_crops/PSBB-CHN-003_video_08_track_70.jpg,BEE_EVENT_CHN_00998,0.74,Re-entry (P=74%)
PSBB-CHN-004_video_03.mp4,7/30/2026 7:47,"29C, Humid/Partly Cloudy",1.19,High - lantana,3m to planted soil,15,"1.0m height, 45-deg downward",45,4044,4319,9.19,bee_crops/PSBB-CHN-004_video_03_track_45.jpg,BEE_EVENT_CHN_00999,0,New Unique Individual
PSBB-CHN-005_video_06.mp4,8/5/2026 10:30,"34C, Humid/Partly Cloudy",2.01,High - bougainvillea,1m to bare soil,15,"1.0m height, 45-deg downward",75,1976,2387,13.72,bee_crops/PSBB-CHN-005_video_06_track_75.jpg,BEE_EVENT_CHN_01000,0,New Unique Individual
PSBB-CHN-003_video_08.mp4,8/4/2026 7:41,"27C, Cloudy",1.98,High - lantana,3m to planted soil,15,"0.8m height, 45-deg downward",7,1055,1442,12.93,bee_crops/PSBB-CHN-003_video_08_track_7.jpg,BEE_EVENT_CHN_01001,0,New Unique Individual
PSBB-CHN-003_video_04.mp4,7/1/2026 16:42,"35C, Humid/Partly Cloudy",3.4,High - ixora,6m to leaf litter,15,"0.9m height, 40-deg downward",66,1230,1315,2.87,bee_crops/PSBB-CHN-003_video_04_track_66.jpg,BEE_EVENT_CHN_01001,0.758,Re-entry (P=76%)
PSBB-CHN-005_video_06.mp4,8/25/2026 7:46,"30C, Humid/Sunny",2.88,Medium - marigold,3m to planted soil,15,"0.9m height, 40-deg downward",21,4099,4558,15.35,bee_crops/PSBB-CHN-005_video_06_track_21.jpg,BEE_EVENT_CHN_01001,0.702,Re-entry (P=70%)
PSBB-CHN-005_video_05.mp4,7/21/2026 10:28,"30C, Partly Cloudy",2.33,Low - mixed ornamental planting,1m to bare soil,15,"1.2m height, 50-deg downward",47,3577,3706,4.35,bee_crops/PSBB-CHN-005_video_05_track_47.jpg,BEE_EVENT_CHN_01002,0,New Unique Individual
PSBB-CHN-003_video_08.mp4,8/19/2026 7:26,"30C, Humid/Sunny",2.12,Medium - marigold,6m to leaf litter,15,"0.8m height, 45-deg downward",1,494,861,12.27,bee_crops/PSBB-CHN-003_video_08_track_1.jpg,BEE_EVENT_CHN_01003,0.492,New Unique Individual
PSBB-CHN-004_video_10.mp4,8/17/2026 7:45,"30C, Sunny",2.9,Medium - marigold,4m to shrub border,15,"0.8m height, 45-deg downward",31,2149,2463,10.5,bee_crops/PSBB-CHN-004_video_10_track_31.jpg,BEE_EVENT_CHN_01003,0.574,Re-entry (P=57%)
PSBB-CHN-003_video_11.mp4,8/1/2026 15:27,"27C, Sunny",2.29,Medium - marigold,1m to bare soil,15,"0.9m height, 40-deg downward",49,2904,3320,13.9,bee_crops/PSBB-CHN-003_video_11_track_49.jpg,BEE_EVENT_CHN_01004,0,New Unique Individual
PSBB-CHN-002_video_11.mp4,7/9/2026 9:38,"32C, Humid/Partly Cloudy",3.75,Medium - zinnia,4m to shrub border,15,"0.8m height, 45-deg downward",54,3272,3843,19.06,bee_crops/PSBB-CHN-002_video_11_track_54.jpg,BEE_EVENT_CHN_01005,0,New Unique Individual
PSBB-CHN-001_video_05.mp4,7/19/2026 7:13,"34C, Humid/Partly Cloudy",1.3,Low - mixed ornamental planting,4m to shrub border,15,"0.9m height, 40-deg downward",31,1663,1817,5.18,bee_crops/PSBB-CHN-001_video_05_track_31.jpg,BEE_EVENT_CHN_01006,0.334,New Unique Individual
PSBB-CHN-003_video_12.mp4,7/6/2026 7:03,"33C, Cloudy",3.77,High - hibiscus,3m to planted soil,15,"1.0m height, 45-deg downward",29,4691,4929,7.96,bee_crops/PSBB-CHN-003_video_12_track_29.jpg,BEE_EVENT_CHN_01007,0,New Unique Individual
PSBB-CHN-003_video_11.mp4,7/8/2026 7:10,"31C, Sunny",1.37,Medium - zinnia,3m to planted soil,15,"1.2m height, 50-deg downward",50,379,689,10.37,bee_crops/PSBB-CHN-003_video_11_track_50.jpg,BEE_EVENT_CHN_01008,0,New Unique Individual
PSBB-CHN-005_video_09.mp4,7/13/2026 10:01,"27C, Partly Cloudy",2.79,High - hibiscus,2m to bare soil,15,"1.2m height, 50-deg downward",22,4574,5259,22.87,bee_crops/PSBB-CHN-005_video_09_track_22.jpg,BEE_EVENT_CHN_01009,0,New Unique Individual
PSBB-CHN-002_video_06.mp4,8/8/2026 17:46,"34C, Humid/Sunny",1.39,High - ixora,4m to shrub border,15,"1.2m height, 50-deg downward",1,3474,4098,20.83,bee_crops/PSBB-CHN-002_video_06_track_1.jpg,BEE_EVENT_CHN_01010,0.313,New Unique Individual
PSBB-CHN-002_video_07.mp4,8/17/2026 9:45,"27C, Cloudy",2.21,High - hibiscus,6m to leaf litter,15,"0.9m height, 40-deg downward",46,3095,3333,7.98,bee_crops/PSBB-CHN-002_video_07_track_46.jpg,BEE_EVENT_CHN_01011,0,New Unique Individual
PSBB-CHN-001_video_02.mp4,7/15/2026 10:26,"33C, Humid/Sunny",3.14,Medium - mixed flowering ornamentals,8m to tree/shrub edge,15,"0.9m height, 40-deg downward",86,1482,1720,7.96,bee_crops/PSBB-CHN-001_video_02_track_86.jpg,BEE_EVENT_CHN_01012,0,New Unique Individual
PSBB-CHN-002_video_06.mp4,7/18/2026 9:07,"33C, Cloudy",3.64,High - bougainvillea,8m to tree/shrub edge,15,"0.9m height, 40-deg downward",16,35,255,7.36,bee_crops/PSBB-CHN-002_video_06_track_16.jpg,BEE_EVENT_CHN_01013,0,New Unique Individual
PSBB-CHN-002_video_02.mp4,8/24/2026 17:11,"27C, Sunny",2.38,Low - mixed ornamental planting,6m to leaf litter,15,"1.0m height, 45-deg downward",37,95,516,14.07,bee_crops/PSBB-CHN-002_video_02_track_37.jpg,BEE_EVENT_CHN_01014,0,New Unique Individual
PSBB-CHN-004_video_08.mp4,7/12/2026 15:41,"29C, Cloudy",1.5,Low - mixed ornamental planting,6m to leaf litter,15,"0.9m height, 40-deg downward",1,2178,2272,3.17,bee_crops/PSBB-CHN-004_video_08_track_1.jpg,BEE_EVENT_CHN_01015,0,New Unique Individual
PSBB-CHN-002_video_09.mp4,8/3/2026 15:42,"30C, Cloudy",3.44,High - hibiscus,1m to bare soil,15,"0.9m height, 40-deg downward",67,5054,5875,27.4,bee_crops/PSBB-CHN-002_video_09_track_67.jpg,BEE_EVENT_CHN_01016,0,New Unique Individual
PSBB-CHN-001_video_04.mp4,7/11/2026 17:49,"30C, Partly Cloudy",2.5,High - jasmine,8m to tree/shrub edge,15,"0.9m height, 40-deg downward",59,4867,5116,8.34,bee_crops/PSBB-CHN-001_video_04_track_59.jpg,BEE_EVENT_CHN_01017,0,New Unique Individual
PSBB-CHN-005_video_04.mp4,7/21/2026 9:08,"28C, Sunny",3.29,High - lantana,6m to leaf litter,15,"0.8m height, 45-deg downward",11,456,736,9.38,bee_crops/PSBB-CHN-005_video_04_track_11.jpg,BEE_EVENT_CHN_01018,0,New Unique Individual
PSBB-CHN-002_video_05.mp4,7/26/2026 7:41,"31C, Cloudy",1.49,Medium - mixed flowering ornamentals,1m to bare soil,15,"1.2m height, 50-deg downward",18,4749,4988,8,bee_crops/PSBB-CHN-002_video_05_track_18.jpg,BEE_EVENT_CHN_01019,0,New Unique Individual
PSBB-CHN-002_video_06.mp4,8/5/2026 15:00,"28C, Humid/Partly Cloudy",1.96,High - ixora,4m to shrub border,15,"0.8m height, 45-deg downward",43,4455,4563,3.62,bee_crops/PSBB-CHN-002_video_06_track_43.jpg,BEE_EVENT_CHN_01020,0,New Unique Individual
PSBB-CHN-005_video_10.mp4,7/13/2026 16:39,"29C, Cloudy",3.52,Medium - marigold,3m to planted soil,15,"0.8m height, 45-deg downward",37,4662,4824,5.43,bee_crops/PSBB-CHN-005_video_10_track_37.jpg,BEE_EVENT_CHN_01021,0,New Unique Individual
PSBB-CHN-001_video_06.mp4,8/29/2026 16:05,"32C, Cloudy",3.56,High - hibiscus,6m to leaf litter,15,"0.9m height, 40-deg downward",75,2287,2376,3,bee_crops/PSBB-CHN-001_video_06_track_75.jpg,BEE_EVENT_CHN_01022,0,New Unique Individual
PSBB-CHN-003_video_06.mp4,8/16/2026 15:50,"34C, Humid/Sunny",3.57,Medium - zinnia,8m to tree/shrub edge,15,"1.2m height, 50-deg downward",30,2144,2596,15.1,bee_crops/PSBB-CHN-003_video_06_track_30.jpg,BEE_EVENT_CHN_01023,0,New Unique Individual
PSBB-CHN-002_video_02.mp4,7/6/2026 9:06,"33C, Cloudy",2.6,Low - mixed ornamental planting,3m to planted soil,15,"0.9m height, 40-deg downward",37,378,789,13.74,bee_crops/PSBB-CHN-002_video_02_track_37.jpg,BEE_EVENT_CHN_01024,0,New Unique Individual
PSBB-CHN-003_video_06.mp4,8/31/2026 10:19,"30C, Humid/Partly Cloudy",2.69,Medium - zinnia,4m to shrub border,15,"1.2m height, 50-deg downward",84,4251,4386,4.54,bee_crops/PSBB-CHN-003_video_06_track_84.jpg,BEE_EVENT_CHN_01025,0,New Unique Individual
PSBB-CHN-002_video_07.mp4,7/13/2026 10:32,"33C, Partly Cloudy",3.1,Medium - marigold,8m to tree/shrub edge,15,"1.2m height, 50-deg downward",56,4970,5397,14.25,bee_crops/PSBB-CHN-002_video_07_track_56.jpg,BEE_EVENT_CHN_01026,0,New Unique Individual
PSBB-CHN-001_video_05.mp4,8/22/2026 10:37,"33C, Cloudy",2.73,High - ixora,2m to bare soil,15,"0.8m height, 45-deg downward",9,4801,5043,8.1,bee_crops/PSBB-CHN-001_video_05_track_9.jpg,BEE_EVENT_CHN_01027,0,New Unique Individual
PSBB-CHN-003_video_07.mp4,7/20/2026 15:13,"31C, Humid/Sunny",3.66,Medium - tropical garden mix,4m to shrub border,15,"0.8m height, 45-deg downward",3,2131,2333,6.76,bee_crops/PSBB-CHN-003_video_07_track_3.jpg,BEE_EVENT_CHN_01027,0.547,Re-entry (P=55%)
PSBB-CHN-005_video_11.mp4,7/21/2026 7:37,"31C, Humid/Partly Cloudy",2.91,Medium - tropical garden mix,1m to bare soil,15,"0.9m height, 40-deg downward",70,3381,5172,59.73,bee_crops/PSBB-CHN-005_video_11_track_70.jpg,BEE_EVENT_CHN_01028,0,New Unique Individual
PSBB-CHN-002_video_12.mp4,7/6/2026 9:49,"31C, Cloudy",2.73,Medium - marigold,1m to bare soil,15,"1.2m height, 50-deg downward",21,2054,2438,12.84,bee_crops/PSBB-CHN-002_video_12_track_21.jpg,BEE_EVENT_CHN_01029,0,New Unique Individual
PSBB-CHN-003_video_10.mp4,8/18/2026 17:01,"35C, Sunny",2.68,Medium - zinnia,2m to bare soil,15,"0.9m height, 40-deg downward",69,3116,3422,10.22,bee_crops/PSBB-CHN-003_video_10_track_69.jpg,BEE_EVENT_CHN_01030,0,New Unique Individual
PSBB-CHN-005_video_08.mp4,7/15/2026 15:40,"30C, Partly Cloudy",0.95,Medium - mixed flowering ornamentals,8m to tree/shrub edge,15,"1.2m height, 50-deg downward",13,2020,2447,14.27,bee_crops/PSBB-CHN-005_video_08_track_13.jpg,BEE_EVENT_CHN_01031,0,New Unique Individual
PSBB-CHN-003_video_10.mp4,8/14/2026 9:08,"27C, Cloudy",1.71,High - hibiscus,3m to planted soil,15,"0.8m height, 45-deg downward",58,484,560,2.58,bee_crops/PSBB-CHN-003_video_10_track_58.jpg,BEE_EVENT_CHN_01031,0.564,Re-entry (P=56%)
PSBB-CHN-005_video_04.mp4,8/21/2026 9:10,"31C, Humid/Partly Cloudy",2.96,Low - mixed ornamental planting,6m to leaf litter,15,"0.8m height, 45-deg downward",48,653,786,4.46,bee_crops/PSBB-CHN-005_video_04_track_48.jpg,BEE_EVENT_CHN_01032,0,New Unique Individual
PSBB-CHN-003_video_04.mp4,7/30/2026 7:25,"27C, Partly Cloudy",2.19,Medium - zinnia,1m to bare soil,15,"1.2m height, 50-deg downward",78,3448,3830,12.77,bee_crops/PSBB-CHN-003_video_04_track_78.jpg,BEE_EVENT_CHN_01033,0.393,New Unique Individual
PSBB-CHN-002_video_09.mp4,8/28/2026 9:15,"28C, Partly Cloudy",2.89,Medium - tropical garden mix,4m to shrub border,15,"0.9m height, 40-deg downward",20,164,482,10.64,bee_crops/PSBB-CHN-002_video_09_track_20.jpg,BEE_EVENT_CHN_01034,0,New Unique Individual
PSBB-CHN-002_video_03.mp4,7/10/2026 16:48,"34C, Humid/Sunny",1.02,Medium - tropical garden mix,8m to tree/shrub edge,15,"0.9m height, 40-deg downward",68,3984,4295,10.41,bee_crops/PSBB-CHN-002_video_03_track_68.jpg,BEE_EVENT_CHN_01034,0.812,Re-entry (P=81%)
PSBB-CHN-002_video_10.mp4,7/8/2026 16:12,"31C, Humid/Partly Cloudy",2.27,High - bougainvillea,3m to planted soil,15,"1.2m height, 50-deg downward",26,3705,3815,3.7,bee_crops/PSBB-CHN-002_video_10_track_26.jpg,BEE_EVENT_CHN_01035,0,New Unique Individual
PSBB-CHN-002_video_05.mp4,8/27/2026 15:39,"32C, Cloudy",3.59,Medium - zinnia,3m to planted soil,15,"1.2m height, 50-deg downward",38,896,1030,4.5,bee_crops/PSBB-CHN-002_video_05_track_38.jpg,BEE_EVENT_CHN_01036,0,New Unique Individual
PSBB-CHN-005_video_07.mp4,8/31/2026 8:05,"28C, Sunny",2.49,Low - mixed ornamental planting,3m to planted soil,15,"1.0m height, 45-deg downward",12,894,1194,10.03,bee_crops/PSBB-CHN-005_video_07_track_12.jpg,BEE_EVENT_CHN_01037,0,New Unique Individual
PSBB-CHN-005_video_03.mp4,7/20/2026 16:11,"33C, Humid/Sunny",2.87,High - ixora,3m to planted soil,15,"1.2m height, 50-deg downward",1,1850,2015,5.53,bee_crops/PSBB-CHN-005_video_03_track_1.jpg,BEE_EVENT_CHN_01038,0,New Unique Individual
PSBB-CHN-005_video_07.mp4,8/10/2026 8:17,"35C, Partly Cloudy",3.77,High - jasmine,3m to planted soil,15,"1.2m height, 50-deg downward",9,4524,4610,2.89,bee_crops/PSBB-CHN-005_video_07_track_9.jpg,BEE_EVENT_CHN_01039,0,New Unique Individual
PSBB-CHN-003_video_12.mp4,8/27/2026 9:09,"33C, Humid/Sunny",1.22,Medium - mixed flowering ornamentals,3m to planted soil,15,"1.2m height, 50-deg downward",71,2764,2973,7,bee_crops/PSBB-CHN-003_video_12_track_71.jpg,BEE_EVENT_CHN_01040,0,New Unique Individual
PSBB-CHN-002_video_07.mp4,8/27/2026 16:02,"30C, Sunny",0.77,Medium - mixed flowering ornamentals,1m to bare soil,15,"0.9m height, 40-deg downward",42,730,791,2.07,bee_crops/PSBB-CHN-002_video_07_track_42.jpg,BEE_EVENT_CHN_01041,0,New Unique Individual
PSBB-CHN-001_video_02.mp4,8/28/2026 10:12,"30C, Partly Cloudy",2.37,Medium - zinnia,2m to bare soil,15,"0.9m height, 40-deg downward",76,3527,3729,6.77,bee_crops/PSBB-CHN-001_video_02_track_76.jpg,BEE_EVENT_CHN_01042,0,New Unique Individual
PSBB-CHN-004_video_07.mp4,8/17/2026 8:50,"29C, Humid/Sunny",2.35,Medium - mixed flowering ornamentals,2m to bare soil,15,"0.9m height, 40-deg downward",16,2482,2627,4.88,bee_crops/PSBB-CHN-004_video_07_track_16.jpg,BEE_EVENT_CHN_01043,0,New Unique Individual
PSBB-CHN-001_video_03.mp4,7/28/2026 7:09,"30C, Humid/Sunny",1.56,Medium - mixed flowering ornamentals,1m to bare soil,15,"0.8m height, 45-deg downward",59,2049,2680,21.05,bee_crops/PSBB-CHN-001_video_03_track_59.jpg,BEE_EVENT_CHN_01044,0,New Unique Individual
PSBB-CHN-002_video_11.mp4,7/29/2026 8:23,"27C, Cloudy",1.44,High - ixora,6m to leaf litter,15,"0.9m height, 40-deg downward",64,3707,3862,5.19,bee_crops/PSBB-CHN-002_video_11_track_64.jpg,BEE_EVENT_CHN_01044,0.564,Re-entry (P=56%)
PSBB-CHN-001_video_01.mp4,8/31/2026 9:26,"32C, Sunny",3.69,High - ixora,3m to planted soil,15,"1.0m height, 45-deg downward",42,1014,1167,5.14,bee_crops/PSBB-CHN-001_video_01_track_42.jpg,BEE_EVENT_CHN_01045,0.46,New Unique Individual
PSBB-CHN-001_video_08.mp4,8/11/2026 10:33,"27C, Sunny",2.69,Medium - mixed flowering ornamentals,3m to planted soil,15,"0.8m height, 45-deg downward",56,2900,3124,7.51,bee_crops/PSBB-CHN-001_video_08_track_56.jpg,BEE_EVENT_CHN_01045,0.7,Re-entry (P=70%)
PSBB-CHN-002_video_09.mp4,8/10/2026 17:36,"28C, Sunny",3.04,High - lantana,4m to shrub border,15,"1.0m height, 45-deg downward",13,764,1270,16.89,bee_crops/PSBB-CHN-002_video_09_track_13.jpg,BEE_EVENT_CHN_01046,0,New Unique Individual
PSBB-CHN-001_video_06.mp4,8/26/2026 10:48,"31C, Sunny",2.42,Medium - marigold,2m to bare soil,15,"1.0m height, 45-deg downward",45,4911,5251,11.36,bee_crops/PSBB-CHN-001_video_06_track_45.jpg,BEE_EVENT_CHN_01047,0,New Unique Individual
PSBB-CHN-005_video_05.mp4,8/30/2026 15:20,"32C, Cloudy",1.49,Low - mixed ornamental planting,8m to tree/shrub edge,15,"1.0m height, 45-deg downward",90,2769,2903,4.49,bee_crops/PSBB-CHN-005_video_05_track_90.jpg,BEE_EVENT_CHN_01048,0,New Unique Individual
PSBB-CHN-001_video_10.mp4,7/3/2026 9:21,"34C, Partly Cloudy",3.14,High - hibiscus,4m to shrub border,15,"0.9m height, 40-deg downward",22,3947,4138,6.4,bee_crops/PSBB-CHN-001_video_10_track_22.jpg,BEE_EVENT_CHN_01049,0,New Unique Individual
PSBB-CHN-003_video_07.mp4,7/10/2026 17:24,"30C, Humid/Partly Cloudy",1.07,Medium - marigold,3m to planted soil,15,"0.9m height, 40-deg downward",40,1367,1476,3.65,bee_crops/PSBB-CHN-003_video_07_track_40.jpg,BEE_EVENT_CHN_01050,0,New Unique Individual
PSBB-CHN-002_video_02.mp4,7/25/2026 10:14,"33C, Cloudy",3.24,High - ixora,8m to tree/shrub edge,15,"1.2m height, 50-deg downward",16,4171,4353,6.11,bee_crops/PSBB-CHN-002_video_02_track_16.jpg,BEE_EVENT_CHN_01050,0.785,Re-entry (P=78%)
PSBB-CHN-003_video_10.mp4,8/18/2026 10:01,"27C, Sunny",1.57,High - hibiscus,8m to tree/shrub edge,15,"0.9m height, 40-deg downward",29,5372,5491,4.01,bee_crops/PSBB-CHN-003_video_10_track_29.jpg,BEE_EVENT_CHN_01051,0,New Unique Individual
PSBB-CHN-001_video_07.mp4,8/28/2026 8:27,"33C, Partly Cloudy",3.43,Medium - marigold,4m to shrub border,15,"0.8m height, 45-deg downward",41,2782,3125,11.45,bee_crops/PSBB-CHN-001_video_07_track_41.jpg,BEE_EVENT_CHN_01052,0,New Unique Individual
PSBB-CHN-003_video_03.mp4,7/29/2026 8:16,"28C, Humid/Partly Cloudy",0.96,Medium - zinnia,8m to tree/shrub edge,15,"1.0m height, 45-deg downward",78,3883,4016,4.47,bee_crops/PSBB-CHN-003_video_03_track_78.jpg,BEE_EVENT_CHN_01053,0,New Unique Individual
PSBB-CHN-004_video_07.mp4,7/11/2026 7:27,"28C, Partly Cloudy",2.57,High - jasmine,8m to tree/shrub edge,15,"0.9m height, 40-deg downward",66,697,828,4.39,bee_crops/PSBB-CHN-004_video_07_track_66.jpg,BEE_EVENT_CHN_01054,0,New Unique Individual
PSBB-CHN-004_video_08.mp4,8/30/2026 10:46,"28C, Humid/Partly Cloudy",1.8,High - hibiscus,8m to tree/shrub edge,15,"0.9m height, 40-deg downward",88,1611,1768,5.26,bee_crops/PSBB-CHN-004_video_08_track_88.jpg,BEE_EVENT_CHN_01055,0,New Unique Individual
PSBB-CHN-002_video_03.mp4,8/17/2026 7:49,"33C, Partly Cloudy",2.72,Medium - zinnia,3m to planted soil,15,"0.9m height, 40-deg downward",27,1293,1448,5.19,bee_crops/PSBB-CHN-002_video_03_track_27.jpg,BEE_EVENT_CHN_01056,0,New Unique Individual
PSBB-CHN-002_video_07.mp4,7/7/2026 9:11,"31C, Sunny",1.21,High - hibiscus,2m to bare soil,15,"1.2m height, 50-deg downward",32,2467,2873,13.56,bee_crops/PSBB-CHN-002_video_07_track_32.jpg,BEE_EVENT_CHN_01056,0.69,Re-entry (P=69%)
PSBB-CHN-005_video_05.mp4,8/5/2026 9:04,"27C, Humid/Partly Cloudy",1.29,High - hibiscus,8m to tree/shrub edge,15,"1.0m height, 45-deg downward",8,695,918,7.45,bee_crops/PSBB-CHN-005_video_05_track_8.jpg,BEE_EVENT_CHN_01056,0.501,Re-entry (P=50%)
PSBB-CHN-003_video_11.mp4,8/27/2026 8:22,"35C, Humid/Sunny",1.76,Medium - zinnia,6m to leaf litter,15,"0.9m height, 40-deg downward",71,4791,5136,11.55,bee_crops/PSBB-CHN-003_video_11_track_71.jpg,BEE_EVENT_CHN_01057,0,New Unique Individual
PSBB-CHN-004_video_06.mp4,7/1/2026 17:30,"29C, Partly Cloudy",1.35,High - jasmine,8m to tree/shrub edge,15,"1.0m height, 45-deg downward",37,5253,6026,25.81,bee_crops/PSBB-CHN-004_video_06_track_37.jpg,BEE_EVENT_CHN_01058,0,New Unique Individual
PSBB-CHN-005_video_01.mp4,8/4/2026 9:10,"31C, Humid/Partly Cloudy",2.23,Medium - marigold,3m to planted soil,15,"0.8m height, 45-deg downward",3,4260,4635,12.52,bee_crops/PSBB-CHN-005_video_01_track_3.jpg,BEE_EVENT_CHN_01059,0,New Unique Individual
PSBB-CHN-004_video_12.mp4,7/4/2026 7:12,"35C, Partly Cloudy",1.09,Low - mixed ornamental planting,6m to leaf litter,15,"0.8m height, 45-deg downward",88,4212,4241,1,bee_crops/PSBB-CHN-004_video_12_track_88.jpg,BEE_EVENT_CHN_01060,0,New Unique Individual
PSBB-CHN-002_video_10.mp4,7/19/2026 7:32,"29C, Partly Cloudy",2.63,Medium - tropical garden mix,1m to bare soil,15,"1.0m height, 45-deg downward",39,818,971,5.12,bee_crops/PSBB-CHN-002_video_10_track_39.jpg,BEE_EVENT_CHN_01061,0,New Unique Individual
PSBB-CHN-005_video_08.mp4,8/18/2026 17:26,"33C, Humid/Sunny",0.86,High - ixora,2m to bare soil,15,"1.2m height, 50-deg downward",89,1878,2053,5.86,bee_crops/PSBB-CHN-005_video_08_track_89.jpg,BEE_EVENT_CHN_01062,0,New Unique Individual
PSBB-CHN-004_video_05.mp4,7/14/2026 7:17,"27C, Humid/Partly Cloudy",1.61,High - lantana,1m to bare soil,15,"1.0m height, 45-deg downward",88,1883,2106,7.48,bee_crops/PSBB-CHN-004_video_05_track_88.jpg,BEE_EVENT_CHN_01063,0,New Unique Individual
PSBB-CHN-001_video_02.mp4,8/24/2026 7:19,"35C, Sunny",1.75,Low - mixed ornamental planting,4m to shrub border,15,"0.8m height, 45-deg downward",88,4717,5093,12.57,bee_crops/PSBB-CHN-001_video_02_track_88.jpg,BEE_EVENT_CHN_01064,0,New Unique Individual
PSBB-CHN-003_video_06.mp4,8/11/2026 7:40,"28C, Partly Cloudy",3.27,High - bougainvillea,8m to tree/shrub edge,15,"0.9m height, 40-deg downward",66,1521,1816,9.86,bee_crops/PSBB-CHN-003_video_06_track_66.jpg,BEE_EVENT_CHN_01065,0,New Unique Individual
PSBB-CHN-005_video_06.mp4,7/26/2026 7:11,"28C, Humid/Sunny",1.43,Medium - marigold,8m to tree/shrub edge,15,"0.8m height, 45-deg downward",78,1060,1227,5.59,bee_crops/PSBB-CHN-005_video_06_track_78.jpg,BEE_EVENT_CHN_01065,0.644,Re-entry (P=64%)
PSBB-CHN-004_video_10.mp4,7/7/2026 10:39,"35C, Humid/Sunny",1.55,Medium - marigold,3m to planted soil,15,"0.8m height, 45-deg downward",50,3265,3392,4.26,bee_crops/PSBB-CHN-004_video_10_track_50.jpg,BEE_EVENT_CHN_01066,0.326,New Unique Individual
PSBB-CHN-003_video_05.mp4,8/28/2026 9:48,"30C, Cloudy",2.84,Low - mixed ornamental planting,8m to tree/shrub edge,15,"1.2m height, 50-deg downward",87,2227,2298,2.39,bee_crops/PSBB-CHN-003_video_05_track_87.jpg,BEE_EVENT_CHN_01067,0,New Unique Individual
PSBB-CHN-004_video_10.mp4,8/30/2026 8:02,"31C, Sunny",1.57,High - ixora,8m to tree/shrub edge,15,"0.8m height, 45-deg downward",66,2047,2206,5.35,bee_crops/PSBB-CHN-004_video_10_track_66.jpg,BEE_EVENT_CHN_01068,0,New Unique Individual
PSBB-CHN-002_video_05.mp4,8/19/2026 17:03,"30C, Partly Cloudy",2.31,Low - mixed ornamental planting,6m to leaf litter,15,"1.2m height, 50-deg downward",68,5048,5143,3.21,bee_crops/PSBB-CHN-002_video_05_track_68.jpg,BEE_EVENT_CHN_01068,0.803,Re-entry (P=80%)
PSBB-CHN-004_video_11.mp4,8/8/2026 9:11,"34C, Humid/Sunny",2.33,Medium - zinnia,3m to planted soil,15,"0.8m height, 45-deg downward",48,3334,3569,7.85,bee_crops/PSBB-CHN-004_video_11_track_48.jpg,BEE_EVENT_CHN_01069,0,New Unique Individual
PSBB-CHN-005_video_12.mp4,7/19/2026 16:30,"28C, Humid/Partly Cloudy",3.57,High - bougainvillea,4m to shrub border,15,"1.2m height, 50-deg downward",81,492,622,4.38,bee_crops/PSBB-CHN-005_video_12_track_81.jpg,BEE_EVENT_CHN_01070,0.383,New Unique Individual
PSBB-CHN-005_video_01.mp4,8/13/2026 7:20,"34C, Partly Cloudy",2.39,High - bougainvillea,3m to planted soil,15,"1.0m height, 45-deg downward",41,2668,2813,4.86,bee_crops/PSBB-CHN-005_video_01_track_41.jpg,BEE_EVENT_CHN_01071,0.434,New Unique Individual
PSBB-CHN-005_video_04.mp4,8/22/2026 8:03,"29C, Sunny",2.8,Medium - zinnia,6m to leaf litter,15,"1.2m height, 50-deg downward",10,1066,1341,9.21,bee_crops/PSBB-CHN-005_video_04_track_10.jpg,BEE_EVENT_CHN_01071,0.656,Re-entry (P=66%)
PSBB-CHN-005_video_04.mp4,8/22/2026 10:09,"33C, Humid/Partly Cloudy",3.13,High - hibiscus,3m to planted soil,15,"0.9m height, 40-deg downward",62,4964,5216,8.45,bee_crops/PSBB-CHN-005_video_04_track_62.jpg,BEE_EVENT_CHN_01072,0,New Unique Individual
PSBB-CHN-003_video_10.mp4,8/15/2026 17:22,"27C, Humid/Partly Cloudy",2.1,High - ixora,2m to bare soil,15,"1.2m height, 50-deg downward",5,3545,3853,10.3,bee_crops/PSBB-CHN-003_video_10_track_5.jpg,BEE_EVENT_CHN_01073,0,New Unique Individual
PSBB-CHN-002_video_09.mp4,8/22/2026 7:46,"35C, Humid/Sunny",2.19,Medium - marigold,1m to bare soil,15,"0.8m height, 45-deg downward",85,4861,5092,7.72,bee_crops/PSBB-CHN-002_video_09_track_85.jpg,BEE_EVENT_CHN_01074,0,New Unique Individual
PSBB-CHN-004_video_12.mp4,8/1/2026 16:13,"35C, Humid/Sunny",1.6,High - ixora,2m to bare soil,15,"0.9m height, 40-deg downward",43,352,465,3.8,bee_crops/PSBB-CHN-004_video_12_track_43.jpg,BEE_EVENT_CHN_01075,0,New Unique Individual
PSBB-CHN-002_video_11.mp4,8/17/2026 9:23,"33C, Partly Cloudy",1.46,High - hibiscus,3m to planted soil,15,"1.2m height, 50-deg downward",69,2230,2407,5.95,bee_crops/PSBB-CHN-002_video_11_track_69.jpg,BEE_EVENT_CHN_01076,0.352,New Unique Individual
PSBB-CHN-001_video_01.mp4,8/18/2026 15:08,"32C, Sunny",1.92,High - ixora,6m to leaf litter,15,"1.2m height, 50-deg downward",30,1734,2092,11.96,bee_crops/PSBB-CHN-001_video_01_track_30.jpg,BEE_EVENT_CHN_01076,0.715,Re-entry (P=72%)
PSBB-CHN-005_video_02.mp4,7/11/2026 15:09,"35C, Humid/Sunny",2.92,High - bougainvillea,8m to tree/shrub edge,15,"1.2m height, 50-deg downward",12,1251,1452,6.74,bee_crops/PSBB-CHN-005_video_02_track_12.jpg,BEE_EVENT_CHN_01077,0,New Unique Individual
PSBB-CHN-001_video_11.mp4,7/2/2026 10:28,"29C, Humid/Partly Cloudy",1.15,High - hibiscus,8m to tree/shrub edge,15,"0.9m height, 40-deg downward",28,934,1091,5.25,bee_crops/PSBB-CHN-001_video_11_track_28.jpg,BEE_EVENT_CHN_01077,0.742,Re-entry (P=74%)
PSBB-CHN-004_video_02.mp4,7/30/2026 15:42,"30C, Partly Cloudy",3.3,High - jasmine,4m to shrub border,15,"1.2m height, 50-deg downward",63,3569,3697,4.3,bee_crops/PSBB-CHN-004_video_02_track_63.jpg,BEE_EVENT_CHN_01078,0,New Unique Individual
PSBB-CHN-001_video_07.mp4,7/16/2026 17:27,"33C, Cloudy",2.54,High - hibiscus,4m to shrub border,15,"0.8m height, 45-deg downward",5,5004,5057,1.81,bee_crops/PSBB-CHN-001_video_07_track_5.jpg,BEE_EVENT_CHN_01079,0,New Unique Individual
PSBB-CHN-004_video_08.mp4,7/5/2026 17:39,"34C, Cloudy",2.35,High - jasmine,4m to shrub border,15,"1.2m height, 50-deg downward",18,986,1595,20.33,bee_crops/PSBB-CHN-004_video_08_track_18.jpg,BEE_EVENT_CHN_01080,0,New Unique Individual
PSBB-CHN-001_video_01.mp4,8/3/2026 16:09,"27C, Cloudy",3.13,High - jasmine,6m to leaf litter,15,"0.9m height, 40-deg downward",85,5122,5274,5.09,bee_crops/PSBB-CHN-001_video_01_track_85.jpg,BEE_EVENT_CHN_01081,0,New Unique Individual
PSBB-CHN-004_video_06.mp4,7/28/2026 17:32,"35C, Cloudy",2.03,Medium - zinnia,2m to bare soil,15,"1.0m height, 45-deg downward",84,2053,2203,5.03,bee_crops/PSBB-CHN-004_video_06_track_84.jpg,BEE_EVENT_CHN_01082,0,New Unique Individual
PSBB-CHN-004_video_03.mp4,8/4/2026 16:42,"32C, Humid/Partly Cloudy",1.5,Medium - zinnia,3m to planted soil,15,"0.9m height, 40-deg downward",1,1099,1300,6.72,bee_crops/PSBB-CHN-004_video_03_track_1.jpg,BEE_EVENT_CHN_01083,0.429,New Unique Individual
PSBB-CHN-001_video_06.mp4,8/18/2026 15:40,"28C, Cloudy",2.68,High - jasmine,6m to leaf litter,15,"1.0m height, 45-deg downward",73,1102,1453,11.74,bee_crops/PSBB-CHN-001_video_06_track_73.jpg,BEE_EVENT_CHN_01084,0,New Unique Individual
PSBB-CHN-001_video_08.mp4,8/8/2026 10:40,"31C, Humid/Sunny",2,High - lantana,3m to planted soil,15,"0.9m height, 40-deg downward",75,800,905,3.53,bee_crops/PSBB-CHN-001_video_08_track_75.jpg,BEE_EVENT_CHN_01085,0,New Unique Individual
PSBB-CHN-002_video_10.mp4,7/29/2026 15:21,"34C, Cloudy",2.01,Medium - tropical garden mix,2m to bare soil,15,"0.9m height, 40-deg downward",79,4075,5509,47.83,bee_crops/PSBB-CHN-002_video_10_track_79.jpg,BEE_EVENT_CHN_01086,0,New Unique Individual
PSBB-CHN-004_video_10.mp4,8/28/2026 10:04,"27C, Humid/Partly Cloudy",3.4,High - hibiscus,8m to tree/shrub edge,15,"1.0m height, 45-deg downward",68,3582,3698,3.9,bee_crops/PSBB-CHN-004_video_10_track_68.jpg,BEE_EVENT_CHN_01087,0,New Unique Individual
PSBB-CHN-002_video_06.mp4,7/16/2026 10:49,"35C, Humid/Partly Cloudy",1.62,High - lantana,1m to bare soil,15,"0.8m height, 45-deg downward",67,4299,4779,16.03,bee_crops/PSBB-CHN-002_video_06_track_67.jpg,BEE_EVENT_CHN_01088,0,New Unique Individual
PSBB-CHN-004_video_04.mp4,8/5/2026 8:45,"32C, Cloudy",2.57,High - hibiscus,2m to bare soil,15,"1.2m height, 50-deg downward",26,4219,4787,18.98,bee_crops/PSBB-CHN-004_video_04_track_26.jpg,BEE_EVENT_CHN_01089,0,New Unique Individual
PSBB-CHN-004_video_01.mp4,7/21/2026 10:19,"27C, Partly Cloudy",1.02,High - bougainvillea,3m to planted soil,15,"1.0m height, 45-deg downward",37,3814,4214,13.38,bee_crops/PSBB-CHN-004_video_01_track_37.jpg,BEE_EVENT_CHN_01090,0,New Unique Individual
PSBB-CHN-005_video_04.mp4,8/28/2026 9:48,"32C, Humid/Partly Cloudy",0.81,Low - mixed ornamental planting,8m to tree/shrub edge,15,"1.0m height, 45-deg downward",11,3419,3984,18.86,bee_crops/PSBB-CHN-005_video_04_track_11.jpg,BEE_EVENT_CHN_01091,0,New Unique Individual
PSBB-CHN-002_video_05.mp4,7/7/2026 7:15,"33C, Humid/Sunny",1.45,Low - mixed ornamental planting,1m to bare soil,15,"0.8m height, 45-deg downward",50,699,1272,19.12,bee_crops/PSBB-CHN-002_video_05_track_50.jpg,BEE_EVENT_CHN_01092,0,New Unique Individual
PSBB-CHN-003_video_07.mp4,7/17/2026 16:21,"33C, Humid/Partly Cloudy",3.13,Medium - zinnia,8m to tree/shrub edge,15,"0.9m height, 40-deg downward",69,3782,3996,7.16,bee_crops/PSBB-CHN-003_video_07_track_69.jpg,BEE_EVENT_CHN_01093,0,New Unique Individual
PSBB-CHN-001_video_07.mp4,8/30/2026 7:26,"28C, Humid/Partly Cloudy",3.36,High - hibiscus,1m to bare soil,15,"1.2m height, 50-deg downward",31,4365,4524,5.32,bee_crops/PSBB-CHN-001_video_07_track_31.jpg,BEE_EVENT_CHN_01094,0,New Unique Individual
PSBB-CHN-003_video_04.mp4,7/4/2026 10:18,"32C, Partly Cloudy",2.03,Medium - marigold,8m to tree/shrub edge,15,"1.2m height, 50-deg downward",15,5051,5268,7.25,bee_crops/PSBB-CHN-003_video_04_track_15.jpg,BEE_EVENT_CHN_01094,0.512,Re-entry (P=51%)
PSBB-CHN-002_video_07.mp4,7/11/2026 8:45,"30C, Humid/Sunny",2.27,Medium - marigold,2m to bare soil,15,"1.2m height, 50-deg downward",78,1450,1835,12.87,bee_crops/PSBB-CHN-002_video_07_track_78.jpg,BEE_EVENT_CHN_01095,0,New Unique Individual
PSBB-CHN-001_video_12.mp4,7/10/2026 15:28,"32C, Cloudy",2.52,Medium - zinnia,2m to bare soil,15,"1.0m height, 45-deg downward",69,292,399,3.6,bee_crops/PSBB-CHN-001_video_12_track_69.jpg,BEE_EVENT_CHN_01095,0.612,Re-entry (P=61%)
PSBB-CHN-002_video_09.mp4,7/29/2026 17:28,"34C, Humid/Partly Cloudy",1.01,High - hibiscus,2m to bare soil,15,"0.8m height, 45-deg downward",44,1992,2076,2.82,bee_crops/PSBB-CHN-002_video_09_track_44.jpg,BEE_EVENT_CHN_01095,0.644,Re-entry (P=64%)
PSBB-CHN-002_video_06.mp4,8/31/2026 16:26,"28C, Sunny",1.52,Medium - marigold,1m to bare soil,15,"1.0m height, 45-deg downward",11,4853,5142,9.66,bee_crops/PSBB-CHN-002_video_06_track_11.jpg,BEE_EVENT_CHN_01096,0,New Unique Individual
PSBB-CHN-002_video_01.mp4,8/20/2026 16:08,"34C, Partly Cloudy",1.5,High - jasmine,1m to bare soil,15,"0.9m height, 40-deg downward",51,2977,3087,3.7,bee_crops/PSBB-CHN-002_video_01_track_51.jpg,BEE_EVENT_CHN_01097,0,New Unique Individual
PSBB-CHN-003_video_03.mp4,7/16/2026 8:39,"27C, Sunny",3.72,Medium - tropical garden mix,6m to leaf litter,15,"1.0m height, 45-deg downward",71,4696,4815,4,bee_crops/PSBB-CHN-003_video_03_track_71.jpg,BEE_EVENT_CHN_01098,0,New Unique Individual
PSBB-CHN-001_video_06.mp4,7/11/2026 9:10,"31C, Humid/Partly Cloudy",1.78,High - ixora,2m to bare soil,15,"1.0m height, 45-deg downward",22,3965,4275,10.37,bee_crops/PSBB-CHN-001_video_06_track_22.jpg,BEE_EVENT_CHN_01099,0,New Unique Individual
PSBB-CHN-004_video_10.mp4,8/6/2026 10:43,"34C, Humid/Sunny",2.9,Medium - tropical garden mix,2m to bare soil,15,"0.8m height, 45-deg downward",30,3030,3304,9.16,bee_crops/PSBB-CHN-004_video_10_track_30.jpg,BEE_EVENT_CHN_01099,0.558,Re-entry (P=56%)
PSBB-CHN-003_video_09.mp4,7/3/2026 15:39,"35C, Partly Cloudy",1.34,High - bougainvillea,6m to leaf litter,15,"1.2m height, 50-deg downward",10,1973,2016,1.47,bee_crops/PSBB-CHN-003_video_09_track_10.jpg,BEE_EVENT_CHN_01100,0,New Unique Individual
PSBB-CHN-002_video_02.mp4,7/14/2026 16:29,"32C, Humid/Partly Cloudy",1.58,High - ixora,1m to bare soil,15,"0.9m height, 40-deg downward",78,4011,4398,12.92,bee_crops/PSBB-CHN-002_video_02_track_78.jpg,BEE_EVENT_CHN_01101,0,New Unique Individual
PSBB-CHN-003_video_02.mp4,8/26/2026 9:05,"32C, Sunny",2.19,Medium - tropical garden mix,6m to leaf litter,15,"1.0m height, 45-deg downward",17,3038,3454,13.91,bee_crops/PSBB-CHN-003_video_02_track_17.jpg,BEE_EVENT_CHN_01102,0,New Unique Individual
PSBB-CHN-001_video_05.mp4,7/10/2026 10:28,"32C, Cloudy",1.4,High - lantana,6m to leaf litter,15,"1.0m height, 45-deg downward",33,1388,1851,15.45,bee_crops/PSBB-CHN-001_video_05_track_33.jpg,BEE_EVENT_CHN_01103,0,New Unique Individual
PSBB-CHN-004_video_11.mp4,7/28/2026 15:08,"30C, Humid/Partly Cloudy",1.47,Medium - marigold,8m to tree/shrub edge,15,"1.2m height, 50-deg downward",44,1339,1512,5.8,bee_crops/PSBB-CHN-004_video_11_track_44.jpg,BEE_EVENT_CHN_01104,0,New Unique Individual
PSBB-CHN-005_video_02.mp4,7/8/2026 16:04,"30C, Partly Cloudy",3.38,Medium - tropical garden mix,6m to leaf litter,15,"0.9m height, 40-deg downward",43,3611,3789,5.98,bee_crops/PSBB-CHN-005_video_02_track_43.jpg,BEE_EVENT_CHN_01105,0,New Unique Individual
PSBB-CHN-001_video_04.mp4,8/20/2026 17:22,"30C, Humid/Sunny",3.13,High - hibiscus,4m to shrub border,15,"1.2m height, 50-deg downward",36,4877,5022,4.88,bee_crops/PSBB-CHN-001_video_04_track_36.jpg,BEE_EVENT_CHN_01106,0,New Unique Individual
PSBB-CHN-003_video_03.mp4,7/8/2026 17:20,"27C, Humid/Sunny",1.08,Medium - tropical garden mix,8m to tree/shrub edge,15,"0.9m height, 40-deg downward",36,3410,4086,22.57,bee_crops/PSBB-CHN-003_video_03_track_36.jpg,BEE_EVENT_CHN_01107,0,New Unique Individual
PSBB-CHN-003_video_12.mp4,7/12/2026 8:01,"27C, Partly Cloudy",2.25,High - jasmine,2m to bare soil,15,"1.0m height, 45-deg downward",72,1291,1408,3.95,bee_crops/PSBB-CHN-003_video_12_track_72.jpg,BEE_EVENT_CHN_01108,0,New Unique Individual
PSBB-CHN-001_video_09.mp4,7/13/2026 17:06,"35C, Humid/Sunny",3.38,High - lantana,6m to leaf litter,15,"0.9m height, 40-deg downward",82,4467,4621,5.17,bee_crops/PSBB-CHN-001_video_09_track_82.jpg,BEE_EVENT_CHN_01109,0,New Unique Individual
PSBB-CHN-001_video_12.mp4,8/10/2026 8:14,"34C, Cloudy",0.87,Medium - mixed flowering ornamentals,1m to bare soil,15,"1.0m height, 45-deg downward",12,3272,3408,4.56,bee_crops/PSBB-CHN-001_video_12_track_12.jpg,BEE_EVENT_CHN_01110,0,New Unique Individual
PSBB-CHN-005_video_01.mp4,8/2/2026 10:47,"33C, Sunny",1.4,Medium - zinnia,8m to tree/shrub edge,15,"0.8m height, 45-deg downward",85,1201,1324,4.13,bee_crops/PSBB-CHN-005_video_01_track_85.jpg,BEE_EVENT_CHN_01111,0,New Unique Individual
PSBB-CHN-004_video_04.mp4,8/5/2026 9:45,"35C, Cloudy",0.95,Low - mixed ornamental planting,2m to bare soil,15,"0.8m height, 45-deg downward",53,117,166,1.67,bee_crops/PSBB-CHN-004_video_04_track_53.jpg,BEE_EVENT_CHN_01111,0.633,Re-entry (P=63%)
PSBB-CHN-002_video_05.mp4,7/24/2026 15:25,"34C, Sunny",3.05,High - jasmine,8m to tree/shrub edge,15,"1.2m height, 50-deg downward",45,3292,3640,11.63,bee_crops/PSBB-CHN-002_video_05_track_45.jpg,BEE_EVENT_CHN_01112,0,New Unique Individual
PSBB-CHN-002_video_06.mp4,7/12/2026 7:33,"33C, Humid/Partly Cloudy",0.91,High - ixora,8m to tree/shrub edge,15,"0.9m height, 40-deg downward",36,1769,2192,14.14,bee_crops/PSBB-CHN-002_video_06_track_36.jpg,BEE_EVENT_CHN_01112,0.556,Re-entry (P=56%)
PSBB-CHN-002_video_05.mp4,8/7/2026 9:15,"32C, Humid/Partly Cloudy",1.17,High - hibiscus,1m to bare soil,15,"0.8m height, 45-deg downward",23,2421,2504,2.79,bee_crops/PSBB-CHN-002_video_05_track_23.jpg,BEE_EVENT_CHN_01113,0,New Unique Individual
PSBB-CHN-003_video_06.mp4,8/20/2026 15:15,"30C, Humid/Sunny",2.72,High - bougainvillea,6m to leaf litter,15,"1.0m height, 45-deg downward",17,4742,5088,11.56,bee_crops/PSBB-CHN-003_video_06_track_17.jpg,BEE_EVENT_CHN_01114,0,New Unique Individual
PSBB-CHN-002_video_08.mp4,8/23/2026 17:35,"30C, Cloudy",0.91,Medium - zinnia,6m to leaf litter,15,"1.0m height, 45-deg downward",32,2890,2985,3.19,bee_crops/PSBB-CHN-002_video_08_track_32.jpg,BEE_EVENT_CHN_01115,0,New Unique Individual
PSBB-CHN-001_video_09.mp4,7/18/2026 10:05,"33C, Humid/Partly Cloudy",1.31,High - lantana,1m to bare soil,15,"0.9m height, 40-deg downward",89,978,1118,4.7,bee_crops/PSBB-CHN-001_video_09_track_89.jpg,BEE_EVENT_CHN_01116,0,New Unique Individual
PSBB-CHN-003_video_09.mp4,7/1/2026 16:35,"31C, Humid/Partly Cloudy",3.7,Medium - tropical garden mix,8m to tree/shrub edge,15,"0.8m height, 45-deg downward",18,2381,2440,2,bee_crops/PSBB-CHN-003_video_09_track_18.jpg,BEE_EVENT_CHN_01117,0,New Unique Individual
PSBB-CHN-001_video_04.mp4,8/20/2026 10:09,"27C, Humid/Sunny",3.64,High - lantana,8m to tree/shrub edge,15,"1.2m height, 50-deg downward",49,2427,2704,9.26,bee_crops/PSBB-CHN-001_video_04_track_49.jpg,BEE_EVENT_CHN_01118,0,New Unique Individual
PSBB-CHN-001_video_04.mp4,7/14/2026 8:41,"28C, Humid/Sunny",1.23,Medium - zinnia,3m to planted soil,15,"1.2m height, 50-deg downward",44,1793,2097,10.17,bee_crops/PSBB-CHN-001_video_04_track_44.jpg,BEE_EVENT_CHN_01119,0,New Unique Individual
PSBB-CHN-003_video_11.mp4,7/20/2026 7:35,"27C, Sunny",3.74,Low - mixed ornamental planting,2m to bare soil,15,"1.0m height, 45-deg downward",13,1305,1485,6.03,bee_crops/PSBB-CHN-003_video_11_track_13.jpg,BEE_EVENT_CHN_01120,0,New Unique Individual
PSBB-CHN-002_video_07.mp4,7/17/2026 17:04,"33C, Cloudy",3.79,Medium - marigold,2m to bare soil,15,"1.0m height, 45-deg downward",90,4740,4897,5.25,bee_crops/PSBB-CHN-002_video_07_track_90.jpg,BEE_EVENT_CHN_01121,0,New Unique Individual
PSBB-CHN-001_video_04.mp4,7/31/2026 17:43,"29C, Cloudy",3.48,High - hibiscus,8m to tree/shrub edge,15,"0.9m height, 40-deg downward",23,2352,3013,22.08,bee_crops/PSBB-CHN-001_video_04_track_23.jpg,BEE_EVENT_CHN_01122,0,New Unique Individual
PSBB-CHN-002_video_09.mp4,7/18/2026 7:22,"27C, Sunny",0.81,High - jasmine,1m to bare soil,15,"1.2m height, 50-deg downward",44,954,1150,6.56,bee_crops/PSBB-CHN-002_video_09_track_44.jpg,BEE_EVENT_CHN_01123,0,New Unique Individual
PSBB-CHN-002_video_06.mp4,8/20/2026 10:19,"28C, Partly Cloudy",1.66,Medium - tropical garden mix,8m to tree/shrub edge,15,"0.9m height, 40-deg downward",14,2120,2265,4.87,bee_crops/PSBB-CHN-002_video_06_track_14.jpg,BEE_EVENT_CHN_01124,0,New Unique Individual
PSBB-CHN-004_video_02.mp4,8/17/2026 9:11,"29C, Cloudy",3.19,Medium - marigold,6m to leaf litter,15,"1.2m height, 50-deg downward",26,4232,4510,9.29,bee_crops/PSBB-CHN-004_video_02_track_26.jpg,BEE_EVENT_CHN_01125,0,New Unique Individual
PSBB-CHN-001_video_01.mp4,7/1/2026 8:14,"33C, Sunny",3.76,Low - mixed ornamental planting,4m to shrub border,15,"0.8m height, 45-deg downward",5,4968,5069,3.4,bee_crops/PSBB-CHN-001_video_01_track_5.jpg,BEE_EVENT_CHN_01125,0.63,Re-entry (P=63%)
PSBB-CHN-005_video_12.mp4,7/26/2026 9:21,"29C, Sunny",1.08,Medium - zinnia,1m to bare soil,15,"0.9m height, 40-deg downward",16,70,207,4.6,bee_crops/PSBB-CHN-005_video_12_track_16.jpg,BEE_EVENT_CHN_01126,0,New Unique Individual
PSBB-CHN-001_video_09.mp4,8/14/2026 7:32,"28C, Humid/Partly Cloudy",1.12,Medium - tropical garden mix,6m to leaf litter,15,"1.0m height, 45-deg downward",47,76,143,2.27,bee_crops/PSBB-CHN-001_video_09_track_47.jpg,BEE_EVENT_CHN_01127,0,New Unique Individual
PSBB-CHN-005_video_05.mp4,8/20/2026 10:12,"28C, Humid/Partly Cloudy",1.09,High - ixora,1m to bare soil,15,"0.8m height, 45-deg downward",71,365,700,11.2,bee_crops/PSBB-CHN-005_video_05_track_71.jpg,BEE_EVENT_CHN_01128,0,New Unique Individual
PSBB-CHN-002_video_03.mp4,8/24/2026 10:28,"31C, Sunny",2.19,High - ixora,1m to bare soil,15,"1.2m height, 50-deg downward",7,4951,5225,9.16,bee_crops/PSBB-CHN-002_video_03_track_7.jpg,BEE_EVENT_CHN_01129,0,New Unique Individual
PSBB-CHN-005_video_12.mp4,8/12/2026 10:37,"34C, Partly Cloudy",3.67,High - lantana,1m to bare soil,15,"1.0m height, 45-deg downward",46,3497,3745,8.3,bee_crops/PSBB-CHN-005_video_12_track_46.jpg,BEE_EVENT_CHN_01130,0,New Unique Individual
PSBB-CHN-001_video_11.mp4,7/27/2026 15:04,"29C, Sunny",3.63,Medium - mixed flowering ornamentals,8m to tree/shrub edge,15,"0.9m height, 40-deg downward",36,4030,4111,2.73,bee_crops/PSBB-CHN-001_video_11_track_36.jpg,BEE_EVENT_CHN_01131,0,New Unique Individual
PSBB-CHN-005_video_07.mp4,8/24/2026 16:19,"35C, Partly Cloudy",0.76,High - bougainvillea,6m to leaf litter,15,"0.8m height, 45-deg downward",90,1871,2216,11.52,bee_crops/PSBB-CHN-005_video_07_track_90.jpg,BEE_EVENT_CHN_01132,0,New Unique Individual
PSBB-CHN-003_video_11.mp4,7/18/2026 8:26,"34C, Cloudy",0.93,Low - mixed ornamental planting,6m to leaf litter,15,"0.8m height, 45-deg downward",39,3907,4109,6.77,bee_crops/PSBB-CHN-003_video_11_track_39.jpg,BEE_EVENT_CHN_01133,0,New Unique Individual
PSBB-CHN-002_video_11.mp4,7/8/2026 10:33,"27C, Humid/Partly Cloudy",3.62,High - bougainvillea,4m to shrub border,15,"1.0m height, 45-deg downward",70,4460,4519,2.01,bee_crops/PSBB-CHN-002_video_11_track_70.jpg,BEE_EVENT_CHN_01134,0,New Unique Individual
PSBB-CHN-001_video_03.mp4,8/2/2026 17:14,"33C, Partly Cloudy",3.11,High - hibiscus,2m to bare soil,15,"0.9m height, 40-deg downward",18,2104,2266,5.44,bee_crops/PSBB-CHN-001_video_03_track_18.jpg,BEE_EVENT_CHN_01135,0,New Unique Individual
PSBB-CHN-002_video_03.mp4,7/1/2026 15:33,"28C, Humid/Sunny",2.43,High - hibiscus,1m to bare soil,15,"0.9m height, 40-deg downward",48,4055,4130,2.55,bee_crops/PSBB-CHN-002_video_03_track_48.jpg,BEE_EVENT_CHN_01135,0.672,Re-entry (P=67%)
PSBB-CHN-005_video_04.mp4,7/23/2026 7:46,"35C, Humid/Sunny",2.51,High - ixora,2m to bare soil,15,"1.0m height, 45-deg downward",64,1678,1953,9.21,bee_crops/PSBB-CHN-005_video_04_track_64.jpg,BEE_EVENT_CHN_01135,0.616,Re-entry (P=62%)
PSBB-CHN-003_video_12.mp4,8/29/2026 16:24,"30C, Cloudy",2.15,High - jasmine,1m to bare soil,15,"1.0m height, 45-deg downward",4,2743,2974,7.73,bee_crops/PSBB-CHN-003_video_12_track_4.jpg,BEE_EVENT_CHN_01135,0.689,Re-entry (P=69%)
PSBB-CHN-005_video_12.mp4,8/18/2026 16:08,"33C, Humid/Partly Cloudy",3.46,High - bougainvillea,2m to bare soil,15,"1.0m height, 45-deg downward",46,603,790,6.27,bee_crops/PSBB-CHN-005_video_12_track_46.jpg,BEE_EVENT_CHN_01135,0.731,Re-entry (P=73%)
PSBB-CHN-003_video_08.mp4,7/8/2026 8:35,"32C, Cloudy",2.42,Medium - marigold,3m to planted soil,15,"0.9m height, 40-deg downward",13,1579,1895,10.56,bee_crops/PSBB-CHN-003_video_08_track_13.jpg,BEE_EVENT_CHN_01136,0,New Unique Individual
PSBB-CHN-001_video_11.mp4,8/6/2026 15:04,"27C, Humid/Sunny",2.23,High - jasmine,1m to bare soil,15,"0.9m height, 40-deg downward",14,3746,4143,13.27,bee_crops/PSBB-CHN-001_video_11_track_14.jpg,BEE_EVENT_CHN_01137,0,New Unique Individual
PSBB-CHN-002_video_01.mp4,8/12/2026 17:20,"29C, Humid/Sunny",3.71,High - lantana,6m to leaf litter,15,"1.2m height, 50-deg downward",19,128,496,12.3,bee_crops/PSBB-CHN-002_video_01_track_19.jpg,BEE_EVENT_CHN_01138,0,New Unique Individual
PSBB-CHN-002_video_05.mp4,8/21/2026 9:37,"33C, Sunny",1.99,High - ixora,3m to planted soil,15,"1.0m height, 45-deg downward",49,4864,5048,6.18,bee_crops/PSBB-CHN-002_video_05_track_49.jpg,BEE_EVENT_CHN_01139,0,New Unique Individual
PSBB-CHN-005_video_10.mp4,8/4/2026 16:45,"35C, Humid/Partly Cloudy",1.73,Low - mixed ornamental planting,6m to leaf litter,15,"1.0m height, 45-deg downward",21,2538,2749,7.08,bee_crops/PSBB-CHN-005_video_10_track_21.jpg,BEE_EVENT_CHN_01140,0,New Unique Individual
PSBB-CHN-004_video_10.mp4,7/6/2026 17:42,"35C, Sunny",2.3,Low - mixed ornamental planting,1m to bare soil,15,"0.8m height, 45-deg downward",5,1190,1826,21.22,bee_crops/PSBB-CHN-004_video_10_track_5.jpg,BEE_EVENT_CHN_01141,0,New Unique Individual
PSBB-CHN-003_video_01.mp4,8/15/2026 15:32,"33C, Sunny",0.82,Medium - zinnia,6m to leaf litter,15,"1.2m height, 50-deg downward",57,365,581,7.24,bee_crops/PSBB-CHN-003_video_01_track_57.jpg,BEE_EVENT_CHN_01142,0,New Unique Individual
PSBB-CHN-001_video_07.mp4,7/25/2026 10:24,"27C, Partly Cloudy",2.12,Medium - tropical garden mix,4m to shrub border,15,"0.9m height, 40-deg downward",41,4071,4123,1.76,bee_crops/PSBB-CHN-001_video_07_track_41.jpg,BEE_EVENT_CHN_01143,0.459,New Unique Individual
PSBB-CHN-005_video_05.mp4,7/6/2026 7:29,"34C, Cloudy",1.76,Low - mixed ornamental planting,4m to shrub border,15,"0.9m height, 40-deg downward",73,1587,1841,8.5,bee_crops/PSBB-CHN-005_video_05_track_73.jpg,BEE_EVENT_CHN_01144,0,New Unique Individual
PSBB-CHN-005_video_02.mp4,8/13/2026 10:43,"34C, Sunny",2.86,High - bougainvillea,6m to leaf litter,15,"0.8m height, 45-deg downward",78,710,946,7.89,bee_crops/PSBB-CHN-005_video_02_track_78.jpg,BEE_EVENT_CHN_01145,0,New Unique Individual
PSBB-CHN-001_video_08.mp4,8/26/2026 9:40,"28C, Humid/Sunny",2.91,Medium - zinnia,2m to bare soil,15,"0.8m height, 45-deg downward",34,1658,2506,28.3,bee_crops/PSBB-CHN-001_video_08_track_34.jpg,BEE_EVENT_CHN_01146,0,New Unique Individual
PSBB-CHN-001_video_03.mp4,8/13/2026 7:24,"27C, Partly Cloudy",3,Low - mixed ornamental planting,2m to bare soil,15,"0.9m height, 40-deg downward",30,2844,3917,35.8,bee_crops/PSBB-CHN-001_video_03_track_30.jpg,BEE_EVENT_CHN_01146,0.685,Re-entry (P=69%)
PSBB-CHN-005_video_09.mp4,7/13/2026 7:34,"27C, Partly Cloudy",3.59,Medium - zinnia,2m to bare soil,15,"0.9m height, 40-deg downward",84,4508,5114,20.22,bee_crops/PSBB-CHN-005_video_09_track_84.jpg,BEE_EVENT_CHN_01146,0.502,Re-entry (P=50%)
PSBB-CHN-005_video_09.mp4,7/24/2026 16:48,"28C, Cloudy",2.76,High - ixora,2m to bare soil,15,"1.0m height, 45-deg downward",39,2270,2436,5.56,bee_crops/PSBB-CHN-005_video_09_track_39.jpg,BEE_EVENT_CHN_01146,0.705,Re-entry (P=71%)
PSBB-CHN-002_video_07.mp4,8/30/2026 8:27,"32C, Sunny",3.21,High - ixora,2m to bare soil,15,"1.2m height, 50-deg downward",31,4632,5200,18.97,bee_crops/PSBB-CHN-002_video_07_track_31.jpg,BEE_EVENT_CHN_01147,0,New Unique Individual
PSBB-CHN-003_video_06.mp4,7/10/2026 10:47,"31C, Humid/Sunny",2.16,High - hibiscus,8m to tree/shrub edge,15,"1.0m height, 45-deg downward",80,2727,3363,21.24,bee_crops/PSBB-CHN-003_video_06_track_80.jpg,BEE_EVENT_CHN_01148,0,New Unique Individual
PSBB-CHN-003_video_06.mp4,8/1/2026 8:48,"33C, Humid/Sunny",2.59,Medium - marigold,4m to shrub border,15,"1.2m height, 50-deg downward",37,1460,1782,10.78,bee_crops/PSBB-CHN-003_video_06_track_37.jpg,BEE_EVENT_CHN_01148,0.828,Re-entry (P=83%)
PSBB-CHN-002_video_01.mp4,7/12/2026 15:31,"35C, Sunny",3.6,Medium - tropical garden mix,1m to bare soil,15,"1.0m height, 45-deg downward",86,297,459,5.44,bee_crops/PSBB-CHN-002_video_01_track_86.jpg,BEE_EVENT_CHN_01149,0,New Unique Individual
PSBB-CHN-002_video_06.mp4,8/26/2026 16:21,"34C, Humid/Partly Cloudy",2.39,High - hibiscus,4m to shrub border,15,"1.0m height, 45-deg downward",66,855,922,2.28,bee_crops/PSBB-CHN-002_video_06_track_66.jpg,BEE_EVENT_CHN_01150,0.452,New Unique Individual
PSBB-CHN-005_video_01.mp4,8/21/2026 7:49,"35C, Humid/Sunny",1.33,High - hibiscus,4m to shrub border,15,"1.2m height, 50-deg downward",66,4022,4371,11.68,bee_crops/PSBB-CHN-005_video_01_track_66.jpg,BEE_EVENT_CHN_01151,0,New Unique Individual
PSBB-CHN-001_video_01.mp4,7/1/2026 10:16,"32C, Humid/Partly Cloudy",0.7,High - hibiscus,4m to shrub border,15,"0.8m height, 45-deg downward",87,4629,4730,3.39,bee_crops/PSBB-CHN-001_video_01_track_87.jpg,BEE_EVENT_CHN_01152,0,New Unique Individual
PSBB-CHN-002_video_05.mp4,8/12/2026 16:50,"35C, Cloudy",0.93,Medium - mixed flowering ornamentals,6m to leaf litter,15,"1.2m height, 50-deg downward",40,2014,2235,7.41,bee_crops/PSBB-CHN-002_video_05_track_40.jpg,BEE_EVENT_CHN_01153,0,New Unique Individual
PSBB-CHN-004_video_11.mp4,7/26/2026 7:30,"30C, Sunny",0.9,Medium - tropical garden mix,1m to bare soil,15,"0.9m height, 40-deg downward",62,1766,1927,5.4,bee_crops/PSBB-CHN-004_video_11_track_62.jpg,BEE_EVENT_CHN_01153,0.532,Re-entry (P=53%)
PSBB-CHN-001_video_12.mp4,8/27/2026 9:48,"32C, Partly Cloudy",0.86,Medium - zinnia,1m to bare soil,15,"1.2m height, 50-deg downward",54,3624,3769,4.85,bee_crops/PSBB-CHN-001_video_12_track_54.jpg,BEE_EVENT_CHN_01154,0,New Unique Individual
PSBB-CHN-001_video_06.mp4,8/29/2026 16:23,"29C, Sunny",2.89,Low - mixed ornamental planting,8m to tree/shrub edge,15,"1.0m height, 45-deg downward",78,1616,1974,11.98,bee_crops/PSBB-CHN-001_video_06_track_78.jpg,BEE_EVENT_CHN_01154,0.574,Re-entry (P=57%)
PSBB-CHN-002_video_07.mp4,7/23/2026 15:47,"28C, Partly Cloudy",2.38,High - jasmine,1m to bare soil,15,"1.0m height, 45-deg downward",50,3627,3830,6.8,bee_crops/PSBB-CHN-002_video_07_track_50.jpg,BEE_EVENT_CHN_01155,0,New Unique Individual
PSBB-CHN-002_video_01.mp4,8/21/2026 9:38,"30C, Humid/Partly Cloudy",2.43,High - jasmine,3m to planted soil,15,"0.8m height, 45-deg downward",90,2639,2952,10.46,bee_crops/PSBB-CHN-002_video_01_track_90.jpg,BEE_EVENT_CHN_01156,0,New Unique Individual
PSBB-CHN-002_video_04.mp4,8/23/2026 15:34,"33C, Partly Cloudy",1.57,Medium - marigold,3m to planted soil,15,"0.9m height, 40-deg downward",71,1937,2339,13.42,bee_crops/PSBB-CHN-002_video_04_track_71.jpg,BEE_EVENT_CHN_01156,0.655,Re-entry (P=65%)
PSBB-CHN-005_video_09.mp4,7/1/2026 10:09,"34C, Partly Cloudy",2.47,High - hibiscus,1m to bare soil,15,"0.9m height, 40-deg downward",30,3296,3592,9.9,bee_crops/PSBB-CHN-005_video_09_track_30.jpg,BEE_EVENT_CHN_01157,0,New Unique Individual
PSBB-CHN-001_video_12.mp4,8/30/2026 17:37,"28C, Partly Cloudy",3.12,High - lantana,2m to bare soil,15,"0.9m height, 40-deg downward",70,3391,3464,2.48,bee_crops/PSBB-CHN-001_video_12_track_70.jpg,BEE_EVENT_CHN_01158,0,New Unique Individual
PSBB-CHN-001_video_12.mp4,8/25/2026 16:25,"30C, Humid/Partly Cloudy",2.01,High - ixora,2m to bare soil,15,"1.2m height, 50-deg downward",69,5107,5443,11.24,bee_crops/PSBB-CHN-001_video_12_track_69.jpg,BEE_EVENT_CHN_01159,0.469,New Unique Individual
PSBB-CHN-004_video_02.mp4,7/16/2026 7:49,"28C, Humid/Sunny",3.56,High - ixora,4m to shrub border,15,"0.9m height, 40-deg downward",66,481,1195,23.83,bee_crops/PSBB-CHN-004_video_02_track_66.jpg,BEE_EVENT_CHN_01159,0.556,Re-entry (P=56%)
PSBB-CHN-001_video_01.mp4,8/13/2026 9:07,"31C, Cloudy",2.61,Medium - mixed flowering ornamentals,2m to bare soil,15,"1.0m height, 45-deg downward",16,768,847,2.66,bee_crops/PSBB-CHN-001_video_01_track_16.jpg,BEE_EVENT_CHN_01160,0,New Unique Individual
PSBB-CHN-003_video_06.mp4,7/6/2026 9:47,"29C, Sunny",3.62,Medium - tropical garden mix,8m to tree/shrub edge,15,"0.8m height, 45-deg downward",48,1583,1787,6.82,bee_crops/PSBB-CHN-003_video_06_track_48.jpg,BEE_EVENT_CHN_01160,0.581,Re-entry (P=58%)
PSBB-CHN-001_video_02.mp4,7/28/2026 16:46,"35C, Partly Cloudy",3.13,High - jasmine,8m to tree/shrub edge,15,"0.8m height, 45-deg downward",16,1495,2072,19.25,bee_crops/PSBB-CHN-001_video_02_track_16.jpg,BEE_EVENT_CHN_01161,0,New Unique Individual
PSBB-CHN-004_video_02.mp4,8/2/2026 8:05,"34C, Humid/Sunny",0.87,High - ixora,6m to leaf litter,15,"0.9m height, 40-deg downward",35,18,139,4.05,bee_crops/PSBB-CHN-004_video_02_track_35.jpg,BEE_EVENT_CHN_01162,0,New Unique Individual
PSBB-CHN-002_video_09.mp4,7/27/2026 9:22,"31C, Humid/Sunny",3.45,High - ixora,4m to shrub border,15,"0.9m height, 40-deg downward",7,2565,3535,32.37,bee_crops/PSBB-CHN-002_video_09_track_7.jpg,BEE_EVENT_CHN_01163,0,New Unique Individual
PSBB-CHN-004_video_03.mp4,7/25/2026 8:27,"29C, Humid/Partly Cloudy",2.71,Medium - zinnia,4m to shrub border,15,"1.0m height, 45-deg downward",80,3998,4275,9.26,bee_crops/PSBB-CHN-004_video_03_track_80.jpg,BEE_EVENT_CHN_01163,0.523,Re-entry (P=52%)
PSBB-CHN-001_video_10.mp4,7/2/2026 7:20,"29C, Humid/Sunny",2.37,Medium - tropical garden mix,4m to shrub border,15,"1.0m height, 45-deg downward",50,4696,5021,10.88,bee_crops/PSBB-CHN-001_video_10_track_50.jpg,BEE_EVENT_CHN_01164,0,New Unique Individual
PSBB-CHN-001_video_09.mp4,8/28/2026 15:35,"32C, Partly Cloudy",2.91,Medium - marigold,2m to bare soil,15,"0.9m height, 40-deg downward",5,4562,4719,5.25,bee_crops/PSBB-CHN-001_video_09_track_5.jpg,BEE_EVENT_CHN_01165,0,New Unique Individual
PSBB-CHN-002_video_04.mp4,7/13/2026 8:40,"35C, Sunny",2.57,High - bougainvillea,1m to bare soil,15,"0.9m height, 40-deg downward",78,3095,3193,3.31,bee_crops/PSBB-CHN-002_video_04_track_78.jpg,BEE_EVENT_CHN_01166,0,New Unique Individual
PSBB-CHN-001_video_09.mp4,7/28/2026 16:12,"29C, Humid/Partly Cloudy",2.34,High - lantana,1m to bare soil,15,"1.0m height, 45-deg downward",26,3578,3983,13.52,bee_crops/PSBB-CHN-001_video_09_track_26.jpg,BEE_EVENT_CHN_01167,0,New Unique Individual
PSBB-CHN-004_video_07.mp4,7/28/2026 8:50,"32C, Partly Cloudy",2.35,High - lantana,1m to bare soil,15,"0.9m height, 40-deg downward",42,2595,2828,7.8,bee_crops/PSBB-CHN-004_video_07_track_42.jpg,BEE_EVENT_CHN_01168,0.479,New Unique Individual
PSBB-CHN-002_video_02.mp4,8/1/2026 10:30,"32C, Sunny",3.42,Medium - tropical garden mix,6m to leaf litter,15,"1.0m height, 45-deg downward",30,2532,2628,3.24,bee_crops/PSBB-CHN-002_video_02_track_30.jpg,BEE_EVENT_CHN_01168,0.534,Re-entry (P=53%)
PSBB-CHN-005_video_04.mp4,8/10/2026 10:06,"30C, Cloudy",2.67,High - bougainvillea,1m to bare soil,15,"0.8m height, 45-deg downward",63,4170,4221,1.73,bee_crops/PSBB-CHN-005_video_04_track_63.jpg,BEE_EVENT_CHN_01169,0.439,New Unique Individual
PSBB-CHN-001_video_02.mp4,7/15/2026 7:38,"33C, Partly Cloudy",1.75,Medium - tropical garden mix,1m to bare soil,15,"0.8m height, 45-deg downward",75,2716,2980,8.82,bee_crops/PSBB-CHN-001_video_02_track_75.jpg,BEE_EVENT_CHN_01170,0.34,New Unique Individual
PSBB-CHN-003_video_07.mp4,7/13/2026 15:01,"33C, Humid/Partly Cloudy",2.72,Medium - tropical garden mix,4m to shrub border,15,"1.0m height, 45-deg downward",52,3028,3178,5.03,bee_crops/PSBB-CHN-003_video_07_track_52.jpg,BEE_EVENT_CHN_01171,0,New Unique Individual
PSBB-CHN-004_video_01.mp4,7/31/2026 17:05,"34C, Partly Cloudy",1.1,Medium - mixed flowering ornamentals,3m to planted soil,15,"0.8m height, 45-deg downward",18,5041,5368,10.93,bee_crops/PSBB-CHN-004_video_01_track_18.jpg,BEE_EVENT_CHN_01172,0.424,New Unique Individual
PSBB-CHN-004_video_06.mp4,8/10/2026 16:24,"31C, Sunny",2.09,Medium - mixed flowering ornamentals,4m to shrub border,15,"0.9m height, 40-deg downward",7,1380,1483,3.47,bee_crops/PSBB-CHN-004_video_06_track_7.jpg,BEE_EVENT_CHN_01173,0,New Unique Individual
PSBB-CHN-002_video_02.mp4,8/4/2026 8:02,"29C, Sunny",3.44,Low - mixed ornamental planting,3m to planted soil,15,"1.2m height, 50-deg downward",75,1530,1664,4.5,bee_crops/PSBB-CHN-002_video_02_track_75.jpg,BEE_EVENT_CHN_01174,0,New Unique Individual
PSBB-CHN-001_video_12.mp4,8/27/2026 7:44,"28C, Humid/Sunny",1.89,High - lantana,2m to bare soil,15,"1.0m height, 45-deg downward",26,387,547,5.37,bee_crops/PSBB-CHN-001_video_12_track_26.jpg,BEE_EVENT_CHN_01175,0,New Unique Individual
PSBB-CHN-005_video_01.mp4,8/9/2026 8:37,"32C, Partly Cloudy",2.68,High - ixora,1m to bare soil,15,"1.0m height, 45-deg downward",48,4577,4652,2.54,bee_crops/PSBB-CHN-005_video_01_track_48.jpg,BEE_EVENT_CHN_01176,0,New Unique Individual
PSBB-CHN-001_video_03.mp4,8/7/2026 16:33,"29C, Partly Cloudy",2.39,Medium - zinnia,2m to bare soil,15,"1.2m height, 50-deg downward",88,1319,1691,12.44,bee_crops/PSBB-CHN-001_video_03_track_88.jpg,BEE_EVENT_CHN_01177,0,New Unique Individual
PSBB-CHN-004_video_04.mp4,8/12/2026 7:32,"34C, Cloudy",1.89,Medium - zinnia,2m to bare soil,15,"0.9m height, 40-deg downward",33,4804,5318,17.18,bee_crops/PSBB-CHN-004_video_04_track_33.jpg,BEE_EVENT_CHN_01178,0,New Unique Individual
PSBB-CHN-003_video_12.mp4,7/21/2026 17:27,"32C, Humid/Sunny",3.16,Medium - zinnia,8m to tree/shrub edge,15,"1.2m height, 50-deg downward",55,2465,2760,9.86,bee_crops/PSBB-CHN-003_video_12_track_55.jpg,BEE_EVENT_CHN_01178,0.572,Re-entry (P=57%)
PSBB-CHN-001_video_06.mp4,8/17/2026 17:22,"35C, Partly Cloudy",1.67,High - lantana,6m to leaf litter,15,"0.8m height, 45-deg downward",62,5036,5114,2.62,bee_crops/PSBB-CHN-001_video_06_track_62.jpg,BEE_EVENT_CHN_01179,0,New Unique Individual
PSBB-CHN-001_video_03.mp4,7/23/2026 9:11,"35C, Humid/Partly Cloudy",2.93,Medium - tropical garden mix,8m to tree/shrub edge,15,"0.8m height, 45-deg downward",43,5170,5735,18.86,bee_crops/PSBB-CHN-001_video_03_track_43.jpg,BEE_EVENT_CHN_01180,0,New Unique Individual
PSBB-CHN-002_video_08.mp4,7/30/2026 10:34,"33C, Cloudy",3.63,High - jasmine,8m to tree/shrub edge,15,"0.9m height, 40-deg downward",68,4817,5136,10.65,bee_crops/PSBB-CHN-002_video_08_track_68.jpg,BEE_EVENT_CHN_01180,0.844,Re-entry (P=84%)
PSBB-CHN-003_video_01.mp4,7/19/2026 16:18,"33C, Cloudy",2.49,High - ixora,4m to shrub border,15,"0.8m height, 45-deg downward",17,295,867,19.11,bee_crops/PSBB-CHN-003_video_01_track_17.jpg,BEE_EVENT_CHN_01181,0,New Unique Individual
PSBB-CHN-002_video_10.mp4,8/2/2026 7:48,"28C, Humid/Partly Cloudy",3.57,Medium - marigold,2m to bare soil,15,"0.9m height, 40-deg downward",31,5047,5328,9.39,bee_crops/PSBB-CHN-002_video_10_track_31.jpg,BEE_EVENT_CHN_01182,0,New Unique Individual
PSBB-CHN-003_video_10.mp4,7/31/2026 9:26,"29C, Sunny",2.8,High - jasmine,8m to tree/shrub edge,15,"1.0m height, 45-deg downward",86,3330,3585,8.55,bee_crops/PSBB-CHN-003_video_10_track_86.jpg,BEE_EVENT_CHN_01182,0.517,Re-entry (P=52%)
PSBB-CHN-002_video_01.mp4,8/14/2026 15:00,"28C, Sunny",2.13,High - ixora,2m to bare soil,15,"1.0m height, 45-deg downward",63,3809,4109,10.03,bee_crops/PSBB-CHN-002_video_01_track_63.jpg,BEE_EVENT_CHN_01183,0,New Unique Individual
PSBB-CHN-004_video_03.mp4,7/2/2026 8:38,"34C, Humid/Partly Cloudy",2.03,Medium - zinnia,3m to planted soil,15,"1.2m height, 50-deg downward",4,1142,2474,44.43,bee_crops/PSBB-CHN-004_video_03_track_4.jpg,BEE_EVENT_CHN_01184,0,New Unique Individual
PSBB-CHN-001_video_11.mp4,7/2/2026 17:30,"34C, Sunny",2.89,Low - mixed ornamental planting,1m to bare soil,15,"0.8m height, 45-deg downward",1,3499,4136,21.27,bee_crops/PSBB-CHN-001_video_11_track_1.jpg,BEE_EVENT_CHN_01185,0,New Unique Individual
PSBB-CHN-005_video_12.mp4,7/4/2026 8:09,"31C, Cloudy",1.85,High - ixora,8m to tree/shrub edge,15,"0.9m height, 40-deg downward",5,3697,4380,22.8,bee_crops/PSBB-CHN-005_video_12_track_5.jpg,BEE_EVENT_CHN_01185,0.565,Re-entry (P=56%)
PSBB-CHN-003_video_09.mp4,7/8/2026 10:29,"35C, Humid/Sunny",1.82,Medium - tropical garden mix,3m to planted soil,15,"0.8m height, 45-deg downward",90,2637,2820,6.12,bee_crops/PSBB-CHN-003_video_09_track_90.jpg,BEE_EVENT_CHN_01186,0,New Unique Individual
PSBB-CHN-003_video_04.mp4,7/28/2026 9:29,"30C, Partly Cloudy",2.94,High - lantana,8m to tree/shrub edge,15,"0.9m height, 40-deg downward",4,859,901,1.42,bee_crops/PSBB-CHN-003_video_04_track_4.jpg,BEE_EVENT_CHN_01187,0,New Unique Individual
PSBB-CHN-004_video_01.mp4,8/8/2026 9:10,"34C, Humid/Sunny",1.45,Medium - mixed flowering ornamentals,6m to leaf litter,15,"1.0m height, 45-deg downward",83,1572,2118,18.22,bee_crops/PSBB-CHN-004_video_01_track_83.jpg,BEE_EVENT_CHN_01188,0,New Unique Individual
PSBB-CHN-002_video_11.mp4,7/3/2026 15:03,"28C, Sunny",1.23,High - hibiscus,4m to shrub border,15,"0.9m height, 40-deg downward",26,2058,2409,11.72,bee_crops/PSBB-CHN-002_video_11_track_26.jpg,BEE_EVENT_CHN_01188,0.538,Re-entry (P=54%)
PSBB-CHN-002_video_09.mp4,8/1/2026 9:18,"31C, Sunny",1.29,Medium - mixed flowering ornamentals,8m to tree/shrub edge,15,"1.0m height, 45-deg downward",66,4565,4611,1.58,bee_crops/PSBB-CHN-002_video_09_track_66.jpg,BEE_EVENT_CHN_01189,0,New Unique Individual
PSBB-CHN-005_video_07.mp4,7/28/2026 15:30,"27C, Cloudy",0.83,High - hibiscus,4m to shrub border,15,"0.9m height, 40-deg downward",60,4458,4611,5.13,bee_crops/PSBB-CHN-005_video_07_track_60.jpg,BEE_EVENT_CHN_01190,0,New Unique Individual
PSBB-CHN-002_video_08.mp4,8/5/2026 7:45,"31C, Partly Cloudy",3.28,Medium - marigold,6m to leaf litter,15,"0.9m height, 40-deg downward",88,2563,3003,14.69,bee_crops/PSBB-CHN-002_video_08_track_88.jpg,BEE_EVENT_CHN_01191,0,New Unique Individual
PSBB-CHN-004_video_02.mp4,7/23/2026 16:07,"35C, Partly Cloudy",1.28,Medium - marigold,8m to tree/shrub edge,15,"1.2m height, 50-deg downward",32,681,1104,14.12,bee_crops/PSBB-CHN-004_video_02_track_32.jpg,BEE_EVENT_CHN_01191,0.733,Re-entry (P=73%)
PSBB-CHN-003_video_07.mp4,7/29/2026 8:33,"28C, Partly Cloudy",2.55,Medium - tropical garden mix,3m to planted soil,15,"0.9m height, 40-deg downward",74,5102,5344,8.09,bee_crops/PSBB-CHN-003_video_07_track_74.jpg,BEE_EVENT_CHN_01192,0,New Unique Individual
PSBB-CHN-005_video_08.mp4,8/22/2026 9:30,"28C, Humid/Sunny",2.49,Medium - mixed flowering ornamentals,2m to bare soil,15,"0.9m height, 40-deg downward",10,983,1144,5.4,bee_crops/PSBB-CHN-005_video_08_track_10.jpg,BEE_EVENT_CHN_01193,0,New Unique Individual
PSBB-CHN-001_video_04.mp4,8/29/2026 10:44,"27C, Humid/Sunny",0.82,High - hibiscus,6m to leaf litter,15,"1.0m height, 45-deg downward",11,1932,2240,10.3,bee_crops/PSBB-CHN-001_video_04_track_11.jpg,BEE_EVENT_CHN_01193,0.701,Re-entry (P=70%)
PSBB-CHN-001_video_07.mp4,7/31/2026 17:25,"35C, Humid/Sunny",2.23,High - bougainvillea,2m to bare soil,15,"1.2m height, 50-deg downward",54,1206,1835,21.01,bee_crops/PSBB-CHN-001_video_07_track_54.jpg,BEE_EVENT_CHN_01194,0,New Unique Individual
PSBB-CHN-004_video_03.mp4,8/6/2026 8:39,"31C, Sunny",1.12,Low - mixed ornamental planting,2m to bare soil,15,"0.9m height, 40-deg downward",75,2758,2941,6.15,bee_crops/PSBB-CHN-004_video_03_track_75.jpg,BEE_EVENT_CHN_01195,0,New Unique Individual
PSBB-CHN-002_video_09.mp4,7/1/2026 17:20,"27C, Humid/Sunny",2.84,High - jasmine,2m to bare soil,15,"0.8m height, 45-deg downward",36,499,925,14.24,bee_crops/PSBB-CHN-002_video_09_track_36.jpg,BEE_EVENT_CHN_01196,0,New Unique Individual
PSBB-CHN-001_video_04.mp4,8/8/2026 15:34,"33C, Cloudy",2.52,High - ixora,4m to shrub border,15,"1.0m height, 45-deg downward",4,1635,1768,4.47,bee_crops/PSBB-CHN-001_video_04_track_4.jpg,BEE_EVENT_CHN_01197,0,New Unique Individual
PSBB-CHN-005_video_09.mp4,8/20/2026 15:47,"30C, Sunny",2.87,High - hibiscus,1m to bare soil,15,"1.2m height, 50-deg downward",30,5346,5557,7.07,bee_crops/PSBB-CHN-005_video_09_track_30.jpg,BEE_EVENT_CHN_01198,0,New Unique Individual
PSBB-CHN-005_video_09.mp4,7/5/2026 10:43,"30C, Partly Cloudy",0.89,High - lantana,8m to tree/shrub edge,15,"1.0m height, 45-deg downward",25,4909,5595,22.89,bee_crops/PSBB-CHN-005_video_09_track_25.jpg,BEE_EVENT_CHN_01198,0.572,Re-entry (P=57%)
PSBB-CHN-005_video_09.mp4,8/7/2026 9:32,"34C, Humid/Partly Cloudy",1.16,Medium - marigold,8m to tree/shrub edge,15,"1.0m height, 45-deg downward",7,3868,4101,7.8,bee_crops/PSBB-CHN-005_video_09_track_7.jpg,BEE_EVENT_CHN_01199,0.494,New Unique Individual
PSBB-CHN-002_video_01.mp4,7/30/2026 16:04,"33C, Partly Cloudy",2.52,Low - mixed ornamental planting,4m to shrub border,15,"1.2m height, 50-deg downward",77,249,692,14.81,bee_crops/PSBB-CHN-002_video_01_track_77.jpg,BEE_EVENT_CHN_01200,0,New Unique Individual
PSBB-CHN-005_video_04.mp4,7/7/2026 15:14,"32C, Humid/Partly Cloudy",3.6,High - hibiscus,4m to shrub border,15,"0.9m height, 40-deg downward",16,436,471,1.2,bee_crops/PSBB-CHN-005_video_04_track_16.jpg,BEE_EVENT_CHN_01201,0,New Unique Individual
PSBB-CHN-005_video_08.mp4,8/20/2026 8:09,"29C, Sunny",2.75,Medium - zinnia,1m to bare soil,15,"1.2m height, 50-deg downward",12,5203,5282,2.68,bee_crops/PSBB-CHN-005_video_08_track_12.jpg,BEE_EVENT_CHN_01202,0,New Unique Individual
PSBB-CHN-003_video_05.mp4,7/26/2026 8:07,"35C, Cloudy",1.87,High - hibiscus,4m to shrub border,15,"1.0m height, 45-deg downward",20,5024,5402,12.62,bee_crops/PSBB-CHN-003_video_05_track_20.jpg,BEE_EVENT_CHN_01203,0,New Unique Individual
PSBB-CHN-003_video_11.mp4,8/26/2026 9:32,"33C, Cloudy",0.78,Low - mixed ornamental planting,4m to shrub border,15,"1.0m height, 45-deg downward",23,5304,5501,6.61,bee_crops/PSBB-CHN-003_video_11_track_23.jpg,BEE_EVENT_CHN_01204,0,New Unique Individual
PSBB-CHN-003_video_05.mp4,7/3/2026 8:16,"27C, Partly Cloudy",3.59,High - bougainvillea,3m to planted soil,15,"0.8m height, 45-deg downward",21,927,1075,4.98,bee_crops/PSBB-CHN-003_video_05_track_21.jpg,BEE_EVENT_CHN_01205,0,New Unique Individual
PSBB-CHN-005_video_01.mp4,7/30/2026 17:10,"29C, Sunny",2.25,Medium - tropical garden mix,4m to shrub border,15,"1.0m height, 45-deg downward",58,742,1022,9.37,bee_crops/PSBB-CHN-005_video_01_track_58.jpg,BEE_EVENT_CHN_01206,0,New Unique Individual
PSBB-CHN-001_video_11.mp4,8/21/2026 17:45,"32C, Cloudy",2.52,Low - mixed ornamental planting,3m to planted soil,15,"0.9m height, 40-deg downward",32,613,1232,20.66,bee_crops/PSBB-CHN-001_video_11_track_32.jpg,BEE_EVENT_CHN_01207,0,New Unique Individual
PSBB-CHN-003_video_08.mp4,8/12/2026 9:06,"33C, Humid/Sunny",1.28,Medium - tropical garden mix,1m to bare soil,15,"1.2m height, 50-deg downward",41,4941,5137,6.57,bee_crops/PSBB-CHN-003_video_08_track_41.jpg,BEE_EVENT_CHN_01208,0,New Unique Individual
PSBB-CHN-002_video_08.mp4,7/8/2026 7:03,"28C, Sunny",2.19,High - hibiscus,1m to bare soil,15,"1.0m height, 45-deg downward",82,4735,4922,6.26,bee_crops/PSBB-CHN-002_video_08_track_82.jpg,BEE_EVENT_CHN_01209,0,New Unique Individual
PSBB-CHN-002_video_05.mp4,8/10/2026 8:30,"33C, Humid/Partly Cloudy",2.76,Medium - marigold,4m to shrub border,15,"1.2m height, 50-deg downward",58,4222,4362,4.7,bee_crops/PSBB-CHN-002_video_05_track_58.jpg,BEE_EVENT_CHN_01210,0,New Unique Individual
PSBB-CHN-004_video_06.mp4,7/17/2026 15:17,"27C, Cloudy",1.83,Medium - marigold,8m to tree/shrub edge,15,"0.8m height, 45-deg downward",45,4544,4857,10.48,bee_crops/PSBB-CHN-004_video_06_track_45.jpg,BEE_EVENT_CHN_01211,0,New Unique Individual
PSBB-CHN-005_video_12.mp4,7/18/2026 8:43,"28C, Humid/Sunny",1.92,Low - mixed ornamental planting,4m to shrub border,15,"1.2m height, 50-deg downward",14,1576,1705,4.35,bee_crops/PSBB-CHN-005_video_12_track_14.jpg,BEE_EVENT_CHN_01211,0.626,Re-entry (P=63%)
PSBB-CHN-003_video_12.mp4,7/14/2026 8:46,"27C, Partly Cloudy",2.12,High - lantana,6m to leaf litter,15,"1.0m height, 45-deg downward",15,3987,4392,13.53,bee_crops/PSBB-CHN-003_video_12_track_15.jpg,BEE_EVENT_CHN_01212,0,New Unique Individual
PSBB-CHN-001_video_01.mp4,7/24/2026 15:10,"30C, Cloudy",0.79,Medium - zinnia,1m to bare soil,15,"0.8m height, 45-deg downward",5,3761,3935,5.84,bee_crops/PSBB-CHN-001_video_01_track_5.jpg,BEE_EVENT_CHN_01213,0.429,New Unique Individual
PSBB-CHN-004_video_06.mp4,7/31/2026 16:44,"34C, Partly Cloudy",0.96,High - lantana,6m to leaf litter,15,"1.2m height, 50-deg downward",89,2657,2756,3.32,bee_crops/PSBB-CHN-004_video_06_track_89.jpg,BEE_EVENT_CHN_01214,0,New Unique Individual
PSBB-CHN-001_video_08.mp4,7/9/2026 8:37,"33C, Humid/Sunny",2.35,High - jasmine,8m to tree/shrub edge,15,"0.8m height, 45-deg downward",64,69,348,9.32,bee_crops/PSBB-CHN-001_video_08_track_64.jpg,BEE_EVENT_CHN_01215,0,New Unique Individual
PSBB-CHN-005_video_10.mp4,7/6/2026 17:18,"29C, Humid/Partly Cloudy",2.61,Medium - tropical garden mix,4m to shrub border,15,"0.9m height, 40-deg downward",90,2093,2377,9.51,bee_crops/PSBB-CHN-005_video_10_track_90.jpg,BEE_EVENT_CHN_01216,0.377,New Unique Individual
PSBB-CHN-001_video_07.mp4,7/31/2026 9:43,"35C, Humid/Sunny",2.65,Medium - mixed flowering ornamentals,4m to shrub border,15,"1.0m height, 45-deg downward",28,4223,4643,14.04,bee_crops/PSBB-CHN-001_video_07_track_28.jpg,BEE_EVENT_CHN_01217,0,New Unique Individual
PSBB-CHN-001_video_10.mp4,8/20/2026 10:26,"33C, Humid/Partly Cloudy",1.07,Medium - zinnia,1m to bare soil,15,"0.9m height, 40-deg downward",52,3290,3709,14.01,bee_crops/PSBB-CHN-001_video_10_track_52.jpg,BEE_EVENT_CHN_01218,0,New Unique Individual
PSBB-CHN-002_video_06.mp4,7/29/2026 9:43,"35C, Humid/Sunny",2.81,High - ixora,2m to bare soil,15,"1.0m height, 45-deg downward",78,4408,4510,3.44,bee_crops/PSBB-CHN-002_video_06_track_78.jpg,BEE_EVENT_CHN_01219,0,New Unique Individual
PSBB-CHN-001_video_10.mp4,8/14/2026 10:09,"31C, Cloudy",1.28,Medium - marigold,2m to bare soil,15,"0.8m height, 45-deg downward",78,2407,2556,4.99,bee_crops/PSBB-CHN-001_video_10_track_78.jpg,BEE_EVENT_CHN_01219,0.69,Re-entry (P=69%)
PSBB-CHN-001_video_05.mp4,7/7/2026 16:43,"30C, Sunny",3.22,Medium - tropical garden mix,3m to planted soil,15,"0.8m height, 45-deg downward",15,3854,4037,6.12,bee_crops/PSBB-CHN-001_video_05_track_15.jpg,BEE_EVENT_CHN_01220,0,New Unique Individual
PSBB-CHN-002_video_04.mp4,8/12/2026 9:05,"34C, Humid/Sunny",2.05,Medium - mixed flowering ornamentals,3m to planted soil,15,"0.8m height, 45-deg downward",73,4126,4804,22.64,bee_crops/PSBB-CHN-002_video_04_track_73.jpg,BEE_EVENT_CHN_01221,0,New Unique Individual
PSBB-CHN-002_video_07.mp4,7/16/2026 7:02,"34C, Partly Cloudy",3.66,Low - mixed ornamental planting,6m to leaf litter,15,"0.9m height, 40-deg downward",3,2863,3117,8.49,bee_crops/PSBB-CHN-002_video_07_track_3.jpg,BEE_EVENT_CHN_01222,0,New Unique Individual
PSBB-CHN-002_video_01.mp4,7/14/2026 7:17,"35C, Cloudy",3.15,Low - mixed ornamental planting,1m to bare soil,15,"0.8m height, 45-deg downward",90,5365,5645,9.36,bee_crops/PSBB-CHN-002_video_01_track_90.jpg,BEE_EVENT_CHN_01223,0.494,New Unique Individual
PSBB-CHN-004_video_11.mp4,8/21/2026 9:24,"30C, Cloudy",2.25,High - hibiscus,6m to leaf litter,15,"0.8m height, 45-deg downward",25,118,384,8.9,bee_crops/PSBB-CHN-004_video_11_track_25.jpg,BEE_EVENT_CHN_01224,0,New Unique Individual
PSBB-CHN-001_video_06.mp4,7/31/2026 15:49,"33C, Partly Cloudy",2.26,Low - mixed ornamental planting,3m to planted soil,15,"1.0m height, 45-deg downward",25,4551,4734,6.12,bee_crops/PSBB-CHN-001_video_06_track_25.jpg,BEE_EVENT_CHN_01225,0,New Unique Individual
PSBB-CHN-001_video_11.mp4,8/10/2026 7:36,"29C, Humid/Sunny",1.38,High - bougainvillea,2m to bare soil,15,"0.9m height, 40-deg downward",15,3830,3980,5.03,bee_crops/PSBB-CHN-001_video_11_track_15.jpg,BEE_EVENT_CHN_01225,0.647,Re-entry (P=65%)
PSBB-CHN-001_video_07.mp4,8/3/2026 16:28,"29C, Cloudy",1.23,Medium - zinnia,6m to leaf litter,15,"0.8m height, 45-deg downward",22,28,162,4.51,bee_crops/PSBB-CHN-001_video_07_track_22.jpg,BEE_EVENT_CHN_01226,0,New Unique Individual
PSBB-CHN-003_video_07.mp4,7/2/2026 15:20,"32C, Humid/Partly Cloudy",3.06,High - lantana,3m to planted soil,15,"0.8m height, 45-deg downward",37,3509,4200,23.07,bee_crops/PSBB-CHN-003_video_07_track_37.jpg,BEE_EVENT_CHN_01227,0,New Unique Individual
PSBB-CHN-003_video_08.mp4,7/25/2026 17:29,"29C, Humid/Partly Cloudy",3.73,High - hibiscus,6m to leaf litter,15,"1.0m height, 45-deg downward",18,2724,2950,7.56,bee_crops/PSBB-CHN-003_video_08_track_18.jpg,BEE_EVENT_CHN_01228,0.465,New Unique Individual
PSBB-CHN-001_video_12.mp4,7/26/2026 8:14,"29C, Humid/Partly Cloudy",1.61,Medium - mixed flowering ornamentals,3m to planted soil,15,"0.8m height, 45-deg downward",70,5340,5395,1.86,bee_crops/PSBB-CHN-001_video_12_track_70.jpg,BEE_EVENT_CHN_01229,0,New Unique Individual
PSBB-CHN-001_video_06.mp4,8/6/2026 10:10,"32C, Humid/Sunny",1.27,High - hibiscus,3m to planted soil,15,"0.8m height, 45-deg downward",87,4045,4508,15.47,bee_crops/PSBB-CHN-001_video_06_track_87.jpg,BEE_EVENT_CHN_01230,0,New Unique Individual
PSBB-CHN-004_video_06.mp4,7/10/2026 7:09,"34C, Sunny",2.23,High - jasmine,4m to shrub border,15,"1.2m height, 50-deg downward",41,54,263,7,bee_crops/PSBB-CHN-004_video_06_track_41.jpg,BEE_EVENT_CHN_01231,0.476,New Unique Individual
PSBB-CHN-003_video_12.mp4,8/29/2026 7:05,"31C, Humid/Sunny",2.66,High - bougainvillea,6m to leaf litter,15,"0.8m height, 45-deg downward",16,3841,4011,5.7,bee_crops/PSBB-CHN-003_video_12_track_16.jpg,BEE_EVENT_CHN_01231,0.664,Re-entry (P=66%)
PSBB-CHN-002_video_09.mp4,7/23/2026 15:10,"33C, Cloudy",0.84,High - bougainvillea,6m to leaf litter,15,"1.0m height, 45-deg downward",5,3507,3728,7.41,bee_crops/PSBB-CHN-002_video_09_track_5.jpg,BEE_EVENT_CHN_01232,0,New Unique Individual
PSBB-CHN-005_video_12.mp4,8/19/2026 9:35,"27C, Humid/Sunny",2.02,High - lantana,6m to leaf litter,15,"1.0m height, 45-deg downward",80,852,1577,24.19,bee_crops/PSBB-CHN-005_video_12_track_80.jpg,BEE_EVENT_CHN_01232,0.847,Re-entry (P=85%)
PSBB-CHN-002_video_01.mp4,7/8/2026 16:02,"35C, Sunny",0.94,High - bougainvillea,6m to leaf litter,15,"0.9m height, 40-deg downward",43,1899,2278,12.67,bee_crops/PSBB-CHN-002_video_01_track_43.jpg,BEE_EVENT_CHN_01233,0,New Unique Individual
PSBB-CHN-005_video_12.mp4,8/21/2026 8:01,"31C, Sunny",1.23,Medium - marigold,6m to leaf litter,15,"0.8m height, 45-deg downward",55,903,1347,14.82,bee_crops/PSBB-CHN-005_video_12_track_55.jpg,BEE_EVENT_CHN_01233,0.797,Re-entry (P=80%)
PSBB-CHN-003_video_11.mp4,8/13/2026 8:48,"35C, Cloudy",2.5,Medium - tropical garden mix,8m to tree/shrub edge,15,"0.8m height, 45-deg downward",82,3476,3617,4.72,bee_crops/PSBB-CHN-003_video_11_track_82.jpg,BEE_EVENT_CHN_01234,0,New Unique Individual
PSBB-CHN-001_video_12.mp4,8/20/2026 16:33,"32C, Humid/Partly Cloudy",2.6,Medium - mixed flowering ornamentals,4m to shrub border,15,"0.8m height, 45-deg downward",62,2130,2277,4.93,bee_crops/PSBB-CHN-001_video_12_track_62.jpg,BEE_EVENT_CHN_01235,0,New Unique Individual
PSBB-CHN-002_video_12.mp4,8/25/2026 9:38,"35C, Cloudy",0.85,Medium - tropical garden mix,6m to leaf litter,15,"0.9m height, 40-deg downward",73,1834,2289,15.21,bee_crops/PSBB-CHN-002_video_12_track_73.jpg,BEE_EVENT_CHN_01236,0,New Unique Individual
PSBB-CHN-002_video_04.mp4,8/14/2026 9:09,"30C, Sunny",0.97,High - bougainvillea,8m to tree/shrub edge,15,"1.2m height, 50-deg downward",12,4339,4437,3.31,bee_crops/PSBB-CHN-002_video_04_track_12.jpg,BEE_EVENT_CHN_01237,0,New Unique Individual
PSBB-CHN-003_video_08.mp4,7/25/2026 15:00,"30C, Partly Cloudy",3.46,Medium - marigold,4m to shrub border,15,"0.9m height, 40-deg downward",84,4632,5051,14.01,bee_crops/PSBB-CHN-003_video_08_track_84.jpg,BEE_EVENT_CHN_01238,0,New Unique Individual
PSBB-CHN-003_video_11.mp4,8/29/2026 16:10,"27C, Sunny",0.83,Medium - marigold,2m to bare soil,15,"1.0m height, 45-deg downward",39,1226,1380,5.18,bee_crops/PSBB-CHN-003_video_11_track_39.jpg,BEE_EVENT_CHN_01239,0,New Unique Individual
PSBB-CHN-002_video_11.mp4,7/11/2026 15:32,"29C, Partly Cloudy",1.35,Medium - zinnia,6m to leaf litter,15,"0.8m height, 45-deg downward",86,653,1010,11.95,bee_crops/PSBB-CHN-002_video_11_track_86.jpg,BEE_EVENT_CHN_01240,0,New Unique Individual
PSBB-CHN-005_video_11.mp4,7/29/2026 8:15,"28C, Humid/Partly Cloudy",3.26,High - hibiscus,6m to leaf litter,15,"0.9m height, 40-deg downward",41,2321,2508,6.26,bee_crops/PSBB-CHN-005_video_11_track_41.jpg,BEE_EVENT_CHN_01241,0,New Unique Individual
PSBB-CHN-002_video_12.mp4,8/6/2026 15:50,"31C, Partly Cloudy",2.83,High - lantana,4m to shrub border,15,"0.9m height, 40-deg downward",52,2949,3229,9.38,bee_crops/PSBB-CHN-002_video_12_track_52.jpg,BEE_EVENT_CHN_01242,0,New Unique Individual
PSBB-CHN-002_video_09.mp4,7/8/2026 10:36,"30C, Humid/Sunny",2.97,Medium - tropical garden mix,2m to bare soil,15,"0.8m height, 45-deg downward",88,403,695,9.77,bee_crops/PSBB-CHN-002_video_09_track_88.jpg,BEE_EVENT_CHN_01243,0,New Unique Individual
PSBB-CHN-004_video_11.mp4,8/7/2026 15:18,"31C, Sunny",2.67,High - bougainvillea,4m to shrub border,15,"1.2m height, 50-deg downward",17,978,1299,10.73,bee_crops/PSBB-CHN-004_video_11_track_17.jpg,BEE_EVENT_CHN_01244,0,New Unique Individual
PSBB-CHN-002_video_10.mp4,7/30/2026 15:34,"33C, Partly Cloudy",2.89,Medium - zinnia,3m to planted soil,15,"0.9m height, 40-deg downward",31,281,472,6.41,bee_crops/PSBB-CHN-002_video_10_track_31.jpg,BEE_EVENT_CHN_01245,0,New Unique Individual
PSBB-CHN-004_video_03.mp4,7/31/2026 8:21,"30C, Humid/Sunny",2.47,High - ixora,2m to bare soil,15,"0.8m height, 45-deg downward",3,467,622,5.19,bee_crops/PSBB-CHN-004_video_03_track_3.jpg,BEE_EVENT_CHN_01246,0,New Unique Individual
PSBB-CHN-002_video_03.mp4,8/15/2026 7:39,"28C, Humid/Partly Cloudy",1.48,High - ixora,3m to planted soil,15,"0.9m height, 40-deg downward",17,3645,4446,26.74,bee_crops/PSBB-CHN-002_video_03_track_17.jpg,BEE_EVENT_CHN_01246,0.688,Re-entry (P=69%)
PSBB-CHN-005_video_03.mp4,7/17/2026 7:39,"33C, Partly Cloudy",0.98,High - ixora,2m to bare soil,15,"0.9m height, 40-deg downward",55,3697,3756,2.01,bee_crops/PSBB-CHN-005_video_03_track_55.jpg,BEE_EVENT_CHN_01247,0,New Unique Individual
PSBB-CHN-001_video_09.mp4,7/22/2026 15:33,"34C, Humid/Sunny",2.67,Medium - mixed flowering ornamentals,6m to leaf litter,15,"1.2m height, 50-deg downward",66,5128,5307,6,bee_crops/PSBB-CHN-001_video_09_track_66.jpg,BEE_EVENT_CHN_01248,0,New Unique Individual
PSBB-CHN-001_video_02.mp4,7/29/2026 8:25,"35C, Humid/Partly Cloudy",1.42,High - jasmine,6m to leaf litter,15,"1.0m height, 45-deg downward",82,2654,2938,9.51,bee_crops/PSBB-CHN-001_video_02_track_82.jpg,BEE_EVENT_CHN_01249,0,New Unique Individual
PSBB-CHN-004_video_06.mp4,7/21/2026 9:34,"29C, Sunny",1.57,High - hibiscus,4m to shrub border,15,"0.8m height, 45-deg downward",58,3493,3737,8.17,bee_crops/PSBB-CHN-004_video_06_track_58.jpg,BEE_EVENT_CHN_01250,0.392,New Unique Individual
PSBB-CHN-002_video_06.mp4,7/23/2026 9:10,"29C, Partly Cloudy",0.95,Medium - marigold,8m to tree/shrub edge,15,"0.9m height, 40-deg downward",28,812,1125,10.47,bee_crops/PSBB-CHN-002_video_06_track_28.jpg,BEE_EVENT_CHN_01250,0.76,Re-entry (P=76%)
PSBB-CHN-005_video_12.mp4,7/6/2026 17:05,"30C, Humid/Sunny",0.86,High - jasmine,8m to tree/shrub edge,15,"1.0m height, 45-deg downward",38,4979,5126,4.92,bee_crops/PSBB-CHN-005_video_12_track_38.jpg,BEE_EVENT_CHN_01251,0,New Unique Individual
PSBB-CHN-002_video_04.mp4,7/26/2026 9:07,"29C, Partly Cloudy",2.14,Medium - tropical garden mix,4m to shrub border,15,"1.2m height, 50-deg downward",27,4436,4533,3.27,bee_crops/PSBB-CHN-002_video_04_track_27.jpg,BEE_EVENT_CHN_01252,0,New Unique Individual
PSBB-CHN-004_video_10.mp4,7/22/2026 16:11,"33C, Cloudy",1.34,High - lantana,1m to bare soil,15,"0.8m height, 45-deg downward",72,3395,3721,10.9,bee_crops/PSBB-CHN-004_video_10_track_72.jpg,BEE_EVENT_CHN_01252,0.515,Re-entry (P=52%)
PSBB-CHN-005_video_12.mp4,7/1/2026 9:45,"28C, Humid/Sunny",3.27,Medium - zinnia,3m to planted soil,15,"0.9m height, 40-deg downward",34,3827,4011,6.18,bee_crops/PSBB-CHN-005_video_12_track_34.jpg,BEE_EVENT_CHN_01253,0,New Unique Individual
PSBB-CHN-002_video_11.mp4,7/20/2026 16:49,"33C, Sunny",2.15,High - jasmine,3m to planted soil,15,"0.8m height, 45-deg downward",28,3312,3513,6.74,bee_crops/PSBB-CHN-002_video_11_track_28.jpg,BEE_EVENT_CHN_01254,0,New Unique Individual
PSBB-CHN-001_video_03.mp4,8/19/2026 16:14,"35C, Humid/Partly Cloudy",1.26,High - bougainvillea,6m to leaf litter,15,"1.2m height, 50-deg downward",30,2815,2973,5.29,bee_crops/PSBB-CHN-001_video_03_track_30.jpg,BEE_EVENT_CHN_01255,0,New Unique Individual
PSBB-CHN-001_video_10.mp4,8/21/2026 8:01,"28C, Partly Cloudy",2.63,High - ixora,1m to bare soil,15,"0.8m height, 45-deg downward",79,4992,5146,5.16,bee_crops/PSBB-CHN-001_video_10_track_79.jpg,BEE_EVENT_CHN_01256,0.471,New Unique Individual
PSBB-CHN-002_video_07.mp4,8/21/2026 15:17,"32C, Humid/Partly Cloudy",3.64,High - bougainvillea,4m to shrub border,15,"0.9m height, 40-deg downward",67,1599,1938,11.33,bee_crops/PSBB-CHN-002_video_07_track_67.jpg,BEE_EVENT_CHN_01257,0,New Unique Individual
PSBB-CHN-003_video_10.mp4,8/15/2026 10:09,"33C, Sunny",3.71,High - lantana,2m to bare soil,15,"0.9m height, 40-deg downward",33,4816,4961,4.86,bee_crops/PSBB-CHN-003_video_10_track_33.jpg,BEE_EVENT_CHN_01258,0,New Unique Individual
PSBB-CHN-004_video_08.mp4,7/20/2026 16:07,"35C, Humid/Partly Cloudy",1.27,Medium - tropical garden mix,8m to tree/shrub edge,15,"0.9m height, 40-deg downward",17,4963,5483,17.38,bee_crops/PSBB-CHN-004_video_08_track_17.jpg,BEE_EVENT_CHN_01258,0.561,Re-entry (P=56%)
PSBB-CHN-001_video_06.mp4,8/23/2026 16:21,"33C, Humid/Partly Cloudy",1.43,Medium - tropical garden mix,6m to leaf litter,15,"1.0m height, 45-deg downward",12,2320,2543,7.48,bee_crops/PSBB-CHN-001_video_06_track_12.jpg,BEE_EVENT_CHN_01259,0,New Unique Individual
PSBB-CHN-003_video_04.mp4,7/30/2026 9:33,"29C, Humid/Sunny",3.68,High - hibiscus,1m to bare soil,15,"1.0m height, 45-deg downward",86,2176,2303,4.26,bee_crops/PSBB-CHN-003_video_04_track_86.jpg,BEE_EVENT_CHN_01260,0,New Unique Individual
PSBB-CHN-005_video_01.mp4,7/30/2026 15:23,"28C, Partly Cloudy",1.06,High - lantana,4m to shrub border,15,"0.9m height, 40-deg downward",20,4161,4526,12.2,bee_crops/PSBB-CHN-005_video_01_track_20.jpg,BEE_EVENT_CHN_01261,0,New Unique Individual
PSBB-CHN-002_video_02.mp4,8/24/2026 8:05,"30C, Sunny",0.83,Medium - mixed flowering ornamentals,4m to shrub border,15,"0.8m height, 45-deg downward",59,1151,1403,8.43,bee_crops/PSBB-CHN-002_video_02_track_59.jpg,BEE_EVENT_CHN_01262,0,New Unique Individual
PSBB-CHN-004_video_12.mp4,7/4/2026 9:47,"29C, Cloudy",3.53,Medium - zinnia,3m to planted soil,15,"1.2m height, 50-deg downward",81,1662,1926,8.84,bee_crops/PSBB-CHN-004_video_12_track_81.jpg,BEE_EVENT_CHN_01263,0,New Unique Individual
PSBB-CHN-003_video_07.mp4,7/22/2026 15:16,"31C, Humid/Sunny",1.13,Medium - marigold,1m to bare soil,15,"0.9m height, 40-deg downward",89,4993,5147,5.16,bee_crops/PSBB-CHN-003_video_07_track_89.jpg,BEE_EVENT_CHN_01264,0,New Unique Individual
PSBB-CHN-005_video_09.mp4,8/16/2026 10:28,"31C, Partly Cloudy",3.56,Medium - tropical garden mix,2m to bare soil,15,"0.8m height, 45-deg downward",8,2265,3335,35.71,bee_crops/PSBB-CHN-005_video_09_track_8.jpg,BEE_EVENT_CHN_01265,0,New Unique Individual
PSBB-CHN-002_video_04.mp4,8/24/2026 15:12,"32C, Humid/Partly Cloudy",1.49,Medium - marigold,6m to leaf litter,15,"1.2m height, 50-deg downward",55,1184,1371,6.28,bee_crops/PSBB-CHN-002_video_04_track_55.jpg,BEE_EVENT_CHN_01265,0.724,Re-entry (P=72%)
PSBB-CHN-001_video_12.mp4,7/4/2026 16:16,"27C, Partly Cloudy",2.2,Medium - marigold,1m to bare soil,15,"1.0m height, 45-deg downward",47,4443,4697,8.51,bee_crops/PSBB-CHN-001_video_12_track_47.jpg,BEE_EVENT_CHN_01266,0,New Unique Individual
PSBB-CHN-004_video_03.mp4,7/15/2026 10:29,"32C, Cloudy",1.64,High - hibiscus,6m to leaf litter,15,"0.9m height, 40-deg downward",35,1851,2000,5,bee_crops/PSBB-CHN-004_video_03_track_35.jpg,BEE_EVENT_CHN_01267,0,New Unique Individual
PSBB-CHN-002_video_07.mp4,7/6/2026 16:32,"34C, Cloudy",2.29,High - lantana,1m to bare soil,15,"1.0m height, 45-deg downward",35,4149,4454,10.21,bee_crops/PSBB-CHN-002_video_07_track_35.jpg,BEE_EVENT_CHN_01268,0.449,New Unique Individual
PSBB-CHN-001_video_05.mp4,7/25/2026 7:30,"30C, Humid/Sunny",0.93,Medium - tropical garden mix,2m to bare soil,15,"0.9m height, 40-deg downward",7,3308,3808,16.7,bee_crops/PSBB-CHN-001_video_05_track_7.jpg,BEE_EVENT_CHN_01268,0.767,Re-entry (P=77%)
PSBB-CHN-002_video_01.mp4,8/25/2026 10:02,"28C, Cloudy",2.77,High - hibiscus,1m to bare soil,15,"0.9m height, 40-deg downward",65,21,379,11.98,bee_crops/PSBB-CHN-002_video_01_track_65.jpg,BEE_EVENT_CHN_01269,0,New Unique Individual
PSBB-CHN-001_video_08.mp4,7/14/2026 7:39,"31C, Humid/Sunny",1.56,Medium - zinnia,3m to planted soil,15,"1.0m height, 45-deg downward",39,4499,4625,4.24,bee_crops/PSBB-CHN-001_video_08_track_39.jpg,BEE_EVENT_CHN_01270,0,New Unique Individual
PSBB-CHN-005_video_06.mp4,8/30/2026 8:49,"32C, Sunny",1.45,High - lantana,2m to bare soil,15,"0.9m height, 40-deg downward",10,3362,3533,5.74,bee_crops/PSBB-CHN-005_video_06_track_10.jpg,BEE_EVENT_CHN_01271,0,New Unique Individual
PSBB-CHN-001_video_12.mp4,7/17/2026 8:34,"34C, Humid/Partly Cloudy",2.69,Medium - tropical garden mix,3m to planted soil,15,"0.8m height, 45-deg downward",24,2047,2122,2.54,bee_crops/PSBB-CHN-001_video_12_track_24.jpg,BEE_EVENT_CHN_01272,0,New Unique Individual
PSBB-CHN-001_video_03.mp4,7/28/2026 10:09,"34C, Partly Cloudy",1.84,High - lantana,2m to bare soil,15,"1.2m height, 50-deg downward",28,438,513,2.55,bee_crops/PSBB-CHN-001_video_03_track_28.jpg,BEE_EVENT_CHN_01272,0.819,Re-entry (P=82%)
PSBB-CHN-003_video_03.mp4,8/17/2026 7:06,"34C, Cloudy",3.71,Medium - marigold,2m to bare soil,15,"0.8m height, 45-deg downward",83,3823,3955,4.44,bee_crops/PSBB-CHN-003_video_03_track_83.jpg,BEE_EVENT_CHN_01273,0,New Unique Individual
PSBB-CHN-004_video_09.mp4,8/15/2026 10:20,"29C, Sunny",2.64,High - jasmine,1m to bare soil,15,"1.2m height, 50-deg downward",30,2360,2645,9.54,bee_crops/PSBB-CHN-004_video_09_track_30.jpg,BEE_EVENT_CHN_01274,0.425,New Unique Individual
PSBB-CHN-003_video_01.mp4,8/7/2026 9:35,"31C, Humid/Partly Cloudy",2.56,High - hibiscus,4m to shrub border,15,"1.0m height, 45-deg downward",52,3829,4092,8.79,bee_crops/PSBB-CHN-003_video_01_track_52.jpg,BEE_EVENT_CHN_01275,0,New Unique Individual
PSBB-CHN-002_video_12.mp4,8/7/2026 9:21,"33C, Partly Cloudy",3.55,High - lantana,2m to bare soil,15,"0.9m height, 40-deg downward",38,2651,3183,17.76,bee_crops/PSBB-CHN-002_video_12_track_38.jpg,BEE_EVENT_CHN_01276,0,New Unique Individual
PSBB-CHN-005_video_12.mp4,8/25/2026 9:43,"30C, Sunny",1.7,High - hibiscus,1m to bare soil,15,"1.2m height, 50-deg downward",45,2888,3010,4.11,bee_crops/PSBB-CHN-005_video_12_track_45.jpg,BEE_EVENT_CHN_01277,0,New Unique Individual
PSBB-CHN-001_video_08.mp4,7/6/2026 15:11,"29C, Sunny",2.87,Medium - mixed flowering ornamentals,3m to planted soil,15,"1.0m height, 45-deg downward",40,2613,2720,3.59,bee_crops/PSBB-CHN-001_video_08_track_40.jpg,BEE_EVENT_CHN_01278,0,New Unique Individual
PSBB-CHN-003_video_02.mp4,7/9/2026 8:47,"33C, Humid/Partly Cloudy",3.26,High - hibiscus,2m to bare soil,15,"1.0m height, 45-deg downward",74,4422,4638,7.22,bee_crops/PSBB-CHN-003_video_02_track_74.jpg,BEE_EVENT_CHN_01279,0,New Unique Individual
PSBB-CHN-005_video_04.mp4,7/7/2026 15:02,"32C, Humid/Partly Cloudy",3.64,High - jasmine,4m to shrub border,15,"0.8m height, 45-deg downward",24,207,465,8.63,bee_crops/PSBB-CHN-005_video_04_track_24.jpg,BEE_EVENT_CHN_01280,0.433,New Unique Individual
PSBB-CHN-004_video_09.mp4,8/18/2026 7:27,"34C, Partly Cloudy",3.57,High - bougainvillea,1m to bare soil,15,"1.2m height, 50-deg downward",25,1860,2075,7.21,bee_crops/PSBB-CHN-004_video_09_track_25.jpg,BEE_EVENT_CHN_01281,0.379,New Unique Individual
PSBB-CHN-005_video_05.mp4,7/28/2026 9:32,"29C, Humid/Partly Cloudy",2.9,High - hibiscus,4m to shrub border,15,"1.0m height, 45-deg downward",71,3374,3755,12.74,bee_crops/PSBB-CHN-005_video_05_track_71.jpg,BEE_EVENT_CHN_01282,0,New Unique Individual
PSBB-CHN-002_video_07.mp4,7/11/2026 16:22,"27C, Humid/Sunny",2.05,High - hibiscus,6m to leaf litter,15,"0.8m height, 45-deg downward",48,169,267,3.29,bee_crops/PSBB-CHN-002_video_07_track_48.jpg,BEE_EVENT_CHN_01283,0,New Unique Individual
PSBB-CHN-001_video_03.mp4,8/26/2026 17:26,"29C, Cloudy",0.7,Medium - zinnia,8m to tree/shrub edge,15,"1.2m height, 50-deg downward",49,4249,4765,17.22,bee_crops/PSBB-CHN-001_video_03_track_49.jpg,BEE_EVENT_CHN_01284,0,New Unique Individual
PSBB-CHN-001_video_05.mp4,8/3/2026 7:02,"35C, Partly Cloudy",1.52,High - lantana,1m to bare soil,15,"1.2m height, 50-deg downward",43,1382,1613,7.75,bee_crops/PSBB-CHN-001_video_05_track_43.jpg,BEE_EVENT_CHN_01285,0,New Unique Individual
PSBB-CHN-004_video_09.mp4,7/18/2026 10:49,"30C, Cloudy",3.27,Low - mixed ornamental planting,8m to tree/shrub edge,15,"1.0m height, 45-deg downward",81,3098,3631,17.81,bee_crops/PSBB-CHN-004_video_09_track_81.jpg,BEE_EVENT_CHN_01285,0.538,Re-entry (P=54%)
PSBB-CHN-003_video_11.mp4,7/3/2026 10:49,"31C, Cloudy",2.02,Medium - tropical garden mix,3m to planted soil,15,"1.0m height, 45-deg downward",55,144,485,11.4,bee_crops/PSBB-CHN-003_video_11_track_55.jpg,BEE_EVENT_CHN_01285,0.783,Re-entry (P=78%)
PSBB-CHN-004_video_09.mp4,8/15/2026 17:39,"32C, Humid/Sunny",3.03,Medium - mixed flowering ornamentals,8m to tree/shrub edge,15,"0.8m height, 45-deg downward",89,4457,4605,4.97,bee_crops/PSBB-CHN-004_video_09_track_89.jpg,BEE_EVENT_CHN_01286,0,New Unique Individual
PSBB-CHN-001_video_07.mp4,8/3/2026 17:17,"32C, Humid/Partly Cloudy",2.47,Medium - mixed flowering ornamentals,6m to leaf litter,15,"1.2m height, 50-deg downward",19,5372,5457,2.86,bee_crops/PSBB-CHN-001_video_07_track_19.jpg,BEE_EVENT_CHN_01286,0.877,Re-entry (P=88%)
PSBB-CHN-005_video_04.mp4,8/23/2026 10:03,"31C, Cloudy",3.72,High - bougainvillea,1m to bare soil,15,"1.0m height, 45-deg downward",6,2617,3022,13.52,bee_crops/PSBB-CHN-005_video_04_track_6.jpg,BEE_EVENT_CHN_01286,0.616,Re-entry (P=62%)
PSBB-CHN-002_video_02.mp4,8/11/2026 7:27,"34C, Humid/Sunny",1.49,High - jasmine,8m to tree/shrub edge,15,"0.8m height, 45-deg downward",81,2857,3032,5.87,bee_crops/PSBB-CHN-002_video_02_track_81.jpg,BEE_EVENT_CHN_01287,0,New Unique Individual
PSBB-CHN-003_video_11.mp4,7/27/2026 16:29,"30C, Sunny",3.64,Medium - marigold,6m to leaf litter,15,"1.0m height, 45-deg downward",53,2418,2615,6.6,bee_crops/PSBB-CHN-003_video_11_track_53.jpg,BEE_EVENT_CHN_01287,0.519,Re-entry (P=52%)
PSBB-CHN-005_video_01.mp4,7/30/2026 9:43,"33C, Humid/Sunny",2.73,High - lantana,6m to leaf litter,15,"0.8m height, 45-deg downward",12,1842,1943,3.41,bee_crops/PSBB-CHN-005_video_01_track_12.jpg,BEE_EVENT_CHN_01288,0,New Unique Individual
PSBB-CHN-005_video_03.mp4,7/10/2026 15:33,"30C, Partly Cloudy",1.13,Low - mixed ornamental planting,4m to shrub border,15,"1.2m height, 50-deg downward",21,4986,5346,12.02,bee_crops/PSBB-CHN-005_video_03_track_21.jpg,BEE_EVENT_CHN_01288,0.618,Re-entry (P=62%)
PSBB-CHN-004_video_01.mp4,7/17/2026 17:21,"32C, Sunny",2.24,High - bougainvillea,3m to planted soil,15,"0.9m height, 40-deg downward",30,1376,1491,3.85,bee_crops/PSBB-CHN-004_video_01_track_30.jpg,BEE_EVENT_CHN_01289,0,New Unique Individual
PSBB-CHN-001_video_01.mp4,7/5/2026 10:34,"32C, Cloudy",2.12,High - lantana,4m to shrub border,15,"1.2m height, 50-deg downward",9,513,660,4.95,bee_crops/PSBB-CHN-001_video_01_track_9.jpg,BEE_EVENT_CHN_01290,0,New Unique Individual
PSBB-CHN-003_video_11.mp4,7/18/2026 10:25,"33C, Partly Cloudy",3.66,High - jasmine,2m to bare soil,15,"0.9m height, 40-deg downward",80,4331,4767,14.57,bee_crops/PSBB-CHN-003_video_11_track_80.jpg,BEE_EVENT_CHN_01291,0.492,New Unique Individual
PSBB-CHN-005_video_01.mp4,7/3/2026 9:20,"35C, Sunny",2.91,High - jasmine,8m to tree/shrub edge,15,"0.8m height, 45-deg downward",90,1266,1440,5.84,bee_crops/PSBB-CHN-005_video_01_track_90.jpg,BEE_EVENT_CHN_01292,0,New Unique Individual
PSBB-CHN-004_video_03.mp4,7/16/2026 8:46,"27C, Humid/Sunny",3.57,High - bougainvillea,3m to planted soil,15,"0.8m height, 45-deg downward",16,1221,1291,2.36,bee_crops/PSBB-CHN-004_video_03_track_16.jpg,BEE_EVENT_CHN_01293,0,New Unique Individual
PSBB-CHN-005_video_10.mp4,7/8/2026 7:35,"29C, Humid/Partly Cloudy",3.79,High - jasmine,3m to planted soil,15,"0.8m height, 45-deg downward",58,2515,2738,7.45,bee_crops/PSBB-CHN-005_video_10_track_58.jpg,BEE_EVENT_CHN_01294,0,New Unique Individual
PSBB-CHN-003_video_07.mp4,8/22/2026 9:26,"28C, Cloudy",1.85,High - ixora,4m to shrub border,15,"1.0m height, 45-deg downward",64,620,1181,18.75,bee_crops/PSBB-CHN-003_video_07_track_64.jpg,BEE_EVENT_CHN_01295,0,New Unique Individual
PSBB-CHN-004_video_08.mp4,7/20/2026 15:30,"27C, Humid/Partly Cloudy",3.33,Medium - zinnia,1m to bare soil,15,"1.2m height, 50-deg downward",64,376,665,9.65,bee_crops/PSBB-CHN-004_video_08_track_64.jpg,BEE_EVENT_CHN_01296,0,New Unique Individual
PSBB-CHN-003_video_06.mp4,7/9/2026 8:31,"34C, Cloudy",1.17,Medium - mixed flowering ornamentals,2m to bare soil,15,"0.9m height, 40-deg downward",69,2101,2411,10.37,bee_crops/PSBB-CHN-003_video_06_track_69.jpg,BEE_EVENT_CHN_01296,0.748,Re-entry (P=75%)
PSBB-CHN-001_video_10.mp4,8/19/2026 10:14,"28C, Cloudy",1.1,Medium - tropical garden mix,1m to bare soil,15,"0.8m height, 45-deg downward",87,2031,2382,11.72,bee_crops/PSBB-CHN-001_video_10_track_87.jpg,BEE_EVENT_CHN_01297,0,New Unique Individual
PSBB-CHN-005_video_07.mp4,8/5/2026 17:25,"27C, Partly Cloudy",2.43,High - ixora,4m to shrub border,15,"0.8m height, 45-deg downward",69,2345,3203,28.62,bee_crops/PSBB-CHN-005_video_07_track_69.jpg,BEE_EVENT_CHN_01298,0,New Unique Individual
PSBB-CHN-001_video_09.mp4,8/22/2026 17:45,"29C, Sunny",1.75,High - bougainvillea,8m to tree/shrub edge,15,"1.2m height, 50-deg downward",87,3896,4069,5.81,bee_crops/PSBB-CHN-001_video_09_track_87.jpg,BEE_EVENT_CHN_01299,0,New Unique Individual
PSBB-CHN-003_video_09.mp4,7/30/2026 10:44,"32C, Partly Cloudy",3.08,High - ixora,1m to bare soil,15,"1.2m height, 50-deg downward",6,3972,4288,10.57,bee_crops/PSBB-CHN-003_video_09_track_6.jpg,BEE_EVENT_CHN_01300,0,New Unique Individual
PSBB-CHN-001_video_10.mp4,8/26/2026 7:23,"29C, Humid/Sunny",3.51,Medium - tropical garden mix,8m to tree/shrub edge,15,"1.2m height, 50-deg downward",60,3295,3403,3.64,bee_crops/PSBB-CHN-001_video_10_track_60.jpg,BEE_EVENT_CHN_01301,0.455,New Unique Individual
PSBB-CHN-001_video_12.mp4,8/23/2026 16:03,"27C, Sunny",3.61,Medium - zinnia,1m to bare soil,15,"0.9m height, 40-deg downward",62,2678,2815,4.6,bee_crops/PSBB-CHN-001_video_12_track_62.jpg,BEE_EVENT_CHN_01302,0,New Unique Individual
PSBB-CHN-003_video_02.mp4,8/21/2026 10:14,"35C, Cloudy",1.31,High - bougainvillea,6m to leaf litter,15,"1.0m height, 45-deg downward",64,2257,2348,3.05,bee_crops/PSBB-CHN-003_video_02_track_64.jpg,BEE_EVENT_CHN_01302,0.586,Re-entry (P=59%)
PSBB-CHN-003_video_08.mp4,8/29/2026 9:33,"27C, Partly Cloudy",3.29,Medium - mixed flowering ornamentals,3m to planted soil,15,"1.2m height, 50-deg downward",69,1863,2099,7.9,bee_crops/PSBB-CHN-003_video_08_track_69.jpg,BEE_EVENT_CHN_01303,0,New Unique Individual
PSBB-CHN-002_video_02.mp4,7/22/2026 10:37,"28C, Sunny",2.01,High - hibiscus,1m to bare soil,15,"1.2m height, 50-deg downward",3,1767,1932,5.54,bee_crops/PSBB-CHN-002_video_02_track_3.jpg,BEE_EVENT_CHN_01304,0,New Unique Individual
PSBB-CHN-002_video_05.mp4,7/9/2026 10:22,"27C, Sunny",2.56,Medium - marigold,6m to leaf litter,15,"1.0m height, 45-deg downward",63,5228,5871,21.48,bee_crops/PSBB-CHN-002_video_05_track_63.jpg,BEE_EVENT_CHN_01305,0,New Unique Individual
PSBB-CHN-003_video_11.mp4,7/5/2026 9:27,"27C, Sunny",1.58,High - ixora,8m to tree/shrub edge,15,"1.2m height, 50-deg downward",31,4079,4316,7.94,bee_crops/PSBB-CHN-003_video_11_track_31.jpg,BEE_EVENT_CHN_01305,0.556,Re-entry (P=56%)
PSBB-CHN-002_video_11.mp4,8/15/2026 9:27,"28C, Cloudy",2.49,Low - mixed ornamental planting,6m to leaf litter,15,"0.8m height, 45-deg downward",71,2233,2380,4.94,bee_crops/PSBB-CHN-002_video_11_track_71.jpg,BEE_EVENT_CHN_01306,0,New Unique Individual
PSBB-CHN-005_video_08.mp4,8/20/2026 17:40,"29C, Sunny",0.71,High - bougainvillea,6m to leaf litter,15,"1.0m height, 45-deg downward",25,3787,3976,6.32,bee_crops/PSBB-CHN-005_video_08_track_25.jpg,BEE_EVENT_CHN_01307,0,New Unique Individual
PSBB-CHN-002_video_04.mp4,7/11/2026 17:28,"34C, Humid/Sunny",3.11,High - hibiscus,6m to leaf litter,15,"0.9m height, 40-deg downward",25,839,983,4.82,bee_crops/PSBB-CHN-002_video_04_track_25.jpg,BEE_EVENT_CHN_01308,0,New Unique Individual
PSBB-CHN-002_video_10.mp4,7/30/2026 15:49,"33C, Partly Cloudy",1.72,High - ixora,8m to tree/shrub edge,15,"1.2m height, 50-deg downward",41,4370,4528,5.3,bee_crops/PSBB-CHN-002_video_10_track_41.jpg,BEE_EVENT_CHN_01309,0,New Unique Individual
PSBB-CHN-005_video_07.mp4,8/26/2026 10:40,"30C, Humid/Partly Cloudy",0.74,Low - mixed ornamental planting,2m to bare soil,15,"0.8m height, 45-deg downward",81,1063,1246,6.15,bee_crops/PSBB-CHN-005_video_07_track_81.jpg,BEE_EVENT_CHN_01310,0,New Unique Individual
PSBB-CHN-002_video_11.mp4,8/12/2026 10:35,"33C, Humid/Sunny",1.64,High - ixora,6m to leaf litter,15,"1.0m height, 45-deg downward",23,1753,1912,5.33,bee_crops/PSBB-CHN-002_video_11_track_23.jpg,BEE_EVENT_CHN_01311,0,New Unique Individual
PSBB-CHN-001_video_11.mp4,7/17/2026 8:16,"33C, Sunny",2.05,High - hibiscus,6m to leaf litter,15,"1.2m height, 50-deg downward",63,5316,5570,8.51,bee_crops/PSBB-CHN-001_video_11_track_63.jpg,BEE_EVENT_CHN_01312,0,New Unique Individual
PSBB-CHN-005_video_06.mp4,8/11/2026 15:20,"29C, Sunny",1.66,High - bougainvillea,8m to tree/shrub edge,15,"0.9m height, 40-deg downward",89,5013,5308,9.88,bee_crops/PSBB-CHN-005_video_06_track_89.jpg,BEE_EVENT_CHN_01313,0,New Unique Individual
PSBB-CHN-001_video_01.mp4,7/14/2026 16:20,"30C, Humid/Partly Cloudy",1.53,Medium - tropical garden mix,2m to bare soil,15,"0.9m height, 40-deg downward",55,2448,2570,4.09,bee_crops/PSBB-CHN-001_video_01_track_55.jpg,BEE_EVENT_CHN_01314,0.437,New Unique Individual
PSBB-CHN-005_video_10.mp4,8/22/2026 7:23,"28C, Cloudy",1.5,Medium - zinnia,6m to leaf litter,15,"0.9m height, 40-deg downward",79,1344,1630,9.58,bee_crops/PSBB-CHN-005_video_10_track_79.jpg,BEE_EVENT_CHN_01315,0,New Unique Individual
PSBB-CHN-002_video_03.mp4,7/28/2026 16:09,"34C, Partly Cloudy",2.12,High - lantana,4m to shrub border,15,"0.8m height, 45-deg downward",78,4975,5264,9.66,bee_crops/PSBB-CHN-002_video_03_track_78.jpg,BEE_EVENT_CHN_01316,0,New Unique Individual
PSBB-CHN-003_video_11.mp4,8/24/2026 7:44,"33C, Sunny",3.46,High - hibiscus,1m to bare soil,15,"0.8m height, 45-deg downward",14,2590,2719,4.35,bee_crops/PSBB-CHN-003_video_11_track_14.jpg,BEE_EVENT_CHN_01317,0,New Unique Individual
PSBB-CHN-004_video_11.mp4,8/7/2026 9:25,"35C, Partly Cloudy",3.32,Medium - zinnia,1m to bare soil,15,"0.9m height, 40-deg downward",34,2082,2507,14.2,bee_crops/PSBB-CHN-004_video_11_track_34.jpg,BEE_EVENT_CHN_01317,0.775,Re-entry (P=78%)
PSBB-CHN-002_video_01.mp4,7/6/2026 8:33,"35C, Cloudy",3.35,High - jasmine,6m to leaf litter,15,"0.9m height, 40-deg downward",19,819,923,3.5,bee_crops/PSBB-CHN-002_video_01_track_19.jpg,BEE_EVENT_CHN_01318,0,New Unique Individual
PSBB-CHN-005_video_12.mp4,7/25/2026 16:33,"30C, Sunny",2.5,Low - mixed ornamental planting,1m to bare soil,15,"0.9m height, 40-deg downward",44,566,677,3.73,bee_crops/PSBB-CHN-005_video_12_track_44.jpg,BEE_EVENT_CHN_01318,0.74,Re-entry (P=74%)
PSBB-CHN-003_video_12.mp4,8/8/2026 17:36,"27C, Humid/Partly Cloudy",0.77,High - lantana,6m to leaf litter,15,"1.2m height, 50-deg downward",86,497,776,9.35,bee_crops/PSBB-CHN-003_video_12_track_86.jpg,BEE_EVENT_CHN_01319,0,New Unique Individual
PSBB-CHN-001_video_10.mp4,8/15/2026 15:14,"35C, Cloudy",1.24,High - bougainvillea,6m to leaf litter,15,"0.9m height, 40-deg downward",57,1991,2560,19.01,bee_crops/PSBB-CHN-001_video_10_track_57.jpg,BEE_EVENT_CHN_01320,0,New Unique Individual
PSBB-CHN-002_video_02.mp4,8/29/2026 8:40,"34C, Humid/Partly Cloudy",3.68,High - ixora,3m to planted soil,15,"0.8m height, 45-deg downward",67,1019,1945,30.89,bee_crops/PSBB-CHN-002_video_02_track_67.jpg,BEE_EVENT_CHN_01320,0.569,Re-entry (P=57%)
PSBB-CHN-001_video_01.mp4,7/15/2026 8:50,"30C, Cloudy",3.15,High - jasmine,8m to tree/shrub edge,15,"0.8m height, 45-deg downward",9,3038,3465,14.26,bee_crops/PSBB-CHN-001_video_01_track_9.jpg,BEE_EVENT_CHN_01321,0,New Unique Individual
PSBB-CHN-005_video_10.mp4,7/14/2026 10:42,"27C, Partly Cloudy",1.37,High - jasmine,6m to leaf litter,15,"1.2m height, 50-deg downward",10,2964,3409,14.86,bee_crops/PSBB-CHN-005_video_10_track_10.jpg,BEE_EVENT_CHN_01322,0,New Unique Individual
PSBB-CHN-002_video_04.mp4,8/7/2026 7:35,"35C, Humid/Sunny",2.3,Medium - zinnia,4m to shrub border,15,"1.0m height, 45-deg downward",69,778,878,3.37,bee_crops/PSBB-CHN-002_video_04_track_69.jpg,BEE_EVENT_CHN_01322,0.699,Re-entry (P=70%)
PSBB-CHN-004_video_08.mp4,7/8/2026 7:15,"29C, Partly Cloudy",1.55,High - lantana,4m to shrub border,15,"0.9m height, 40-deg downward",76,5108,5289,6.07,bee_crops/PSBB-CHN-004_video_08_track_76.jpg,BEE_EVENT_CHN_01323,0,New Unique Individual
PSBB-CHN-002_video_12.mp4,8/24/2026 9:35,"27C, Humid/Partly Cloudy",3.27,Medium - marigold,1m to bare soil,15,"1.0m height, 45-deg downward",43,1855,2146,9.74,bee_crops/PSBB-CHN-002_video_12_track_43.jpg,BEE_EVENT_CHN_01324,0.493,New Unique Individual
PSBB-CHN-004_video_03.mp4,7/29/2026 9:43,"30C, Sunny",1.73,Medium - zinnia,1m to bare soil,15,"1.2m height, 50-deg downward",16,3883,4714,27.74,bee_crops/PSBB-CHN-004_video_03_track_16.jpg,BEE_EVENT_CHN_01325,0.449,New Unique Individual
PSBB-CHN-003_video_12.mp4,7/8/2026 8:26,"35C, Sunny",2.18,High - jasmine,2m to bare soil,15,"0.8m height, 45-deg downward",2,1168,1543,12.55,bee_crops/PSBB-CHN-003_video_12_track_2.jpg,BEE_EVENT_CHN_01325,0.599,Re-entry (P=60%)
PSBB-CHN-004_video_06.mp4,8/18/2026 17:28,"33C, Sunny",1.21,High - hibiscus,4m to shrub border,15,"1.0m height, 45-deg downward",21,277,777,16.69,bee_crops/PSBB-CHN-004_video_06_track_21.jpg,BEE_EVENT_CHN_01326,0,New Unique Individual
PSBB-CHN-002_video_08.mp4,7/23/2026 15:25,"30C, Humid/Sunny",3.63,Medium - mixed flowering ornamentals,3m to planted soil,15,"0.9m height, 40-deg downward",70,4964,5043,2.65,bee_crops/PSBB-CHN-002_video_08_track_70.jpg,BEE_EVENT_CHN_01327,0,New Unique Individual
PSBB-CHN-002_video_02.mp4,8/3/2026 10:30,"34C, Cloudy",1.79,Medium - mixed flowering ornamentals,1m to bare soil,15,"0.9m height, 40-deg downward",58,4835,5201,12.24,bee_crops/PSBB-CHN-002_video_02_track_58.jpg,BEE_EVENT_CHN_01328,0,New Unique Individual
PSBB-CHN-003_video_04.mp4,7/27/2026 7:46,"34C, Sunny",2.27,High - jasmine,2m to bare soil,15,"1.0m height, 45-deg downward",7,1718,1934,7.22,bee_crops/PSBB-CHN-003_video_04_track_7.jpg,BEE_EVENT_CHN_01329,0,New Unique Individual
PSBB-CHN-003_video_11.mp4,7/22/2026 7:09,"33C, Cloudy",3.07,Medium - tropical garden mix,2m to bare soil,15,"1.2m height, 50-deg downward",69,4530,4885,11.88,bee_crops/PSBB-CHN-003_video_11_track_69.jpg,BEE_EVENT_CHN_01329,0.533,Re-entry (P=53%)
PSBB-CHN-002_video_04.mp4,8/26/2026 7:19,"27C, Cloudy",2.37,Medium - tropical garden mix,2m to bare soil,15,"1.0m height, 45-deg downward",85,506,1159,21.8,bee_crops/PSBB-CHN-002_video_04_track_85.jpg,BEE_EVENT_CHN_01330,0,New Unique Individual
PSBB-CHN-003_video_01.mp4,8/14/2026 10:15,"29C, Humid/Partly Cloudy",3.35,High - ixora,1m to bare soil,15,"1.2m height, 50-deg downward",15,208,491,9.47,bee_crops/PSBB-CHN-003_video_01_track_15.jpg,BEE_EVENT_CHN_01331,0,New Unique Individual
PSBB-CHN-003_video_05.mp4,8/15/2026 15:39,"33C, Partly Cloudy",2.49,Medium - zinnia,6m to leaf litter,15,"1.2m height, 50-deg downward",55,4339,4621,9.44,bee_crops/PSBB-CHN-003_video_05_track_55.jpg,BEE_EVENT_CHN_01332,0,New Unique Individual
PSBB-CHN-001_video_10.mp4,7/6/2026 17:29,"31C, Sunny",3.69,Medium - mixed flowering ornamentals,1m to bare soil,15,"1.0m height, 45-deg downward",53,110,520,13.69,bee_crops/PSBB-CHN-001_video_10_track_53.jpg,BEE_EVENT_CHN_01333,0.474,New Unique Individual
PSBB-CHN-002_video_05.mp4,7/31/2026 17:01,"28C, Sunny",1.86,Low - mixed ornamental planting,8m to tree/shrub edge,15,"0.8m height, 45-deg downward",30,97,339,8.1,bee_crops/PSBB-CHN-002_video_05_track_30.jpg,BEE_EVENT_CHN_01333,0.853,Re-entry (P=85%)
PSBB-CHN-002_video_11.mp4,8/3/2026 10:21,"31C, Partly Cloudy",3.78,Medium - zinnia,4m to shrub border,15,"0.8m height, 45-deg downward",22,385,569,6.16,bee_crops/PSBB-CHN-002_video_11_track_22.jpg,BEE_EVENT_CHN_01333,0.504,Re-entry (P=50%)
PSBB-CHN-002_video_11.mp4,7/30/2026 17:06,"30C, Cloudy",1.96,High - bougainvillea,1m to bare soil,15,"0.9m height, 40-deg downward",46,2131,2343,7.09,bee_crops/PSBB-CHN-002_video_11_track_46.jpg,BEE_EVENT_CHN_01334,0,New Unique Individual
PSBB-CHN-005_video_09.mp4,8/26/2026 8:24,"32C, Humid/Partly Cloudy",3.28,High - ixora,8m to tree/shrub edge,15,"0.8m height, 45-deg downward",49,3646,3940,9.82,bee_crops/PSBB-CHN-005_video_09_track_49.jpg,BEE_EVENT_CHN_01335,0,New Unique Individual
PSBB-CHN-001_video_01.mp4,7/12/2026 10:34,"35C, Humid/Partly Cloudy",3.79,Low - mixed ornamental planting,1m to bare soil,15,"1.0m height, 45-deg downward",35,530,683,5.15,bee_crops/PSBB-CHN-001_video_01_track_35.jpg,BEE_EVENT_CHN_01336,0,New Unique Individual
PSBB-CHN-005_video_10.mp4,7/10/2026 10:15,"35C, Humid/Sunny",2,Medium - zinnia,2m to bare soil,15,"1.0m height, 45-deg downward",21,1692,1770,2.64,bee_crops/PSBB-CHN-005_video_10_track_21.jpg,BEE_EVENT_CHN_01337,0,New Unique Individual
PSBB-CHN-001_video_11.mp4,7/24/2026 8:41,"30C, Cloudy",3.34,High - ixora,4m to shrub border,15,"0.9m height, 40-deg downward",26,491,639,4.98,bee_crops/PSBB-CHN-001_video_11_track_26.jpg,BEE_EVENT_CHN_01338,0,New Unique Individual
PSBB-CHN-005_video_11.mp4,7/2/2026 16:28,"28C, Humid/Partly Cloudy",3.59,High - hibiscus,8m to tree/shrub edge,15,"1.0m height, 45-deg downward",80,4936,5056,4.02,bee_crops/PSBB-CHN-005_video_11_track_80.jpg,BEE_EVENT_CHN_01338,0.658,Re-entry (P=66%)
PSBB-CHN-004_video_08.mp4,7/12/2026 16:02,"35C, Sunny",3.24,High - bougainvillea,1m to bare soil,15,"1.0m height, 45-deg downward",26,3342,3748,13.57,bee_crops/PSBB-CHN-004_video_08_track_26.jpg,BEE_EVENT_CHN_01338,0.688,Re-entry (P=69%)
PSBB-CHN-005_video_05.mp4,7/16/2026 10:12,"30C, Humid/Sunny",3.44,Medium - mixed flowering ornamentals,8m to tree/shrub edge,15,"1.2m height, 50-deg downward",35,561,941,12.7,bee_crops/PSBB-CHN-005_video_05_track_35.jpg,BEE_EVENT_CHN_01339,0,New Unique Individual
PSBB-CHN-003_video_05.mp4,8/27/2026 7:19,"35C, Partly Cloudy",2.54,High - ixora,4m to shrub border,15,"1.2m height, 50-deg downward",11,3680,4161,16.08,bee_crops/PSBB-CHN-003_video_05_track_11.jpg,BEE_EVENT_CHN_01340,0,New Unique Individual
PSBB-CHN-003_video_11.mp4,8/5/2026 9:29,"35C, Cloudy",3.16,High - hibiscus,1m to bare soil,15,"0.9m height, 40-deg downward",73,3418,3562,4.84,bee_crops/PSBB-CHN-003_video_11_track_73.jpg,BEE_EVENT_CHN_01340,0.523,Re-entry (P=52%)
PSBB-CHN-004_video_03.mp4,8/5/2026 15:27,"31C, Partly Cloudy",3.52,Medium - marigold,8m to tree/shrub edge,15,"1.0m height, 45-deg downward",68,798,855,1.94,bee_crops/PSBB-CHN-004_video_03_track_68.jpg,BEE_EVENT_CHN_01341,0.436,New Unique Individual
PSBB-CHN-002_video_01.mp4,8/28/2026 16:44,"33C, Partly Cloudy",0.86,Medium - zinnia,1m to bare soil,15,"0.8m height, 45-deg downward",45,2902,3067,5.54,bee_crops/PSBB-CHN-002_video_01_track_45.jpg,BEE_EVENT_CHN_01342,0,New Unique Individual
PSBB-CHN-001_video_11.mp4,7/11/2026 10:21,"29C, Partly Cloudy",2.03,High - lantana,6m to leaf litter,15,"1.2m height, 50-deg downward",77,1704,1940,7.91,bee_crops/PSBB-CHN-001_video_11_track_77.jpg,BEE_EVENT_CHN_01342,0.721,Re-entry (P=72%)
PSBB-CHN-001_video_12.mp4,7/20/2026 15:46,"31C, Partly Cloudy",2.58,High - ixora,1m to bare soil,15,"0.8m height, 45-deg downward",72,258,348,3.03,bee_crops/PSBB-CHN-001_video_12_track_72.jpg,BEE_EVENT_CHN_01343,0,New Unique Individual
PSBB-CHN-001_video_05.mp4,7/30/2026 9:04,"35C, Humid/Sunny",1.84,Medium - mixed flowering ornamentals,2m to bare soil,15,"1.0m height, 45-deg downward",65,773,897,4.18,bee_crops/PSBB-CHN-001_video_05_track_65.jpg,BEE_EVENT_CHN_01344,0,New Unique Individual
PSBB-CHN-003_video_08.mp4,7/1/2026 17:09,"28C, Sunny",3.43,High - bougainvillea,6m to leaf litter,15,"0.8m height, 45-deg downward",66,4031,4451,14.04,bee_crops/PSBB-CHN-003_video_08_track_66.jpg,BEE_EVENT_CHN_01344,0.568,Re-entry (P=57%)
PSBB-CHN-005_video_09.mp4,8/15/2026 8:43,"28C, Partly Cloudy",1.33,High - ixora,8m to tree/shrub edge,15,"0.9m height, 40-deg downward",76,721,891,5.71,bee_crops/PSBB-CHN-005_video_09_track_76.jpg,BEE_EVENT_CHN_01345,0,New Unique Individual
PSBB-CHN-003_video_01.mp4,8/16/2026 9:10,"27C, Partly Cloudy",0.96,Medium - zinnia,8m to tree/shrub edge,15,"1.0m height, 45-deg downward",79,1765,1893,4.29,bee_crops/PSBB-CHN-003_video_01_track_79.jpg,BEE_EVENT_CHN_01346,0,New Unique Individual
PSBB-CHN-003_video_11.mp4,7/1/2026 17:12,"27C, Cloudy",3.42,High - bougainvillea,3m to planted soil,15,"0.9m height, 40-deg downward",33,5143,5374,7.74,bee_crops/PSBB-CHN-003_video_11_track_33.jpg,BEE_EVENT_CHN_01347,0,New Unique Individual
PSBB-CHN-005_video_04.mp4,7/29/2026 9:13,"34C, Cloudy",1.65,Medium - tropical garden mix,2m to bare soil,15,"0.8m height, 45-deg downward",63,2884,3001,3.92,bee_crops/PSBB-CHN-005_video_04_track_63.jpg,BEE_EVENT_CHN_01348,0,New Unique Individual
PSBB-CHN-004_video_11.mp4,7/20/2026 17:42,"29C, Sunny",1.74,Medium - zinnia,1m to bare soil,15,"1.2m height, 50-deg downward",67,2751,3196,14.85,bee_crops/PSBB-CHN-004_video_11_track_67.jpg,BEE_EVENT_CHN_01349,0,New Unique Individual
PSBB-CHN-001_video_01.mp4,7/21/2026 9:24,"33C, Humid/Partly Cloudy",2.43,Medium - marigold,2m to bare soil,15,"0.9m height, 40-deg downward",38,4370,4490,4.03,bee_crops/PSBB-CHN-001_video_01_track_38.jpg,BEE_EVENT_CHN_01350,0,New Unique Individual
PSBB-CHN-001_video_06.mp4,7/3/2026 15:28,"32C, Humid/Partly Cloudy",0.84,High - bougainvillea,8m to tree/shrub edge,15,"0.9m height, 40-deg downward",28,4047,4255,6.97,bee_crops/PSBB-CHN-001_video_06_track_28.jpg,BEE_EVENT_CHN_01351,0.446,New Unique Individual
PSBB-CHN-004_video_02.mp4,8/31/2026 9:03,"30C, Sunny",1.84,High - bougainvillea,3m to planted soil,15,"1.2m height, 50-deg downward",67,519,653,4.49,bee_crops/PSBB-CHN-004_video_02_track_67.jpg,BEE_EVENT_CHN_01351,0.657,Re-entry (P=66%)
PSBB-CHN-005_video_08.mp4,7/29/2026 17:28,"30C, Humid/Partly Cloudy",1.05,Low - mixed ornamental planting,2m to bare soil,15,"1.0m height, 45-deg downward",14,4178,4305,4.25,bee_crops/PSBB-CHN-005_video_08_track_14.jpg,BEE_EVENT_CHN_01352,0,New Unique Individual
PSBB-CHN-001_video_12.mp4,8/24/2026 10:44,"30C, Sunny",1.91,High - hibiscus,8m to tree/shrub edge,15,"1.0m height, 45-deg downward",70,4006,4081,2.55,bee_crops/PSBB-CHN-001_video_12_track_70.jpg,BEE_EVENT_CHN_01353,0,New Unique Individual
PSBB-CHN-003_video_06.mp4,8/5/2026 10:05,"27C, Humid/Partly Cloudy",2.98,High - ixora,2m to bare soil,15,"1.2m height, 50-deg downward",66,1416,1663,8.27,bee_crops/PSBB-CHN-003_video_06_track_66.jpg,BEE_EVENT_CHN_01354,0,New Unique Individual
PSBB-CHN-002_video_01.mp4,8/15/2026 8:02,"28C, Humid/Sunny",2.87,High - lantana,6m to leaf litter,15,"0.9m height, 40-deg downward",54,1593,1689,3.23,bee_crops/PSBB-CHN-002_video_01_track_54.jpg,BEE_EVENT_CHN_01355,0,New Unique Individual
PSBB-CHN-001_video_02.mp4,8/3/2026 8:18,"34C, Sunny",3.66,Medium - mixed flowering ornamentals,2m to bare soil,15,"0.9m height, 40-deg downward",17,2327,2385,1.97,bee_crops/PSBB-CHN-001_video_02_track_17.jpg,BEE_EVENT_CHN_01356,0,New Unique Individual
PSBB-CHN-004_video_02.mp4,8/19/2026 17:15,"35C, Humid/Partly Cloudy",2.41,High - ixora,8m to tree/shrub edge,15,"1.0m height, 45-deg downward",51,5283,5750,15.59,bee_crops/PSBB-CHN-004_video_02_track_51.jpg,BEE_EVENT_CHN_01357,0,New Unique Individual
PSBB-CHN-005_video_01.mp4,7/23/2026 7:46,"32C, Partly Cloudy",1.33,Low - mixed ornamental planting,1m to bare soil,15,"0.9m height, 40-deg downward",83,4642,4734,3.09,bee_crops/PSBB-CHN-005_video_01_track_83.jpg,BEE_EVENT_CHN_01358,0.387,New Unique Individual
PSBB-CHN-003_video_12.mp4,8/14/2026 9:42,"33C, Partly Cloudy",2.7,High - jasmine,2m to bare soil,15,"0.8m height, 45-deg downward",82,4938,5137,6.68,bee_crops/PSBB-CHN-003_video_12_track_82.jpg,BEE_EVENT_CHN_01359,0,New Unique Individual
PSBB-CHN-004_video_04.mp4,8/28/2026 7:17,"28C, Humid/Sunny",0.93,High - jasmine,6m to leaf litter,15,"0.9m height, 40-deg downward",29,735,1014,9.34,bee_crops/PSBB-CHN-004_video_04_track_29.jpg,BEE_EVENT_CHN_01360,0,New Unique Individual
PSBB-CHN-001_video_07.mp4,8/31/2026 8:31,"35C, Sunny",3.06,High - lantana,6m to leaf litter,15,"1.0m height, 45-deg downward",29,3588,3791,6.81,bee_crops/PSBB-CHN-001_video_07_track_29.jpg,BEE_EVENT_CHN_01361,0,New Unique Individual
PSBB-CHN-004_video_12.mp4,7/24/2026 16:43,"30C, Sunny",1.71,High - bougainvillea,2m to bare soil,15,"1.0m height, 45-deg downward",40,4488,4565,2.6,bee_crops/PSBB-CHN-004_video_12_track_40.jpg,BEE_EVENT_CHN_01362,0.455,New Unique Individual
PSBB-CHN-004_video_06.mp4,8/16/2026 16:24,"28C, Partly Cloudy",3.08,High - jasmine,8m to tree/shrub edge,15,"1.0m height, 45-deg downward",26,41,224,6.13,bee_crops/PSBB-CHN-004_video_06_track_26.jpg,BEE_EVENT_CHN_01363,0,New Unique Individual
PSBB-CHN-003_video_03.mp4,7/31/2026 16:34,"29C, Cloudy",3.5,Medium - marigold,3m to planted soil,15,"1.2m height, 50-deg downward",24,3753,4047,9.84,bee_crops/PSBB-CHN-003_video_03_track_24.jpg,BEE_EVENT_CHN_01363,0.627,Re-entry (P=63%)
PSBB-CHN-005_video_02.mp4,7/6/2026 8:48,"35C, Sunny",1.53,High - jasmine,2m to bare soil,15,"1.0m height, 45-deg downward",69,44,495,15.07,bee_crops/PSBB-CHN-005_video_02_track_69.jpg,BEE_EVENT_CHN_01363,0.844,Re-entry (P=84%)
PSBB-CHN-001_video_04.mp4,8/8/2026 10:21,"32C, Cloudy",1.42,Medium - zinnia,3m to planted soil,15,"0.8m height, 45-deg downward",7,4149,4409,8.71,bee_crops/PSBB-CHN-001_video_04_track_7.jpg,BEE_EVENT_CHN_01364,0,New Unique Individual
PSBB-CHN-001_video_06.mp4,8/27/2026 15:11,"31C, Partly Cloudy",2.63,Medium - mixed flowering ornamentals,1m to bare soil,15,"0.8m height, 45-deg downward",14,1876,2017,4.74,bee_crops/PSBB-CHN-001_video_06_track_14.jpg,BEE_EVENT_CHN_01365,0,New Unique Individual
PSBB-CHN-005_video_06.mp4,8/19/2026 8:22,"31C, Sunny",1.28,High - bougainvillea,2m to bare soil,15,"1.2m height, 50-deg downward",62,337,496,5.32,bee_crops/PSBB-CHN-005_video_06_track_62.jpg,BEE_EVENT_CHN_01366,0,New Unique Individual
PSBB-CHN-004_video_03.mp4,8/18/2026 8:19,"35C, Sunny",3,Medium - tropical garden mix,1m to bare soil,15,"1.0m height, 45-deg downward",30,4858,5401,18.12,bee_crops/PSBB-CHN-004_video_03_track_30.jpg,BEE_EVENT_CHN_01367,0,New Unique Individual
PSBB-CHN-003_video_08.mp4,8/26/2026 9:13,"27C, Humid/Sunny",3.17,Low - mixed ornamental planting,3m to planted soil,15,"0.9m height, 40-deg downward",47,3004,3106,3.43,bee_crops/PSBB-CHN-003_video_08_track_47.jpg,BEE_EVENT_CHN_01368,0,New Unique Individual
PSBB-CHN-003_video_07.mp4,7/5/2026 9:26,"35C, Sunny",1.35,High - ixora,3m to planted soil,15,"1.2m height, 50-deg downward",80,2035,2163,4.29,bee_crops/PSBB-CHN-003_video_07_track_80.jpg,BEE_EVENT_CHN_01369,0,New Unique Individual
PSBB-CHN-005_video_05.mp4,7/27/2026 10:29,"27C, Humid/Partly Cloudy",2.04,High - ixora,4m to shrub border,15,"0.9m height, 40-deg downward",45,2203,2438,7.87,bee_crops/PSBB-CHN-005_video_05_track_45.jpg,BEE_EVENT_CHN_01370,0,New Unique Individual
PSBB-CHN-004_video_05.mp4,7/11/2026 16:42,"29C, Sunny",1,High - ixora,3m to planted soil,15,"1.0m height, 45-deg downward",61,2893,3018,4.19,bee_crops/PSBB-CHN-004_video_05_track_61.jpg,BEE_EVENT_CHN_01371,0,New Unique Individual
PSBB-CHN-001_video_05.mp4,7/22/2026 15:15,"34C, Sunny",2.21,High - lantana,1m to bare soil,15,"1.2m height, 50-deg downward",11,2266,2366,3.36,bee_crops/PSBB-CHN-001_video_05_track_11.jpg,BEE_EVENT_CHN_01371,0.776,Re-entry (P=78%)
PSBB-CHN-002_video_03.mp4,7/5/2026 17:21,"34C, Cloudy",1.37,High - ixora,4m to shrub border,15,"0.9m height, 40-deg downward",4,2129,2292,5.45,bee_crops/PSBB-CHN-002_video_03_track_4.jpg,BEE_EVENT_CHN_01372,0,New Unique Individual
PSBB-CHN-005_video_10.mp4,7/3/2026 16:18,"32C, Cloudy",0.89,High - lantana,3m to planted soil,15,"0.9m height, 40-deg downward",17,2129,2407,9.3,bee_crops/PSBB-CHN-005_video_10_track_17.jpg,BEE_EVENT_CHN_01373,0.49,New Unique Individual
PSBB-CHN-005_video_04.mp4,7/8/2026 7:09,"29C, Humid/Sunny",2.97,Medium - marigold,8m to tree/shrub edge,15,"1.0m height, 45-deg downward",63,2228,2752,17.5,bee_crops/PSBB-CHN-005_video_04_track_63.jpg,BEE_EVENT_CHN_01374,0,New Unique Individual
PSBB-CHN-001_video_12.mp4,7/25/2026 7:14,"35C, Partly Cloudy",1.91,Medium - zinnia,1m to bare soil,15,"0.9m height, 40-deg downward",44,3082,3355,9.15,bee_crops/PSBB-CHN-001_video_12_track_44.jpg,BEE_EVENT_CHN_01375,0.447,New Unique Individual
PSBB-CHN-001_video_08.mp4,8/14/2026 17:39,"28C, Humid/Sunny",1.47,Medium - marigold,6m to leaf litter,15,"1.0m height, 45-deg downward",35,3104,3498,13.18,bee_crops/PSBB-CHN-001_video_08_track_35.jpg,BEE_EVENT_CHN_01376,0,New Unique Individual
PSBB-CHN-003_video_11.mp4,8/2/2026 15:14,"32C, Cloudy",1.36,Medium - marigold,2m to bare soil,15,"1.0m height, 45-deg downward",49,3204,3519,10.54,bee_crops/PSBB-CHN-003_video_11_track_49.jpg,BEE_EVENT_CHN_01377,0,New Unique Individual
PSBB-CHN-004_video_05.mp4,8/12/2026 7:22,"35C, Humid/Partly Cloudy",2.49,Medium - marigold,1m to bare soil,15,"0.9m height, 40-deg downward",26,3087,3358,9.06,bee_crops/PSBB-CHN-004_video_05_track_26.jpg,BEE_EVENT_CHN_01378,0,New Unique Individual
PSBB-CHN-001_video_05.mp4,8/24/2026 7:07,"29C, Sunny",3.55,Low - mixed ornamental planting,4m to shrub border,15,"0.8m height, 45-deg downward",58,1575,1994,14.01,bee_crops/PSBB-CHN-001_video_05_track_58.jpg,BEE_EVENT_CHN_01379,0,New Unique Individual
PSBB-CHN-003_video_04.mp4,8/9/2026 15:08,"35C, Humid/Partly Cloudy",3.73,High - jasmine,3m to planted soil,15,"1.2m height, 50-deg downward",11,1577,1854,9.27,bee_crops/PSBB-CHN-003_video_04_track_11.jpg,BEE_EVENT_CHN_01380,0,New Unique Individual
PSBB-CHN-003_video_11.mp4,8/27/2026 17:31,"30C, Cloudy",1.69,Low - mixed ornamental planting,6m to leaf litter,15,"1.0m height, 45-deg downward",72,3532,3775,8.13,bee_crops/PSBB-CHN-003_video_11_track_72.jpg,BEE_EVENT_CHN_01380,0.578,Re-entry (P=58%)
PSBB-CHN-003_video_06.mp4,8/28/2026 10:48,"31C, Humid/Sunny",3.23,Medium - mixed flowering ornamentals,4m to shrub border,15,"1.2m height, 50-deg downward",47,1144,1723,19.35,bee_crops/PSBB-CHN-003_video_06_track_47.jpg,BEE_EVENT_CHN_01381,0.38,New Unique Individual
PSBB-CHN-002_video_03.mp4,8/17/2026 9:50,"33C, Humid/Partly Cloudy",3.63,Medium - marigold,2m to bare soil,15,"1.0m height, 45-deg downward",89,2059,2755,23.24,bee_crops/PSBB-CHN-002_video_03_track_89.jpg,BEE_EVENT_CHN_01382,0,New Unique Individual
PSBB-CHN-004_video_10.mp4,8/23/2026 9:25,"30C, Humid/Sunny",2.57,Medium - mixed flowering ornamentals,2m to bare soil,15,"1.2m height, 50-deg downward",45,1435,1582,4.93,bee_crops/PSBB-CHN-004_video_10_track_45.jpg,BEE_EVENT_CHN_01383,0,New Unique Individual
PSBB-CHN-004_video_12.mp4,7/5/2026 16:22,"30C, Humid/Partly Cloudy",2.68,High - hibiscus,3m to planted soil,15,"0.9m height, 40-deg downward",33,3761,4284,17.48,bee_crops/PSBB-CHN-004_video_12_track_33.jpg,BEE_EVENT_CHN_01384,0,New Unique Individual
PSBB-CHN-001_video_10.mp4,7/31/2026 8:01,"31C, Humid/Sunny",3.73,Medium - tropical garden mix,2m to bare soil,15,"1.2m height, 50-deg downward",75,3401,3576,5.86,bee_crops/PSBB-CHN-001_video_10_track_75.jpg,BEE_EVENT_CHN_01384,0.617,Re-entry (P=62%)
PSBB-CHN-005_video_09.mp4,7/29/2026 7:13,"32C, Partly Cloudy",2.12,High - hibiscus,6m to leaf litter,15,"1.2m height, 50-deg downward",25,4541,4853,10.43,bee_crops/PSBB-CHN-005_video_09_track_25.jpg,BEE_EVENT_CHN_01384,0.509,Re-entry (P=51%)
PSBB-CHN-005_video_03.mp4,8/26/2026 10:45,"33C, Sunny",2.52,Medium - zinnia,4m to shrub border,15,"0.8m height, 45-deg downward",72,3675,3945,9.04,bee_crops/PSBB-CHN-005_video_03_track_72.jpg,BEE_EVENT_CHN_01385,0,New Unique Individual
PSBB-CHN-005_video_11.mp4,7/18/2026 8:33,"29C, Sunny",0.99,Medium - mixed flowering ornamentals,6m to leaf litter,15,"0.9m height, 40-deg downward",27,3240,3507,8.93,bee_crops/PSBB-CHN-005_video_11_track_27.jpg,BEE_EVENT_CHN_01386,0,New Unique Individual
PSBB-CHN-005_video_06.mp4,7/30/2026 7:41,"30C, Humid/Partly Cloudy",2.26,Low - mixed ornamental planting,3m to planted soil,15,"0.9m height, 40-deg downward",5,3961,4580,20.65,bee_crops/PSBB-CHN-005_video_06_track_5.jpg,BEE_EVENT_CHN_01387,0,New Unique Individual
PSBB-CHN-004_video_03.mp4,7/7/2026 10:28,"30C, Partly Cloudy",1.51,High - ixora,4m to shrub border,15,"1.0m height, 45-deg downward",77,4401,4858,15.27,bee_crops/PSBB-CHN-004_video_03_track_77.jpg,BEE_EVENT_CHN_01388,0,New Unique Individual
PSBB-CHN-002_video_04.mp4,7/26/2026 16:16,"32C, Cloudy",1.42,High - ixora,1m to bare soil,15,"1.0m height, 45-deg downward",62,4278,4595,10.61,bee_crops/PSBB-CHN-002_video_04_track_62.jpg,BEE_EVENT_CHN_01388,0.821,Re-entry (P=82%)
PSBB-CHN-002_video_12.mp4,7/13/2026 17:47,"33C, Cloudy",2.54,High - bougainvillea,2m to bare soil,15,"0.8m height, 45-deg downward",39,2368,2652,9.49,bee_crops/PSBB-CHN-002_video_12_track_39.jpg,BEE_EVENT_CHN_01389,0.428,New Unique Individual
PSBB-CHN-003_video_02.mp4,7/10/2026 15:35,"28C, Sunny",1.98,High - bougainvillea,2m to bare soil,15,"0.8m height, 45-deg downward",9,3072,3434,12.1,bee_crops/PSBB-CHN-003_video_02_track_9.jpg,BEE_EVENT_CHN_01390,0.484,New Unique Individual
PSBB-CHN-004_video_07.mp4,7/10/2026 7:33,"27C, Sunny",3.6,High - ixora,3m to planted soil,15,"0.8m height, 45-deg downward",18,4423,4676,8.48,bee_crops/PSBB-CHN-004_video_07_track_18.jpg,BEE_EVENT_CHN_01391,0,New Unique Individual
PSBB-CHN-005_video_02.mp4,7/9/2026 16:14,"33C, Cloudy",0.73,High - bougainvillea,2m to bare soil,15,"0.9m height, 40-deg downward",40,1500,2092,19.78,bee_crops/PSBB-CHN-005_video_02_track_40.jpg,BEE_EVENT_CHN_01392,0,New Unique Individual
PSBB-CHN-004_video_05.mp4,7/8/2026 15:38,"33C, Partly Cloudy",2.87,High - jasmine,4m to shrub border,15,"1.2m height, 50-deg downward",18,2604,2830,7.58,bee_crops/PSBB-CHN-004_video_05_track_18.jpg,BEE_EVENT_CHN_01393,0,New Unique Individual
PSBB-CHN-004_video_01.mp4,7/24/2026 15:35,"29C, Humid/Sunny",3.4,Medium - marigold,3m to planted soil,15,"1.2m height, 50-deg downward",15,756,894,4.63,bee_crops/PSBB-CHN-004_video_01_track_15.jpg,BEE_EVENT_CHN_01394,0,New Unique Individual
PSBB-CHN-002_video_09.mp4,8/5/2026 9:16,"35C, Cloudy",2.81,Low - mixed ornamental planting,3m to planted soil,15,"0.8m height, 45-deg downward",89,1026,1153,4.27,bee_crops/PSBB-CHN-002_video_09_track_89.jpg,BEE_EVENT_CHN_01395,0,New Unique Individual
PSBB-CHN-003_video_10.mp4,7/6/2026 16:16,"31C, Partly Cloudy",3.09,High - jasmine,4m to shrub border,15,"1.0m height, 45-deg downward",35,4987,5058,2.41,bee_crops/PSBB-CHN-003_video_10_track_35.jpg,BEE_EVENT_CHN_01396,0,New Unique Individual
PSBB-CHN-005_video_03.mp4,7/13/2026 10:38,"35C, Cloudy",3.12,High - hibiscus,4m to shrub border,15,"1.0m height, 45-deg downward",3,4341,4669,10.98,bee_crops/PSBB-CHN-005_video_03_track_3.jpg,BEE_EVENT_CHN_01397,0.458,New Unique Individual
PSBB-CHN-003_video_03.mp4,7/4/2026 16:50,"29C, Sunny",2.32,Medium - zinnia,2m to bare soil,15,"0.9m height, 40-deg downward",9,1063,1225,5.42,bee_crops/PSBB-CHN-003_video_03_track_9.jpg,BEE_EVENT_CHN_01398,0.397,New Unique Individual
PSBB-CHN-001_video_08.mp4,7/14/2026 8:50,"33C, Humid/Partly Cloudy",1.13,High - bougainvillea,6m to leaf litter,15,"0.8m height, 45-deg downward",24,796,1067,9.08,bee_crops/PSBB-CHN-001_video_08_track_24.jpg,BEE_EVENT_CHN_01399,0.348,New Unique Individual
PSBB-CHN-001_video_09.mp4,8/19/2026 9:08,"33C, Cloudy",1.47,High - hibiscus,4m to shrub border,15,"1.2m height, 50-deg downward",42,2985,3124,4.67,bee_crops/PSBB-CHN-001_video_09_track_42.jpg,BEE_EVENT_CHN_01400,0,New Unique Individual
PSBB-CHN-003_video_10.mp4,7/20/2026 7:06,"32C, Cloudy",2.03,Medium - zinnia,4m to shrub border,15,"1.2m height, 50-deg downward",40,1351,1841,16.38,bee_crops/PSBB-CHN-003_video_10_track_40.jpg,BEE_EVENT_CHN_01401,0.389,New Unique Individual
PSBB-CHN-005_video_01.mp4,7/5/2026 8:26,"27C, Humid/Sunny",2.37,High - lantana,6m to leaf litter,15,"1.2m height, 50-deg downward",83,4433,5186,25.12,bee_crops/PSBB-CHN-005_video_01_track_83.jpg,BEE_EVENT_CHN_01402,0,New Unique Individual
PSBB-CHN-001_video_11.mp4,8/4/2026 8:31,"34C, Sunny",3.64,High - ixora,8m to tree/shrub edge,15,"0.8m height, 45-deg downward",15,817,989,5.76,bee_crops/PSBB-CHN-001_video_11_track_15.jpg,BEE_EVENT_CHN_01403,0,New Unique Individual
PSBB-CHN-003_video_11.mp4,7/22/2026 9:28,"35C, Humid/Partly Cloudy",1.61,Medium - marigold,4m to shrub border,15,"0.8m height, 45-deg downward",5,4653,5081,14.31,bee_crops/PSBB-CHN-003_video_11_track_5.jpg,BEE_EVENT_CHN_01404,0,New Unique Individual
PSBB-CHN-003_video_12.mp4,8/31/2026 7:07,"35C, Sunny",1.65,Medium - marigold,6m to leaf litter,15,"0.8m height, 45-deg downward",74,5239,5402,5.48,bee_crops/PSBB-CHN-003_video_12_track_74.jpg,BEE_EVENT_CHN_01404,0.599,Re-entry (P=60%)
PSBB-CHN-002_video_06.mp4,8/5/2026 16:01,"28C, Humid/Sunny",2.67,Medium - zinnia,1m to bare soil,15,"0.9m height, 40-deg downward",45,5338,5873,17.85,bee_crops/PSBB-CHN-002_video_06_track_45.jpg,BEE_EVENT_CHN_01405,0,New Unique Individual
PSBB-CHN-004_video_02.mp4,8/30/2026 15:00,"31C, Cloudy",3.02,Medium - zinnia,6m to leaf litter,15,"0.9m height, 40-deg downward",26,2592,2749,5.27,bee_crops/PSBB-CHN-004_video_02_track_26.jpg,BEE_EVENT_CHN_01405,0.672,Re-entry (P=67%)
PSBB-CHN-004_video_09.mp4,8/3/2026 10:05,"31C, Humid/Partly Cloudy",2.34,Medium - mixed flowering ornamentals,3m to planted soil,15,"0.9m height, 40-deg downward",8,2109,2185,2.56,bee_crops/PSBB-CHN-004_video_09_track_8.jpg,BEE_EVENT_CHN_01406,0,New Unique Individual
PSBB-CHN-002_video_08.mp4,8/10/2026 7:38,"35C, Humid/Sunny",3.17,High - jasmine,4m to shrub border,15,"1.0m height, 45-deg downward",3,776,1259,16.15,bee_crops/PSBB-CHN-002_video_08_track_3.jpg,BEE_EVENT_CHN_01407,0,New Unique Individual
PSBB-CHN-003_video_02.mp4,8/21/2026 7:25,"28C, Partly Cloudy",2.79,High - lantana,4m to shrub border,15,"0.9m height, 40-deg downward",77,3208,3231,0.81,bee_crops/PSBB-CHN-003_video_02_track_77.jpg,BEE_EVENT_CHN_01408,0,New Unique Individual
PSBB-CHN-002_video_06.mp4,8/2/2026 8:48,"29C, Partly Cloudy",3.23,High - bougainvillea,3m to planted soil,15,"0.9m height, 40-deg downward",19,4471,4535,2.16,bee_crops/PSBB-CHN-002_video_06_track_19.jpg,BEE_EVENT_CHN_01409,0,New Unique Individual
PSBB-CHN-003_video_06.mp4,7/20/2026 7:03,"29C, Partly Cloudy",2.31,High - lantana,2m to bare soil,15,"1.0m height, 45-deg downward",25,1822,2115,9.79,bee_crops/PSBB-CHN-003_video_06_track_25.jpg,BEE_EVENT_CHN_01410,0,New Unique Individual
PSBB-CHN-002_video_06.mp4,7/5/2026 7:17,"28C, Humid/Partly Cloudy",1.55,High - ixora,8m to tree/shrub edge,15,"1.2m height, 50-deg downward",59,4314,4540,7.57,bee_crops/PSBB-CHN-002_video_06_track_59.jpg,BEE_EVENT_CHN_01411,0,New Unique Individual
PSBB-CHN-001_video_04.mp4,7/2/2026 15:43,"31C, Sunny",3.08,Medium - zinnia,4m to shrub border,15,"0.8m height, 45-deg downward",44,2229,2480,8.41,bee_crops/PSBB-CHN-001_video_04_track_44.jpg,BEE_EVENT_CHN_01412,0,New Unique Individual
PSBB-CHN-005_video_06.mp4,8/26/2026 9:46,"32C, Cloudy",0.89,High - bougainvillea,4m to shrub border,15,"0.9m height, 40-deg downward",51,1000,1246,8.24,bee_crops/PSBB-CHN-005_video_06_track_51.jpg,BEE_EVENT_CHN_01413,0,New Unique Individual
PSBB-CHN-001_video_08.mp4,7/31/2026 8:05,"31C, Partly Cloudy",1.58,High - ixora,1m to bare soil,15,"0.8m height, 45-deg downward",42,886,1308,14.11,bee_crops/PSBB-CHN-001_video_08_track_42.jpg,BEE_EVENT_CHN_01413,0.735,Re-entry (P=73%)
PSBB-CHN-004_video_03.mp4,7/18/2026 17:07,"32C, Humid/Partly Cloudy",1.91,Low - mixed ornamental planting,3m to planted soil,15,"1.2m height, 50-deg downward",16,3428,3616,6.29,bee_crops/PSBB-CHN-004_video_03_track_16.jpg,BEE_EVENT_CHN_01413,0.766,Re-entry (P=77%)
PSBB-CHN-003_video_07.mp4,8/18/2026 9:34,"28C, Cloudy",2.71,Medium - zinnia,1m to bare soil,15,"0.8m height, 45-deg downward",8,131,199,2.3,bee_crops/PSBB-CHN-003_video_07_track_8.jpg,BEE_EVENT_CHN_01414,0,New Unique Individual
PSBB-CHN-003_video_09.mp4,7/8/2026 17:03,"35C, Sunny",2.71,High - ixora,3m to planted soil,15,"0.9m height, 40-deg downward",30,1866,2017,5.06,bee_crops/PSBB-CHN-003_video_09_track_30.jpg,BEE_EVENT_CHN_01415,0,New Unique Individual
PSBB-CHN-003_video_06.mp4,8/15/2026 7:33,"30C, Humid/Sunny",3.79,High - ixora,4m to shrub border,15,"0.9m height, 40-deg downward",5,3368,3622,8.5,bee_crops/PSBB-CHN-003_video_06_track_5.jpg,BEE_EVENT_CHN_01415,0.688,Re-entry (P=69%)
PSBB-CHN-004_video_04.mp4,8/3/2026 8:06,"34C, Partly Cloudy",2.86,High - ixora,2m to bare soil,15,"1.0m height, 45-deg downward",72,3262,3546,9.51,bee_crops/PSBB-CHN-004_video_04_track_72.jpg,BEE_EVENT_CHN_01416,0,New Unique Individual
PSBB-CHN-001_video_02.mp4,7/16/2026 16:36,"27C, Sunny",3.43,Low - mixed ornamental planting,6m to leaf litter,15,"1.0m height, 45-deg downward",89,3880,4058,5.96,bee_crops/PSBB-CHN-001_video_02_track_89.jpg,BEE_EVENT_CHN_01417,0,New Unique Individual
PSBB-CHN-003_video_06.mp4,7/23/2026 9:18,"34C, Partly Cloudy",3.07,Medium - tropical garden mix,3m to planted soil,15,"1.2m height, 50-deg downward",25,57,381,10.84,bee_crops/PSBB-CHN-003_video_06_track_25.jpg,BEE_EVENT_CHN_01417,0.676,Re-entry (P=68%)
PSBB-CHN-004_video_11.mp4,8/17/2026 9:16,"30C, Humid/Sunny",2.74,High - jasmine,4m to shrub border,15,"1.2m height, 50-deg downward",14,5085,5319,7.83,bee_crops/PSBB-CHN-004_video_11_track_14.jpg,BEE_EVENT_CHN_01418,0,New Unique Individual
PSBB-CHN-001_video_09.mp4,8/24/2026 15:21,"29C, Partly Cloudy",2.04,High - ixora,1m to bare soil,15,"1.0m height, 45-deg downward",58,1358,1449,3.07,bee_crops/PSBB-CHN-001_video_09_track_58.jpg,BEE_EVENT_CHN_01419,0.329,New Unique Individual
PSBB-CHN-004_video_02.mp4,7/25/2026 8:33,"32C, Partly Cloudy",1.58,High - bougainvillea,2m to bare soil,15,"0.8m height, 45-deg downward",64,3412,4180,25.64,bee_crops/PSBB-CHN-004_video_02_track_64.jpg,BEE_EVENT_CHN_01419,0.519,Re-entry (P=52%)
PSBB-CHN-004_video_09.mp4,7/7/2026 9:00,"30C, Humid/Partly Cloudy",2.14,High - hibiscus,1m to bare soil,15,"0.9m height, 40-deg downward",63,330,479,5.01,bee_crops/PSBB-CHN-004_video_09_track_63.jpg,BEE_EVENT_CHN_01420,0,New Unique Individual
PSBB-CHN-005_video_01.mp4,8/8/2026 15:27,"31C, Partly Cloudy",2.13,High - lantana,3m to planted soil,15,"0.8m height, 45-deg downward",33,3349,3886,17.93,bee_crops/PSBB-CHN-005_video_01_track_33.jpg,BEE_EVENT_CHN_01421,0.467,New Unique Individual
PSBB-CHN-001_video_08.mp4,8/24/2026 9:08,"27C, Cloudy",2.72,High - ixora,8m to tree/shrub edge,15,"0.8m height, 45-deg downward",78,2265,2578,10.48,bee_crops/PSBB-CHN-001_video_08_track_78.jpg,BEE_EVENT_CHN_01421,0.767,Re-entry (P=77%)
PSBB-CHN-002_video_01.mp4,7/15/2026 15:49,"29C, Partly Cloudy",1.04,Low - mixed ornamental planting,4m to shrub border,15,"0.8m height, 45-deg downward",6,3787,3889,3.42,bee_crops/PSBB-CHN-002_video_01_track_6.jpg,BEE_EVENT_CHN_01422,0,New Unique Individual
PSBB-CHN-002_video_03.mp4,7/13/2026 7:41,"31C, Humid/Sunny",0.73,Medium - mixed flowering ornamentals,8m to tree/shrub edge,15,"0.8m height, 45-deg downward",28,3312,3484,5.78,bee_crops/PSBB-CHN-002_video_03_track_28.jpg,BEE_EVENT_CHN_01423,0.389,New Unique Individual
PSBB-CHN-002_video_10.mp4,8/22/2026 16:10,"33C, Humid/Sunny",3.49,Low - mixed ornamental planting,6m to leaf litter,15,"0.9m height, 40-deg downward",27,3364,3462,3.29,bee_crops/PSBB-CHN-002_video_10_track_27.jpg,BEE_EVENT_CHN_01423,0.743,Re-entry (P=74%)
PSBB-CHN-004_video_07.mp4,7/20/2026 9:23,"34C, Partly Cloudy",3.25,Medium - mixed flowering ornamentals,2m to bare soil,15,"0.8m height, 45-deg downward",26,136,339,6.79,bee_crops/PSBB-CHN-004_video_07_track_26.jpg,BEE_EVENT_CHN_01424,0,New Unique Individual
PSBB-CHN-002_video_08.mp4,8/26/2026 8:17,"35C, Partly Cloudy",3.8,High - ixora,3m to planted soil,15,"1.0m height, 45-deg downward",1,938,1043,3.55,bee_crops/PSBB-CHN-002_video_08_track_1.jpg,BEE_EVENT_CHN_01425,0,New Unique Individual
PSBB-CHN-001_video_08.mp4,7/28/2026 10:44,"33C, Sunny",2.7,High - lantana,6m to leaf litter,15,"0.9m height, 40-deg downward",52,3174,3263,2.99,bee_crops/PSBB-CHN-001_video_08_track_52.jpg,BEE_EVENT_CHN_01426,0.466,New Unique Individual
PSBB-CHN-004_video_11.mp4,7/3/2026 15:47,"30C, Sunny",2.71,High - jasmine,1m to bare soil,15,"0.8m height, 45-deg downward",32,778,975,6.6,bee_crops/PSBB-CHN-004_video_11_track_32.jpg,BEE_EVENT_CHN_01427,0,New Unique Individual
PSBB-CHN-004_video_01.mp4,7/20/2026 8:18,"32C, Sunny",1.81,High - hibiscus,1m to bare soil,15,"1.0m height, 45-deg downward",12,1504,2161,21.93,bee_crops/PSBB-CHN-004_video_01_track_12.jpg,BEE_EVENT_CHN_01428,0,New Unique Individual
PSBB-CHN-001_video_11.mp4,8/2/2026 9:34,"33C, Humid/Partly Cloudy",0.86,Medium - marigold,2m to bare soil,15,"1.2m height, 50-deg downward",87,4670,5007,11.27,bee_crops/PSBB-CHN-001_video_11_track_87.jpg,BEE_EVENT_CHN_01428,0.604,Re-entry (P=60%)
PSBB-CHN-004_video_10.mp4,8/26/2026 16:48,"27C, Sunny",2.66,Low - mixed ornamental planting,6m to leaf litter,15,"1.2m height, 50-deg downward",16,2622,2739,3.93,bee_crops/PSBB-CHN-004_video_10_track_16.jpg,BEE_EVENT_CHN_01429,0,New Unique Individual
PSBB-CHN-005_video_12.mp4,8/2/2026 9:11,"32C, Sunny",3.78,High - lantana,6m to leaf litter,15,"1.2m height, 50-deg downward",3,656,804,4.98,bee_crops/PSBB-CHN-005_video_12_track_3.jpg,BEE_EVENT_CHN_01430,0,New Unique Individual
PSBB-CHN-003_video_08.mp4,8/29/2026 16:45,"31C, Sunny",3.13,Medium - mixed flowering ornamentals,2m to bare soil,15,"1.2m height, 50-deg downward",49,871,1342,15.72,bee_crops/PSBB-CHN-003_video_08_track_49.jpg,BEE_EVENT_CHN_01431,0.485,New Unique Individual
PSBB-CHN-001_video_09.mp4,8/13/2026 9:40,"29C, Sunny",2.88,High - hibiscus,8m to tree/shrub edge,15,"1.2m height, 50-deg downward",37,1584,1876,9.76,bee_crops/PSBB-CHN-001_video_09_track_37.jpg,BEE_EVENT_CHN_01432,0.44,New Unique Individual
PSBB-CHN-002_video_02.mp4,7/12/2026 8:27,"30C, Cloudy",2.55,Medium - tropical garden mix,6m to leaf litter,15,"0.9m height, 40-deg downward",6,482,922,14.71,bee_crops/PSBB-CHN-002_video_02_track_6.jpg,BEE_EVENT_CHN_01432,0.628,Re-entry (P=63%)
PSBB-CHN-003_video_09.mp4,8/24/2026 15:48,"35C, Humid/Partly Cloudy",2.71,Medium - zinnia,6m to leaf litter,15,"0.9m height, 40-deg downward",23,1063,1648,19.54,bee_crops/PSBB-CHN-003_video_09_track_23.jpg,BEE_EVENT_CHN_01433,0,New Unique Individual
PSBB-CHN-001_video_08.mp4,8/1/2026 15:24,"27C, Sunny",1.21,Medium - mixed flowering ornamentals,8m to tree/shrub edge,15,"1.0m height, 45-deg downward",29,3887,4077,6.37,bee_crops/PSBB-CHN-001_video_08_track_29.jpg,BEE_EVENT_CHN_01434,0,New Unique Individual
PSBB-CHN-004_video_05.mp4,7/28/2026 10:05,"34C, Humid/Sunny",3.8,Medium - tropical garden mix,1m to bare soil,15,"1.2m height, 50-deg downward",49,147,454,10.25,bee_crops/PSBB-CHN-004_video_05_track_49.jpg,BEE_EVENT_CHN_01435,0,New Unique Individual
PSBB-CHN-004_video_12.mp4,8/6/2026 17:21,"31C, Humid/Sunny",2.45,High - jasmine,1m to bare soil,15,"1.0m height, 45-deg downward",31,4087,4288,6.73,bee_crops/PSBB-CHN-004_video_12_track_31.jpg,BEE_EVENT_CHN_01435,0.898,Re-entry (P=90%)
PSBB-CHN-003_video_05.mp4,8/27/2026 8:29,"28C, Sunny",0.93,High - hibiscus,1m to bare soil,15,"0.9m height, 40-deg downward",46,1588,1674,2.9,bee_crops/PSBB-CHN-003_video_05_track_46.jpg,BEE_EVENT_CHN_01436,0,New Unique Individual
PSBB-CHN-001_video_10.mp4,7/18/2026 15:21,"31C, Partly Cloudy",2.41,Medium - tropical garden mix,3m to planted soil,15,"0.8m height, 45-deg downward",84,3083,3286,6.8,bee_crops/PSBB-CHN-001_video_10_track_84.jpg,BEE_EVENT_CHN_01436,0.54,Re-entry (P=54%)
PSBB-CHN-001_video_11.mp4,7/5/2026 8:30,"34C, Humid/Sunny",0.85,High - hibiscus,1m to bare soil,15,"0.9m height, 40-deg downward",40,2076,2239,5.47,bee_crops/PSBB-CHN-001_video_11_track_40.jpg,BEE_EVENT_CHN_01437,0,New Unique Individual
PSBB-CHN-003_video_05.mp4,7/1/2026 8:14,"33C, Humid/Partly Cloudy",0.85,Medium - tropical garden mix,4m to shrub border,15,"0.8m height, 45-deg downward",47,4974,5784,27.02,bee_crops/PSBB-CHN-003_video_05_track_47.jpg,BEE_EVENT_CHN_01438,0,New Unique Individual
PSBB-CHN-005_video_10.mp4,8/31/2026 15:36,"29C, Humid/Sunny",1.95,High - jasmine,2m to bare soil,15,"1.2m height, 50-deg downward",12,2479,2548,2.34,bee_crops/PSBB-CHN-005_video_10_track_12.jpg,BEE_EVENT_CHN_01439,0.37,New Unique Individual
PSBB-CHN-005_video_04.mp4,8/22/2026 15:27,"29C, Sunny",2.11,High - hibiscus,6m to leaf litter,15,"0.8m height, 45-deg downward",10,3278,3356,2.62,bee_crops/PSBB-CHN-005_video_04_track_10.jpg,BEE_EVENT_CHN_01440,0,New Unique Individual
PSBB-CHN-004_video_07.mp4,7/31/2026 17:26,"31C, Partly Cloudy",2.81,Medium - mixed flowering ornamentals,6m to leaf litter,15,"1.0m height, 45-deg downward",9,4174,4506,11.1,bee_crops/PSBB-CHN-004_video_07_track_9.jpg,BEE_EVENT_CHN_01441,0,New Unique Individual
PSBB-CHN-001_video_05.mp4,7/11/2026 10:09,"34C, Sunny",2.43,High - bougainvillea,8m to tree/shrub edge,15,"1.0m height, 45-deg downward",3,3685,3986,10.05,bee_crops/PSBB-CHN-001_video_05_track_3.jpg,BEE_EVENT_CHN_01442,0,New Unique Individual
PSBB-CHN-004_video_11.mp4,7/14/2026 15:35,"28C, Cloudy",3.64,Low - mixed ornamental planting,8m to tree/shrub edge,15,"1.2m height, 50-deg downward",29,4934,5614,22.69,bee_crops/PSBB-CHN-004_video_11_track_29.jpg,BEE_EVENT_CHN_01443,0,New Unique Individual
PSBB-CHN-003_video_02.mp4,7/16/2026 10:35,"34C, Partly Cloudy",0.93,Medium - tropical garden mix,2m to bare soil,15,"0.9m height, 40-deg downward",60,3960,4150,6.36,bee_crops/PSBB-CHN-003_video_02_track_60.jpg,BEE_EVENT_CHN_01444,0,New Unique Individual
PSBB-CHN-001_video_08.mp4,8/7/2026 9:01,"28C, Cloudy",1.44,Medium - tropical garden mix,1m to bare soil,15,"1.0m height, 45-deg downward",78,2386,2610,7.5,bee_crops/PSBB-CHN-001_video_08_track_78.jpg,BEE_EVENT_CHN_01444,0.535,Re-entry (P=53%)
PSBB-CHN-003_video_02.mp4,7/5/2026 8:46,"29C, Humid/Partly Cloudy",3.33,High - jasmine,4m to shrub border,15,"1.0m height, 45-deg downward",5,3705,3848,4.79,bee_crops/PSBB-CHN-003_video_02_track_5.jpg,BEE_EVENT_CHN_01445,0,New Unique Individual
PSBB-CHN-005_video_02.mp4,7/3/2026 10:42,"28C, Humid/Sunny",3.16,Low - mixed ornamental planting,6m to leaf litter,15,"1.0m height, 45-deg downward",14,365,542,5.95,bee_crops/PSBB-CHN-005_video_02_track_14.jpg,BEE_EVENT_CHN_01445,0.574,Re-entry (P=57%)
PSBB-CHN-003_video_04.mp4,7/18/2026 10:31,"27C, Cloudy",1.79,Medium - zinnia,2m to bare soil,15,"1.2m height, 50-deg downward",60,72,520,14.97,bee_crops/PSBB-CHN-003_video_04_track_60.jpg,BEE_EVENT_CHN_01445,0.662,Re-entry (P=66%)
PSBB-CHN-003_video_09.mp4,8/7/2026 7:11,"30C, Cloudy",1.03,High - ixora,2m to bare soil,15,"1.2m height, 50-deg downward",43,1555,2770,40.54,bee_crops/PSBB-CHN-003_video_09_track_43.jpg,BEE_EVENT_CHN_01446,0,New Unique Individual
PSBB-CHN-004_video_02.mp4,7/29/2026 17:27,"28C, Humid/Sunny",3.79,Medium - zinnia,2m to bare soil,15,"0.8m height, 45-deg downward",33,659,902,8.12,bee_crops/PSBB-CHN-004_video_02_track_33.jpg,BEE_EVENT_CHN_01447,0,New Unique Individual
